record_id,date,city,ward,road_name,latitude,longitude,rainfall_mm,humidity_percent,traffic_density_vph,road_age_years,vehicle_load_tons,drainage_quality_score,risk_label
RRA-00001,2025-04-02,Bangalore,Marathahalli Ward,Outer Ring Road,12.955913,77.71654,11.55,45.83,2021.0,15.6,7.49,54.34,Medium
RRA-00002,2025-01-11,Delhi,Dwarka Ward,NH48 Highway,28.592232,77.042675,8.2,47.95,824.3,3.7,13.47,33.75,Low
RRA-00003,2025-02-21,Delhi,Azadpur Ward,GT Karnal Road,28.717729,77.162284,6.68,41.1,514.1,8.5,14.26,55.67,Low
RRA-00004,2025-01-11,Pune,Vadgaon Sheri Ward,Nagar Road,18.558334,73.915014,4.69,51.19,1390.8,27.7,6.38,20.82,Medium
RRA-00005,2025-02-12,Pune,Vadgaon Sheri Ward,Nagar Road,18.55529,73.908403,5.87,45.25,,27.7,8.76,20.82,Medium
RRA-00006,2025-01-11,Pune,Baner Ward,Baner Road,18.556296,73.786654,6.93,47.41,2892.1,6.4,30.61,70.82,High
RRA-00007,2025-12-23,Bangalore,Electronic City Ward,Hosur Road,12.852686,77.661637,11.14,47.37,2459.9,3.2,10.02,45.63,Medium
RRA-00008,2025-11-09,Bangalore,HAL Ward,Old Airport Road,12.956454,77.644343,14.56,45.73,995.2,5.6,15.71,58.83,Low
RRA-00009,2025-09-25,Pune,Bibwewadi Ward,Pune Satara Road,18.465106,73.862528,18.02,57.04,1441.4,27.2,5.36,53.6,Medium
RRA-00010,2025-01-24,Mumbai,Andheri Ward,Western Express Highway,19.125832,72.838298,6.64,49.63,1462.6,18.2,9.76,59.23,Medium
RRA-00011,2025-03-24,Hyderabad,Hussain Sagar Ward,Tank Bund Road,17.429409,78.473861,3.36,50.39,691.4,22.2,15.03,26.42,Medium
RRA-00012,2025-04-22,Chennai,Teynampet Ward,Anna Salai,13.040677,80.245877,25.69,63.98,2270.7,26.0,19.04,24.53,Critical
RRA-00013,2025-01-19,Delhi,Azadpur Ward,GT Karnal Road,28.704604,77.173022,4.41,59.47,1399.7,8.5,14.44,55.67,Low
RRA-00014,2025-01-28,Chennai,Koyambedu Ward,Poonamallee High Road,13.067691,80.19529,6.0,47.82,677.3,2.5,12.97,52.88,Low
RRA-00015,2025-11-02,Bangalore,Kengeri Ward,Mysore Road,12.905949,77.486311,,47.44,504.5,10.9,2.47,33.33,Low
RRA-00016,2025-12-04,Bangalore,Electronic City Ward,Hosur Road,12.85695,77.657513,3.81,32.1,994.2,3.2,19.86,45.63,Low
RRA-00017,2025-04-19,Bangalore,Kengeri Ward,Mysore Road,12.908201,77.492696,5.65,41.87,983.5,10.9,22.78,33.33,Medium
RRA-00018,2025-10-15,Hyderabad,Banjara Hills Ward,Banjara Hills Road No 12,17.416504,78.435567,19.94,52.83,1564.6,24.5,12.66,34.45,High
RRA-00019,2025-09-27,Pune,Vadgaon Sheri Ward,Nagar Road,18.550016,73.919707,14.29,46.98,1278.5,27.7,13.55,20.82,High
RRA-00020,2025-06-19,Chennai,Koyambedu Ward,Poonamallee High Road,13.071479,80.198538,15.0,56.31,1191.5,2.5,12.36,52.88,Low
RRA-00021,2025-07-10,Hyderabad,Uppal Ward,Uppal Road,17.400568,78.562761,35.98,67.57,1404.1,22.8,6.51,33.72,High
RRA-00022,2025-03-04,Bangalore,HAL Ward,Old Airport Road,12.958722,77.639828,8.84,47.48,1483.3,5.6,13.66,58.83,Low
RRA-00023,2025-09-22,Delhi,Laxmi Nagar Ward,Vikas Marg,28.628984,77.270393,20.88,58.32,1497.8,9.6,17.03,24.48,Medium
RRA-00024,2025-12-08,Hyderabad,Uppal Ward,Uppal Road,17.405465,78.549464,14.1,59.43,1181.4,22.8,13.49,33.72,High
RRA-00025,2025-07-12,Hyderabad,Banjara Hills Ward,Banjara Hills Road No 12,17.408827,78.425311,40.58,74.77,808.8,24.5,6.09,34.45,High
RRA-00026,2025-07-07,Hyderabad,Banjara Hills Ward,Banjara Hills Road No 12,17.411271,78.427764,34.98,58.69,1413.1,24.5,14.14,34.45,High
RRA-00027,2025-09-19,Chennai,Neelankarai Ward,East Coast Road,12.961879,80.260829,28.65,62.88,2775.5,26.6,38.13,44.7,Critical
RRA-00028,2025-06-05,Mumbai,Malad Ward,Link Road,19.180493,72.849445,53.68,73.57,528.9,27.8,9.95,34.41,Critical
RRA-00029,2025-05-28,Hyderabad,Uppal Ward,Uppal Road,17.399882,78.566396,13.53,58.82,626.7,22.8,8.2,33.72,Medium
RRA-00030,2025-03-29,Chennai,Sholinganallur Ward,Old Mahabalipuram Road,12.906416,80.220272,7.21,48.29,513.0,8.9,7.15,46.95,Low
RRA-00031,2025-06-29,Chennai,Koyambedu Ward,Poonamallee High Road,13.077709,80.189466,9.65,51.07,1014.7,2.5,9.67,52.88,Low
RRA-00032,2025-12-13,Bangalore,Bannerghatta Ward,Bannerghatta Road,12.895018,77.604454,6.26,49.84,1668.1,27.2,10.46,33.99,High
RRA-00033,2025-11-13,Bangalore,Marathahalli Ward,Outer Ring Road,12.954891,77.696808,3.17,44.42,1444.1,15.6,7.07,54.34,Low
RRA-00034,2025-10-21,Hyderabad,Banjara Hills Ward,Banjara Hills Road No 12,17.432985,78.437351,7.7,40.91,609.9,24.5,21.39,34.45,Medium
RRA-00035,2025-02-24,Hyderabad,Hussain Sagar Ward,Tank Bund Road,17.425202,78.47306,10.83,44.18,2315.7,22.2,9.09,26.42,High
RRA-00036,2025-02-27,Chennai,Tambaram Ward,GST Road,12.93256,80.099474,3.07,43.68,780.0,27.5,21.68,8.73,High
RRA-00037,2025-11-13,Delhi,Dwarka Ward,NH48 Highway,28.58407,77.056754,3.76,39.84,790.0,3.7,7.88,33.75,Low
RRA-00038,2025-08-07,Delhi,Dhaula Kuan Ward,Outer Ring Road,28.59,77.175683,52.65,73.15,1221.7,27.2,10.76,32.72,Critical
RRA-00039,2025-02-14,Hyderabad,Uppal Ward,Uppal Road,17.398326,78.562913,5.06,46.12,1754.4,22.8,18.0,33.72,High
RRA-00040,2025-05-03,Bangalore,Bellandur Ward,Sarjapur Road,12.90893,77.677289,10.48,58.38,1331.6,21.0,10.54,33.19,Medium
RRA-00041,2025-11-28,Delhi,Nangloi Ward,Rohtak Road,28.678977,77.057937,2.61,50.12,878.5,7.7,22.29,55.52,Low
RRA-00042,2025-03-20,Pune,Vadgaon Sheri Ward,Nagar Road,18.563097,73.915434,10.54,47.05,589.4,27.7,7.76,20.82,Medium
RRA-00043,2025-08-22,Mumbai,Ghatkopar Ward,LBS Marg,19.093578,72.90594,,72.82,1029.6,8.0,20.06,64.75,Medium
RRA-00044,2025-11-20,Bangalore,Whitefield Ward,Whitefield Main Road,12.961136,77.752669,17.21,53.62,936.6,9.0,7.24,34.76,Low
RRA-00045,2025-12-16,Bangalore,Electronic City Ward,Hosur Road,12.836455,77.666707,2.65,37.56,1454.4,3.2,12.25,45.63,Low
RRA-00046,2025-04-02,Chennai,Neelankarai Ward,East Coast Road,12.953965,80.253894,4.85,47.61,622.2,26.6,14.94,44.7,Medium
RRA-00047,2025-01-10,Pune,Vadgaon Sheri Ward,Nagar Road,18.556701,73.916699,6.24,53.05,574.4,27.7,15.02,20.82,High
RRA-00048,2025-07-05,Bangalore,Marathahalli Ward,Outer Ring Road,12.953144,77.697546,40.65,67.22,1015.1,15.6,9.14,54.34,Medium
RRA-00049,2025-06-22,Mumbai,Thane Ward,Ghodbunder Road,19.242261,72.989461,62.71,77.33,1702.3,18.8,12.23,60.54,Critical
RRA-00050,2025-03-15,Bangalore,Whitefield Ward,Whitefield Main Road,12.969553,77.762955,6.2,40.38,1433.0,9.0,13.83,34.76,Low
RRA-00051,2025-06-26,Bangalore,Marathahalli Ward,Outer Ring Road,12.956076,77.699759,56.87,73.35,2324.9,15.6,11.99,54.34,Critical
RRA-00052,2025-10-09,Chennai,Neelankarai Ward,East Coast Road,12.964161,80.259073,30.28,67.14,519.3,26.6,13.67,44.7,High
RRA-00053,2025-03-24,Delhi,Nangloi Ward,Rohtak Road,28.6765,77.063311,6.0,45.6,838.6,7.7,6.06,55.52,Low
RRA-00054,2025-08-29,Mumbai,Malad Ward,Link Road,19.195599,72.854797,24.57,63.36,1745.4,27.8,4.21,34.41,High
RRA-00055,2025-10-27,Mumbai,Malad Ward,Link Road,19.184729,72.857397,9.51,54.59,2653.2,27.8,6.92,34.41,High
RRA-00056,2025-01-18,Chennai,Tambaram Ward,GST Road,12.924588,80.094322,9.62,48.43,431.9,27.5,7.35,8.73,Medium
RRA-00057,2025-08-01,Delhi,Nangloi Ward,Rohtak Road,28.683328,77.061989,39.05,76.39,100.0,7.7,9.58,55.52,Low
RRA-00058,2025-12-20,Bangalore,Marathahalli Ward,Outer Ring Road,12.941992,77.698427,13.37,60.36,819.3,15.6,8.88,54.34,Low
RRA-00059,2025-11-14,Delhi,Nangloi Ward,Rohtak Road,28.680029,77.058997,4.48,44.64,1249.2,7.7,9.2,55.52,Low
RRA-00060,2025-09-13,Pune,Katraj Ward,Katraj Dehu Road Bypass,18.437337,73.867315,22.36,50.42,1598.4,27.9,,10.35,High
RRA-00061,2025-01-28,Delhi,Nizamuddin Ward,Mathura Road,28.588971,77.256547,2.68,48.0,1642.3,15.6,6.15,61.4,Low
RRA-00062,2025-08-29,Bangalore,Bellandur Ward,Sarjapur Road,12.914548,77.689005,22.11,51.58,1192.5,21.0,16.7,33.19,High
RRA-00063,2025-01-18,Bangalore,HAL Ward,Old Airport Road,12.955689,77.63387,12.8,53.75,1436.5,5.6,13.09,58.83,Low
RRA-00064,2025-07-29,Delhi,Dhaula Kuan Ward,Outer Ring Road,28.586269,77.158907,38.94,81.06,2015.5,27.2,5.38,32.72,Critical
RRA-00065,2025-03-24,Pune,Bibwewadi Ward,Pune Satara Road,18.456336,73.866794,11.42,53.17,1906.7,27.2,16.34,53.6,High
RRA-00066,2025-05-10,Bangalore,Bannerghatta Ward,Bannerghatta Road,12.894895,77.597511,11.41,45.19,1093.5,27.2,13.1,33.99,High
RRA-00067,2025-06-23,Delhi,Nizamuddin Ward,Mathura Road,28.57803,77.255564,38.47,64.76,1100.3,15.6,19.92,61.4,High
RRA-00068,2025-04-16,Hyderabad,Gachibowli Ward,Outer Ring Road,17.450632,78.380762,5.55,53.07,691.8,11.2,8.15,21.41,Low
RRA-00069,2025-03-06,Delhi,Dhaula Kuan Ward,Outer Ring Road,28.595568,77.153259,17.2,46.94,668.5,27.2,12.93,32.72,High
RRA-00070,2025-05-14,Delhi,Dwarka Ward,NH48 Highway,28.589076,77.050314,14.46,48.26,1270.7,3.7,5.17,33.75,Low
RRA-00071,2025-12-04,Bangalore,Kengeri Ward,Mysore Road,12.902538,77.481687,5.0,47.05,7759.774460996992,10.9,7.71,33.33,Medium
RRA-00072,2025-08-03,Mumbai,Andheri Ward,Western Express Highway,19.110012,72.851088,45.7,69.73,941.3,18.2,12.34,59.23,High
RRA-00073,2025-03-25,Chennai,Sholinganallur Ward,Old Mahabalipuram Road,12.895433,80.222866,4.03,46.17,,8.9,16.47,46.95,Low
RRA-00074,2025-04-22,Mumbai,Chembur Ward,Eastern Express Highway,19.045898,72.892816,21.52,54.74,100.0,22.7,16.26,49.17,Medium
RRA-00075,2025-08-27,Bangalore,Bannerghatta Ward,Bannerghatta Road,12.893951,77.60176,30.91,58.95,822.4,27.2,17.01,33.99,High
RRA-00076,2025-11-29,Pune,Baner Ward,Baner Road,18.557533,73.783593,3.17,48.95,1625.9,6.4,14.23,70.82,Low
RRA-00077,2025-08-25,Chennai,Neelankarai Ward,East Coast Road,12.949494,80.264191,17.0,62.04,877.8,26.6,11.49,44.7,High
RRA-00078,2025-09-21,Bangalore,Bannerghatta Ward,Bannerghatta Road,12.903558,77.595196,18.05,59.24,1895.3,27.2,4.44,33.99,High
RRA-00079,2025-12-10,Delhi,Nizamuddin Ward,Mathura Road,28.601421,77.253476,16.2,54.65,1290.8,15.6,6.6,61.4,Medium
RRA-00080,2025-05-25,Delhi,Nangloi Ward,Rohtak Road,28.681708,77.05133,25.34,51.36,852.5,7.7,8.61,55.52,Low
RRA-00081,2025-05-08,Mumbai,Chembur Ward,Eastern Express Highway,19.057527,72.889902,33.66,66.93,681.8,22.7,24.82,49.17,High
RRA-00082,2025-12-03,Bangalore,Kengeri Ward,Mysore Road,12.913888,77.490476,7.01,39.01,1363.2,10.9,12.96,33.33,Medium
RRA-00083,2025-08-11,Bangalore,Whitefield Ward,Whitefield Main Road,12.967196,77.759963,28.99,,1737.4,9.0,11.54,34.76,Medium
RRA-00084,2025-12-05,Delhi,Dhaula Kuan Ward,Outer Ring Road,28.586527,77.162271,3.11,42.15,539.3,27.2,14.71,32.72,Medium
RRA-00085,2025-07-31,Mumbai,Chembur Ward,Eastern Express Highway,19.053843,72.899275,51.03,75.35,1898.7,22.7,14.4,49.17,Critical
RRA-00086,2025-03-17,Pune,Vadgaon Sheri Ward,Nagar Road,18.556135,73.912736,4.97,,1101.4,27.7,12.3,20.82,Medium
RRA-00087,2025-04-13,Delhi,Dwarka Ward,NH48 Highway,28.592302,77.048292,5.05,48.82,1744.0,3.7,12.12,33.75,Low
RRA-00088,2025-01-30,Bangalore,Electronic City Ward,Hosur Road,12.839809,77.660503,10.17,50.05,1181.2,3.2,15.34,45.63,Low
RRA-00089,2025-07-07,Mumbai,Andheri Ward,Western Express Highway,19.103228,72.852397,63.85,81.06,873.1,18.2,8.98,59.23,High
RRA-00090,2025-02-01,Mumbai,Thane Ward,Ghodbunder Road,19.242313,72.975167,9.8,65.73,1009.7,18.8,14.29,60.54,Medium
RRA-00091,2025-11-25,Bangalore,Marathahalli Ward,Outer Ring Road,12.957181,77.701756,7.0,50.28,2854.0,15.6,10.53,54.34,Medium
RRA-00092,2025-08-20,Delhi,Nangloi Ward,Rohtak Road,28.671741,77.057807,37.02,74.76,1415.1,7.7,9.9,55.52,Medium
RRA-00093,2025-02-24,Chennai,Tambaram Ward,GST Road,12.933977,80.095271,10.52,46.18,1186.7,27.5,3.51,8.73,High
RRA-00094,2025-10-12,Delhi,Nangloi Ward,Rohtak Road,28.684745,77.063441,14.37,65.65,1675.7,7.7,12.92,55.52,Medium
RRA-00095,2025-12-15,Delhi,Dwarka Ward,NH48 Highway,28.581145,77.048182,28.25,62.76,1374.8,3.7,11.35,33.75,Medium
RRA-00096,2025-08-02,Mumbai,Chembur Ward,Eastern Express Highway,19.055616,72.899716,45.1,72.4,1425.5,22.7,35.61,49.17,Critical
RRA-00097,2025-02-02,Delhi,Azadpur Ward,GT Karnal Road,28.701647,77.170341,5.5,48.06,1382.6,8.5,15.16,55.67,Low
RRA-00098,2025-09-23,Chennai,Tambaram Ward,GST Road,12.926368,80.11499,28.77,67.24,1363.2,27.5,19.03,8.73,Critical
RRA-00099,2025-11-30,Mumbai,Andheri Ward,Western Express Highway,19.125166,72.851806,17.14,61.66,977.7,18.2,11.82,59.23,Medium
RRA-00100,2025-01-22,Bangalore,Electronic City Ward,Hosur Road,12.853089,77.654113,5.71,47.6,1924.1,3.2,,45.63,Medium
RRA-00101,2025-11-18,Pune,Katraj Ward,Katraj Dehu Road Bypass,18.456819,73.863443,6.82,48.94,673.7,27.9,11.18,10.35,High
RRA-00102,2025-11-23,Hyderabad,Hussain Sagar Ward,Tank Bund Road,17.424474,78.477099,20.03,49.46,1100.0,22.2,16.98,26.42,High
RRA-00103,2025-04-29,Pune,Katraj Ward,Katraj Dehu Road Bypass,18.446265,73.867302,11.12,48.94,1029.6,27.9,13.87,10.35,High
RRA-00104,2025-02-10,Hyderabad,Gachibowli Ward,Outer Ring Road,17.438363,78.377848,6.77,49.8,1099.8,11.2,16.07,21.41,Medium
RRA-00105,2025-09-28,Bangalore,Electronic City Ward,Hosur Road,12.848013,77.662572,11.82,62.06,689.2,3.2,8.42,45.63,Low
RRA-00106,2025-06-02,Bangalore,Bellandur Ward,Sarjapur Road,12.911683,77.680132,20.95,61.71,1855.3,21.0,16.24,33.19,High
RRA-00107,2025-10-04,Mumbai,Chembur Ward,Eastern Express Highway,19.051002,72.903867,,52.73,1037.9,22.7,30.7,49.17,High
RRA-00108,2025-10-16,Mumbai,Andheri Ward,Western Express Highway,19.121253,72.840405,7.79,53.74,1364.2,18.2,14.7,59.23,Medium
RRA-00109,2025-12-13,Mumbai,Andheri Ward,Western Express Highway,19.10914,72.850665,17.61,65.61,1175.8,18.2,6.56,59.23,Medium
RRA-00110,2025-11-26,Bangalore,Whitefield Ward,Whitefield Main Road,12.975074,77.744321,5.92,53.86,1030.9,9.0,,34.76,Low
RRA-00111,2025-04-10,Hyderabad,Uppal Ward,Uppal Road,17.409439,78.558556,10.39,61.1,1635.8,22.8,8.78,33.72,High
RRA-00112,2025-01-07,Chennai,Tambaram Ward,GST Road,12.928642,80.100094,6.69,43.13,982.8,27.5,13.84,8.73,High
RRA-00113,2025-04-19,Mumbai,Malad Ward,Link Road,19.190195,72.854823,20.4,53.93,1905.4,27.8,20.63,34.41,Critical
RRA-00114,2025-04-29,Bangalore,HAL Ward,Old Airport Road,12.958848,77.648619,6.42,54.67,1659.2,5.6,9.62,58.83,Low
RRA-00115,2025-08-10,Delhi,Nizamuddin Ward,Mathura Road,28.586194,77.261788,37.3,68.56,1364.4,15.6,9.96,61.4,Medium
RRA-00116,2025-05-23,Pune,Baner Ward,Baner Road,18.554934,73.783055,21.02,57.78,1270.6,6.4,7.24,70.82,Low
RRA-00117,2025-03-16,Bangalore,HAL Ward,Old Airport Road,12.959071,77.644512,8.37,55.24,379.3,5.6,9.91,58.83,Low
RRA-00118,2025-12-08,Delhi,Nangloi Ward,Rohtak Road,28.676782,77.059915,9.17,47.41,2125.7,7.7,11.65,55.52,Medium
RRA-00119,2025-09-22,Pune,Baner Ward,Baner Road,18.554299,73.785415,20.17,65.6,1639.5,6.4,2.0,70.82,Low
RRA-00120,2025-06-30,Bangalore,Whitefield Ward,Whitefield Main Road,12.972488,77.751948,38.36,61.91,1637.3,9.0,12.31,34.76,High
RRA-00121,2025-03-30,Bangalore,Whitefield Ward,Whitefield Main Road,12.970691,77.752825,15.67,69.24,613.6,9.0,17.6,34.76,Medium
RRA-00122,2025-01-12,Chennai,Teynampet Ward,Anna Salai,13.045798,80.244809,7.52,54.13,839.8,26.0,16.34,24.53,High
RRA-00123,2025-10-13,Mumbai,Malad Ward,Link Road,19.192902,72.849733,15.11,56.16,1905.8,27.8,15.13,34.41,Critical
RRA-00124,2025-01-12,Delhi,Dwarka Ward,NH48 Highway,28.592641,77.038642,4.25,36.17,1041.7,3.7,11.77,33.75,Low
RRA-00125,2025-09-01,Hyderabad,Uppal Ward,Uppal Road,17.403852,78.558547,26.81,80.14,2012.2,22.8,,33.72,Critical
RRA-00126,2025-07-30,Chennai,Sholinganallur Ward,Old Mahabalipuram Road,12.89529,80.224195,6.69,46.26,1265.3,8.9,15.06,46.95,Low
RRA-00127,2025-12-27,Bangalore,HAL Ward,Old Airport Road,12.959307,77.654141,5.97,48.41,401.6,5.6,16.41,58.83,Low
RRA-00128,2025-10-24,Pune,Katraj Ward,Katraj Dehu Road Bypass,18.451548,73.863572,5.98,50.2,2122.7,27.9,6.96,10.35,High
RRA-00129,2025-11-02,Bangalore,Bannerghatta Ward,Bannerghatta Road,12.894947,77.598677,4.81,46.11,1648.3,27.2,35.38,33.99,Critical
RRA-00130,2025-04-06,Mumbai,Vashi Ward,Sion Panvel Highway,19.071412,73.009571,15.07,51.53,1614.7,15.5,12.59,64.06,Medium
RRA-00131,2025-06-08,Bangalore,Peenya Ward,Tumkur Road,13.038406,77.52008,26.76,64.85,1150.5,7.4,7.62,84.46,Low
RRA-00132,2025-07-23,Delhi,Nizamuddin Ward,Mathura Road,28.582469,77.256645,38.57,68.38,1021.6,15.6,9.96,61.4,Medium
RRA-00133,2025-05-11,Mumbai,Chembur Ward,Eastern Express Highway,19.05369,72.899656,34.61,58.67,705.7,22.7,27.12,49.17,High
RRA-00134,2025-02-16,Bangalore,HAL Ward,Old Airport Road,12.958482,77.653139,,50.79,888.3,5.6,11.39,58.83,Low
RRA-00135,2025-07-04,Pune,Baner Ward,Baner Road,18.5597,73.778556,43.61,76.51,1848.1,6.4,9.56,70.82,Medium
RRA-00136,2025-06-07,Mumbai,Vashi Ward,Sion Panvel Highway,19.072377,73.005834,58.55,81.56,1160.9,15.5,4.75,64.06,High
RRA-00137,2025-12-13,Mumbai,Ghatkopar Ward,LBS Marg,19.093278,72.907182,6.22,47.97,1725.8,8.0,7.58,64.75,Low
RRA-00138,2025-01-23,Bangalore,Whitefield Ward,Whitefield Main Road,12.962186,77.748965,5.64,42.6,337.4,9.0,3.92,34.76,Low
RRA-00139,2025-05-11,Mumbai,Bandra Ward,SV Road,19.05449,72.828297,41.8,72.06,760.2,13.0,18.36,25.17,High
RRA-00140,2025-09-25,Bangalore,Electronic City Ward,Hosur Road,12.841134,77.658826,18.52,56.3,,3.2,14.78,45.63,Low
RRA-00141,2025-07-18,Mumbai,Bandra Ward,SV Road,19.070192,72.840708,55.17,75.19,1676.1,13.0,5.3,25.17,High
RRA-00142,2025-11-21,Chennai,Tambaram Ward,GST Road,12.918776,80.100363,39.94,63.66,2018.3,27.5,24.86,8.73,Critical
RRA-00143,2025-09-12,Mumbai,Thane Ward,Ghodbunder Road,19.240593,72.9741,22.95,51.74,,18.8,,60.54,High
RRA-00144,2025-11-27,Chennai,Sholinganallur Ward,Old Mahabalipuram Road,12.906351,80.23071,28.73,57.52,1808.9,8.9,23.18,46.95,High
RRA-00145,2025-10-17,Delhi,Azadpur Ward,GT Karnal Road,28.723291,77.175699,13.22,54.08,1846.4,8.5,16.3,55.67,Medium
RRA-00146,2025-06-22,Mumbai,Chembur Ward,Eastern Express Highway,19.047041,72.907198,64.71,74.41,801.7,22.7,8.02,49.17,High
RRA-00147,2025-08-14,Pune,Baner Ward,Baner Road,18.564787,73.787443,28.92,60.04,787.3,6.4,7.56,70.82,Low
RRA-00148,2025-06-21,Mumbai,Bandra Ward,SV Road,19.062726,72.832292,69.34,89.55,774.4,13.0,18.6,25.17,Critical
RRA-00149,2025-06-27,Chennai,Tambaram Ward,GST Road,12.935258,80.097411,5.34,48.45,2080.4,27.5,7.37,8.73,High
RRA-00150,2025-02-17,Bangalore,Marathahalli Ward,Outer Ring Road,12.961674,77.700885,15.74,48.22,,15.6,18.76,54.34,Medium
RRA-00151,2025-03-10,Delhi,Laxmi Nagar Ward,Vikas Marg,28.632516,77.265693,9.76,,2128.1,9.6,7.49,24.48,Medium
RRA-00152,2025-06-17,Hyderabad,Banjara Hills Ward,Banjara Hills Road No 12,17.4097,78.443107,28.37,62.92,1074.1,24.5,3.79,34.45,High
RRA-00153,2025-11-11,Delhi,Laxmi Nagar Ward,Vikas Marg,28.629889,77.270821,11.89,37.02,484.4,9.6,11.55,24.48,Low
RRA-00154,2025-05-08,Bangalore,Marathahalli Ward,Outer Ring Road,12.955916,77.70632,9.8,52.54,625.3,15.6,19.61,54.34,Medium
RRA-00155,2025-08-13,Chennai,Sholinganallur Ward,Old Mahabalipuram Road,12.89942,80.235469,11.74,48.09,2385.3,8.9,19.39,46.95,Medium
RRA-00156,2025-11-29,Mumbai,Ghatkopar Ward,LBS Marg,19.086491,72.902742,8.09,60.79,879.3,8.0,26.32,64.75,Low
RRA-00157,2025-11-28,Delhi,Nizamuddin Ward,Mathura Road,28.587731,77.249852,22.62,,1516.9,15.6,9.25,61.4,Medium
RRA-00158,2025-02-28,Chennai,Neelankarai Ward,East Coast Road,12.9567,80.252174,,47.28,2616.8,26.6,8.47,44.7,High
RRA-00159,2025-09-04,Bangalore,Electronic City Ward,Hosur Road,12.848769,77.66532,18.31,46.11,2144.6,3.2,16.76,45.63,Medium
RRA-00160,2025-02-19,Delhi,Dhaula Kuan Ward,Outer Ring Road,28.589195,77.17144,9.67,36.5,942.0,27.2,,32.72,Medium
RRA-00161,2025-09-14,Mumbai,Bandra Ward,SV Road,19.056403,72.822711,14.16,58.09,1465.1,13.0,6.59,25.17,Medium
RRA-00162,2025-05-19,Bangalore,Bannerghatta Ward,Bannerghatta Road,12.902318,77.595123,26.11,62.44,1051.5,27.2,8.05,33.99,High
RRA-00163,2025-06-27,Delhi,Nizamuddin Ward,Mathura Road,28.587029,77.253653,36.25,68.78,1800.9,15.6,6.65,61.4,High
RRA-00164,2025-09-24,Delhi,Dwarka Ward,NH48 Highway,28.598518,77.046569,12.62,44.13,1469.7,3.7,11.52,33.75,Low
RRA-00165,2025-01-20,Chennai,Neelankarai Ward,East Coast Road,12.963764,80.258124,4.96,37.05,1901.6,26.6,13.41,44.7,High
RRA-00166,2025-06-08,Pune,Baner Ward,Baner Road,18.550984,73.789952,35.91,71.92,2154.3,6.4,9.63,70.82,Medium
RRA-00167,2025-10-27,Delhi,Nangloi Ward,Rohtak Road,28.670872,77.060045,3.62,50.51,1230.1,7.7,17.71,55.52,Low
RRA-00168,2025-09-01,Pune,Katraj Ward,Katraj Dehu Road Bypass,18.453779,73.858256,18.83,53.52,,27.9,14.71,10.35,Critical
RRA-00169,2025-11-10,Chennai,Neelankarai Ward,East Coast Road,12.948646,80.265405,33.46,57.27,435.3,26.6,20.13,44.7,High
RRA-00170,2025-04-03,Pune,Bibwewadi Ward,Pune Satara Road,18.471557,73.861553,5.64,54.14,1043.8,27.2,8.79,53.6,Medium
RRA-00171,2025-07-27,Mumbai,Malad Ward,Link Road,19.19565,72.853274,50.41,76.27,1841.0,27.8,4.75,34.41,Critical
RRA-00172,2025-07-14,Pune,Katraj Ward,Katraj Dehu Road Bypass,18.44607,73.873306,47.63,82.86,1670.7,27.9,23.86,10.35,Critical
RRA-00173,2025-03-24,Delhi,Nangloi Ward,Rohtak Road,28.677605,77.053923,7.11,46.09,,7.7,11.1,55.52,Low
RRA-00174,2025-12-29,Pune,Vadgaon Sheri Ward,Nagar Road,18.564561,73.926095,8.52,52.5,1558.2,27.7,18.07,20.82,High
RRA-00175,2025-12-12,Hyderabad,Banjara Hills Ward,Banjara Hills Road No 12,17.418352,78.434376,9.88,53.67,451.5,24.5,12.06,34.45,Medium
RRA-00176,2025-04-24,Delhi,Dwarka Ward,NH48 Highway,28.593135,77.047479,17.75,53.63,1332.9,3.7,11.84,33.75,Low
RRA-00177,2025-06-01,Bangalore,Electronic City Ward,Hosur Road,12.843796,77.662998,24.17,66.34,907.8,3.2,17.74,45.63,Medium
RRA-00178,2025-03-07,Bangalore,Marathahalli Ward,Outer Ring Road,12.963765,77.700653,5.14,41.56,2484.6,15.6,3.91,54.34,Medium
RRA-00179,2025-12-14,Chennai,Sholinganallur Ward,Old Mahabalipuram Road,12.89618,80.232314,23.74,68.8,1684.9,8.9,5.84,46.95,Medium
RRA-00180,2025-05-29,Chennai,Teynampet Ward,Anna Salai,13.039319,80.240631,10.57,55.72,1215.7,26.0,16.68,24.53,High
RRA-00181,2025-06-09,Delhi,Dhaula Kuan Ward,Outer Ring Road,28.604108,77.164278,23.55,67.31,1403.4,27.2,6.72,32.72,High
RRA-00182,2025-05-31,Delhi,Nizamuddin Ward,Mathura Road,28.591643,77.24354,18.89,65.15,1364.4,15.6,8.62,61.4,Medium
RRA-00183,2025-01-03,Mumbai,Vashi Ward,Sion Panvel Highway,19.070448,73.00342,21.22,59.99,529.8,15.5,7.03,64.06,Low
RRA-00184,2025-10-20,Bangalore,HAL Ward,Old Airport Road,12.960412,77.637791,6.3,49.58,1855.4,5.6,19.6,58.83,Low
RRA-00185,2025-05-06,Mumbai,Thane Ward,Ghodbunder Road,19.250277,72.972876,29.1,78.98,366.4,18.8,22.48,60.54,High
RRA-00186,2025-05-08,Bangalore,Electronic City Ward,Hosur Road,12.85196,77.65868,10.6,59.19,485.6,3.2,19.27,45.63,Low
RRA-00187,2025-06-16,Delhi,Dwarka Ward,NH48 Highway,28.587918,77.056077,28.69,60.04,1191.3,3.7,12.97,33.75,Medium
RRA-00188,2025-04-11,Mumbai,Bandra Ward,SV Road,19.049866,72.825509,23.91,53.34,959.5,13.0,5.32,25.17,Medium
RRA-00189,2025-11-11,Mumbai,Malad Ward,Link Road,19.195372,72.848377,7.09,38.06,1978.6,27.8,13.2,34.41,High
RRA-00190,2025-03-21,Mumbai,Bandra Ward,SV Road,19.055046,72.835612,26.38,52.07,881.2,13.0,11.76,25.17,Medium
RRA-00191,2025-06-22,Delhi,Dhaula Kuan Ward,Outer Ring Road,28.588055,77.157825,36.65,68.69,1569.3,27.2,28.69,32.72,Critical
RRA-00192,2025-05-17,Bangalore,Bellandur Ward,Sarjapur Road,12.918561,77.687075,19.31,61.73,1393.5,21.0,7.46,33.19,Medium
RRA-00193,2025-10-14,Chennai,Tambaram Ward,GST Road,12.913687,80.097821,37.68,55.15,1086.5,27.5,4.44,8.73,High
RRA-00194,2025-06-13,Mumbai,Vashi Ward,Sion Panvel Highway,19.080806,72.992716,61.21,81.84,1720.5,15.5,3.78,64.06,High
RRA-00195,2025-12-10,Chennai,Koyambedu Ward,Poonamallee High Road,13.073276,80.201956,23.24,,1105.1,2.5,13.45,52.88,Low
RRA-00196,2025-05-12,Bangalore,Peenya Ward,Tumkur Road,13.029094,77.514962,9.99,48.0,1820.9,7.4,23.2,84.46,Medium
RRA-00197,2025-12-22,Bangalore,Bellandur Ward,Sarjapur Road,12.918684,77.676306,9.01,51.99,460.5,21.0,36.45,33.19,High
RRA-00198,2025-01-21,Chennai,Tambaram Ward,GST Road,12.924589,80.102293,16.5,53.73,1309.8,27.5,5.67,8.73,High
RRA-00199,2025-08-20,Bangalore,Kengeri Ward,Mysore Road,12.913915,77.498712,24.69,63.35,1440.5,10.9,17.57,33.33,Medium
RRA-00200,2025-05-27,Hyderabad,Uppal Ward,Uppal Road,17.397877,78.563506,17.65,63.99,945.6,22.8,16.51,33.72,High
RRA-00201,2025-10-11,Bangalore,Peenya Ward,Tumkur Road,13.024255,77.514022,7.61,52.99,1047.4,7.4,16.56,84.46,Low
RRA-00202,2025-02-01,Bangalore,HAL Ward,Old Airport Road,12.959991,77.649643,6.15,54.51,1307.4,5.6,9.85,58.83,Low
RRA-00203,2025-09-01,Chennai,Tambaram Ward,GST Road,12.921517,80.098133,20.68,57.05,2312.3,27.5,4.46,8.73,Critical
RRA-00204,2025-03-11,Delhi,Nangloi Ward,Rohtak Road,28.692525,77.054442,4.41,46.62,1054.5,7.7,2.36,55.52,Low
RRA-00205,2025-01-27,Chennai,Neelankarai Ward,East Coast Road,12.957087,80.259305,17.89,59.34,369.2,26.6,11.47,44.7,Medium
RRA-00206,2025-09-30,Mumbai,Andheri Ward,Western Express Highway,19.118293,72.846372,17.49,49.07,968.6,18.2,16.48,59.23,Medium
RRA-00207,2025-04-11,Delhi,Nizamuddin Ward,Mathura Road,28.595202,77.251368,4.77,44.18,1944.4,15.6,7.07,61.4,Medium
RRA-00208,2025-12-18,Chennai,Tambaram Ward,GST Road,12.926603,80.103086,25.1,66.86,1667.3,27.5,7.81,8.73,Critical
RRA-00209,2025-02-27,Pune,Katraj Ward,Katraj Dehu Road Bypass,18.451451,73.869213,6.21,44.69,2810.1,27.9,7.97,10.35,Critical
RRA-00210,2025-07-06,Bangalore,Electronic City Ward,Hosur Road,12.844145,77.669074,39.79,67.4,561.7,3.2,30.7,45.63,Medium
RRA-00211,2025-04-27,Bangalore,Marathahalli Ward,Outer Ring Road,12.951304,77.699585,8.76,48.83,2429.6,15.6,11.61,54.34,Medium
RRA-00212,2025-11-28,Delhi,Nangloi Ward,Rohtak Road,28.693576,77.063792,6.57,51.26,1251.5,7.7,17.43,55.52,Low
RRA-00213,2025-10-07,Bangalore,Whitefield Ward,Whitefield Main Road,12.969863,77.748906,8.14,43.8,1586.4,9.0,10.37,34.76,Low
RRA-00214,2025-03-21,Bangalore,HAL Ward,Old Airport Road,12.963269,77.656406,6.51,,2123.5,5.6,13.07,58.83,Low
RRA-00215,2025-05-01,Delhi,Dwarka Ward,NH48 Highway,28.596377,77.051989,15.69,66.93,100.0,3.7,17.23,33.75,Low
RRA-00216,2025-05-11,Bangalore,Kengeri Ward,Mysore Road,12.917404,77.482474,15.1,41.86,716.8,10.9,15.17,33.33,Low
RRA-00217,2025-09-16,Hyderabad,Banjara Hills Ward,Banjara Hills Road No 12,17.410278,78.431725,20.26,46.98,1592.5,24.5,2.22,34.45,High
RRA-00218,2025-05-07,Chennai,Teynampet Ward,Anna Salai,13.05077,80.23168,6.09,41.44,3764.9,26.0,10.2,24.53,Critical
RRA-00219,2025-04-02,Hyderabad,Uppal Ward,Uppal Road,17.403798,78.55298,8.52,49.6,329.8,22.8,8.93,33.72,Medium
RRA-00220,2025-04-22,Hyderabad,Hussain Sagar Ward,Tank Bund Road,17.43409,78.47256,9.12,45.9,1948.2,22.2,13.07,26.42,High
RRA-00221,2025-09-06,Pune,Katraj Ward,Katraj Dehu Road Bypass,18.451167,73.860937,18.18,52.04,1952.7,27.9,18.84,10.35,Critical
RRA-00222,2025-08-20,Mumbai,Thane Ward,Ghodbunder Road,19.241947,72.977002,30.89,68.81,2302.5,18.8,9.18,60.54,High
RRA-00223,2025-01-29,Bangalore,Peenya Ward,Tumkur Road,13.032148,77.515189,4.6,58.02,676.5,7.4,21.72,84.46,Low
RRA-00224,2025-01-24,Bangalore,HAL Ward,Old Airport Road,12.962836,77.653557,2.68,44.99,190.8,5.6,11.6,58.83,Low
RRA-00225,2025-02-04,Hyderabad,Uppal Ward,Uppal Road,17.402321,78.56094,2.9,41.82,1989.8,22.8,10.0,33.72,Medium
RRA-00226,2025-11-17,Delhi,Dhaula Kuan Ward,Outer Ring Road,28.598719,77.16338,5.63,54.3,1195.6,27.2,10.28,32.72,Medium
RRA-00227,2025-10-11,Pune,Vadgaon Sheri Ward,Nagar Road,18.564262,73.915208,8.55,45.44,1452.5,27.7,24.15,20.82,High
RRA-00228,2025-01-16,Mumbai,Thane Ward,Ghodbunder Road,19.250926,72.98669,6.77,47.44,1352.4,18.8,8.29,60.54,Medium
RRA-00229,2025-11-28,Mumbai,Vashi Ward,Sion Panvel Highway,19.069729,73.006266,17.26,57.49,1481.2,15.5,,64.06,Medium
RRA-00230,2025-10-03,Mumbai,Malad Ward,Link Road,19.183232,72.852848,11.51,52.11,1046.8,27.8,11.52,34.41,High
RRA-00231,2025-11-21,Bangalore,Bannerghatta Ward,Bannerghatta Road,12.904773,77.59888,8.46,36.22,1783.7,27.2,19.69,33.99,High
RRA-00232,2025-06-18,Chennai,Teynampet Ward,Anna Salai,13.04141,80.256623,13.62,49.47,1866.6,26.0,9.76,24.53,High
RRA-00233,2025-03-17,Delhi,Azadpur Ward,GT Karnal Road,28.711534,77.178895,14.83,47.21,459.7,8.5,7.83,55.67,Low
RRA-00234,2025-10-09,Mumbai,Thane Ward,Ghodbunder Road,19.244228,72.981491,8.22,53.75,897.2,18.8,4.56,60.54,Low
RRA-00235,2025-09-07,Bangalore,Bannerghatta Ward,Bannerghatta Road,12.904888,77.607558,19.68,53.1,1744.2,27.2,8.62,33.99,High
RRA-00236,2025-12-19,Pune,Bibwewadi Ward,Pune Satara Road,18.463469,73.85842,11.06,48.69,657.4,27.2,9.99,53.6,Medium
RRA-00237,2025-05-14,Delhi,Laxmi Nagar Ward,Vikas Marg,28.630263,77.270398,14.02,48.11,1312.7,9.6,22.03,24.48,Medium
RRA-00238,2025-01-28,Mumbai,Ghatkopar Ward,LBS Marg,19.090771,72.915204,6.42,44.04,1650.9,8.0,9.44,64.75,Low
RRA-00239,2025-01-18,Hyderabad,Gachibowli Ward,Outer Ring Road,17.436424,78.37497,2.67,40.27,890.7,11.2,9.69,21.41,Low
RRA-00240,2025-06-07,Hyderabad,Uppal Ward,Uppal Road,17.406527,78.551158,26.37,61.72,578.0,22.8,8.75,33.72,Medium
RRA-00241,2025-12-11,Pune,Vadgaon Sheri Ward,Nagar Road,18.549299,73.90648,5.08,45.3,4000.0,27.7,10.29,20.82,Critical
RRA-00242,2025-04-26,Chennai,Teynampet Ward,Anna Salai,13.041079,80.247658,12.95,60.63,1004.3,26.0,8.99,24.53,High
RRA-00243,2025-02-02,Bangalore,Whitefield Ward,Whitefield Main Road,12.967057,77.751804,7.81,47.66,840.7,9.0,10.13,34.76,Low
RRA-00244,2025-05-12,Mumbai,Malad Ward,Link Road,19.190524,72.840409,41.34,68.1,2262.3,27.8,16.15,34.41,Critical
RRA-00245,2025-11-13,Bangalore,Bellandur Ward,Sarjapur Road,12.907946,77.673886,5.38,50.2,1073.1,21.0,9.17,33.19,Medium
RRA-00246,2025-05-04,Mumbai,Andheri Ward,Western Express Highway,19.123911,72.848827,34.09,,1106.2,18.2,12.81,59.23,Medium
RRA-00247,2025-02-07,Mumbai,Malad Ward,Link Road,19.185759,72.843005,10.9,60.25,703.1,27.8,21.21,34.41,High
RRA-00248,2025-04-03,Delhi,Azadpur Ward,GT Karnal Road,28.708356,77.165198,11.14,54.88,,8.5,10.01,55.67,Low
RRA-00249,2025-03-16,Delhi,Nangloi Ward,Rohtak Road,28.674004,77.065285,4.32,48.91,847.0,7.7,8.57,55.52,Low
RRA-00250,2025-12-14,Bangalore,HAL Ward,Old Airport Road,12.957951,77.654948,5.43,44.91,1409.5,5.6,15.34,58.83,Low
RRA-00251,2025-09-26,Mumbai,Malad Ward,Link Road,19.190867,72.845708,15.87,52.53,866.5,27.8,11.98,34.41,High
RRA-00252,2025-11-23,Delhi,Dhaula Kuan Ward,Outer Ring Road,28.585041,77.164324,6.59,50.4,1095.5,27.2,12.41,32.72,Medium
RRA-00253,2025-11-09,Bangalore,Bannerghatta Ward,Bannerghatta Road,12.90579,77.590026,11.05,44.8,1649.8,27.2,12.02,33.99,High
RRA-00254,2025-12-14,Hyderabad,Hussain Sagar Ward,Tank Bund Road,17.424737,78.473987,8.81,42.25,1937.3,22.2,18.52,26.42,High
RRA-00255,2025-03-02,Chennai,Koyambedu Ward,Poonamallee High Road,13.069398,80.191089,8.52,43.19,1368.2,2.5,7.9,52.88,Low
RRA-00256,2025-02-16,Bangalore,HAL Ward,Old Airport Road,12.948921,77.646217,15.54,57.82,2382.3,5.6,8.63,58.83,Medium
RRA-00257,2025-04-05,Hyderabad,Hussain Sagar Ward,Tank Bund Road,17.425219,78.477338,7.64,45.02,2999.061767992257,22.2,12.42,26.42,Medium
RRA-00258,2025-06-06,Mumbai,Ghatkopar Ward,LBS Marg,19.090477,72.916928,65.41,84.36,1125.4,8.0,7.96,64.75,Medium
RRA-00259,2025-08-25,Bangalore,Bellandur Ward,Sarjapur Road,12.905373,77.691276,30.74,61.69,361.9,21.0,8.45,33.19,Medium
RRA-00260,2025-03-09,Hyderabad,Banjara Hills Ward,Banjara Hills Road No 12,17.414463,78.42429,7.17,57.47,1794.4,24.5,10.69,34.45,High
RRA-00261,2025-01-20,Delhi,Dwarka Ward,NH48 Highway,28.587663,77.047613,3.8,43.22,1515.1,3.7,8.68,33.75,Low
RRA-00262,2025-07-14,Mumbai,Vashi Ward,Sion Panvel Highway,19.067114,72.994675,59.64,68.62,509.9,15.5,8.81,64.06,Medium
RRA-00263,2025-12-02,Bangalore,HAL Ward,Old Airport Road,12.964384,77.638833,5.08,48.0,491.6,5.6,9.7,58.83,Low
RRA-00264,2025-09-09,Chennai,Tambaram Ward,GST Road,12.925159,80.101259,18.25,58.24,1422.0,27.5,8.45,8.73,High
RRA-00265,2025-06-16,Delhi,Dhaula Kuan Ward,Outer Ring Road,28.596028,77.16848,31.55,66.83,1038.3,27.2,6.95,32.72,High
RRA-00266,2025-05-02,Bangalore,Electronic City Ward,Hosur Road,12.841366,77.652261,8.23,41.3,3108.4202915981045,3.2,24.05,45.63,Low
RRA-00267,2025-12-11,Hyderabad,Uppal Ward,Uppal Road,17.395629,78.559333,3.96,50.91,2298.7,22.8,12.74,33.72,High
RRA-00268,2025-09-20,Delhi,Nangloi Ward,Rohtak Road,28.688923,77.07045,15.22,55.92,987.3,7.7,5.47,55.52,Low
RRA-00269,2025-08-22,Bangalore,Bellandur Ward,Sarjapur Road,12.90913,77.682715,,54.6,1812.3,21.0,9.88,33.19,High
RRA-00270,2025-11-29,Bangalore,Marathahalli Ward,Outer Ring Road,12.955165,77.700132,3.29,31.04,2067.0,15.6,9.47,54.34,Medium
RRA-00271,2025-06-06,Delhi,Dwarka Ward,NH48 Highway,28.60017,77.04232,29.24,55.76,6595.5529801191815,3.7,8.26,33.75,Medium
RRA-00272,2025-04-03,Chennai,Tambaram Ward,GST Road,12.932993,80.10705,10.48,49.83,972.6,27.5,5.38,8.73,Medium
RRA-00273,2025-07-31,Mumbai,Malad Ward,Link Road,19.191275,72.851395,45.5,86.95,1735.2,27.8,27.84,34.41,Critical
RRA-00274,2025-09-23,Bangalore,Bellandur Ward,Sarjapur Road,12.919056,77.691539,14.47,55.87,1559.3,21.0,12.02,33.19,High
RRA-00275,2025-09-24,Chennai,Koyambedu Ward,Poonamallee High Road,13.070493,80.190408,30.64,61.85,2181.4,2.5,24.06,52.88,High
RRA-00276,2025-10-16,Mumbai,Malad Ward,Link Road,19.18794,72.842074,10.35,44.08,2539.2,27.8,12.92,34.41,Critical
RRA-00277,2025-03-12,Pune,Katraj Ward,Katraj Dehu Road Bypass,18.455208,73.860469,13.81,67.07,713.5,27.9,25.87,10.35,High
RRA-00278,2025-02-11,Bangalore,Kengeri Ward,Mysore Road,12.901311,77.480402,7.64,53.52,1323.4,10.9,23.66,33.33,Medium
RRA-00279,2025-08-31,Bangalore,HAL Ward,Old Airport Road,12.967391,77.657252,32.17,59.9,1341.1,5.6,7.14,58.83,Medium
RRA-00280,2025-03-21,Delhi,Laxmi Nagar Ward,Vikas Marg,28.627616,77.281114,15.91,59.79,647.2,9.6,15.11,24.48,Medium
RRA-00281,2025-07-08,Bangalore,Whitefield Ward,Whitefield Main Road,12.965633,77.748865,45.24,74.19,1616.8,9.0,14.39,34.76,High
RRA-00282,2025-12-03,Bangalore,Whitefield Ward,Whitefield Main Road,12.974877,77.753963,4.26,50.2,1447.5,9.0,6.4,34.76,Low
RRA-00283,2025-03-16,Bangalore,Kengeri Ward,Mysore Road,12.899892,77.478861,10.2,44.92,922.9,10.9,5.75,33.33,Low
RRA-00284,2025-10-04,Hyderabad,Uppal Ward,Uppal Road,17.400052,78.55381,10.68,54.73,1231.7,22.8,15.27,33.72,High
RRA-00285,2025-11-19,Pune,Baner Ward,Baner Road,18.554843,73.779393,9.67,48.94,1618.5,6.4,18.69,70.82,Low
RRA-00286,2025-04-15,Pune,Vadgaon Sheri Ward,Nagar Road,18.551719,73.924088,9.86,46.03,1651.1,27.7,15.49,20.82,High
RRA-00287,2025-01-27,Bangalore,Peenya Ward,Tumkur Road,13.027359,77.526822,7.47,50.79,2747.5,7.4,3.9,84.46,Low
RRA-00288,2025-10-26,Mumbai,Andheri Ward,Western Express Highway,19.118456,72.842109,12.05,56.52,,18.2,4.45,59.23,Medium
RRA-00289,2025-03-13,Delhi,Nizamuddin Ward,Mathura Road,28.598719,77.247653,8.81,54.82,754.6,15.6,8.16,61.4,Low
RRA-00290,2025-05-24,Hyderabad,Gachibowli Ward,Outer Ring Road,17.440367,78.383763,14.38,59.32,1576.6,11.2,10.85,21.41,Medium
RRA-00291,2025-05-29,Delhi,Azadpur Ward,GT Karnal Road,28.712458,77.165173,24.38,55.41,2851.7,8.5,11.3,55.67,Medium
RRA-00292,2025-01-24,Delhi,Nizamuddin Ward,Mathura Road,28.603059,77.249784,6.45,37.61,733.7,15.6,5.39,61.4,Low
RRA-00293,2025-05-25,Pune,Baner Ward,Baner Road,18.55263,73.786502,28.33,59.39,1553.3,6.4,4.64,70.82,Low
RRA-00294,2025-09-11,Pune,Vadgaon Sheri Ward,Nagar Road,18.562084,73.911373,13.03,42.04,667.5,27.7,20.47,20.82,High
RRA-00295,2025-08-10,Bangalore,Kengeri Ward,Mysore Road,12.903466,77.492531,31.52,,433.2,10.9,10.53,33.33,Medium
RRA-00296,2025-12-22,Hyderabad,Banjara Hills Ward,Banjara Hills Road No 12,17.407368,78.439046,14.05,52.36,1963.6,24.5,20.29,34.45,High
RRA-00297,2025-08-05,Bangalore,Marathahalli Ward,Outer Ring Road,12.964804,77.711516,32.52,65.2,1922.6,15.6,10.56,54.34,High
RRA-00298,2025-07-27,Delhi,Dwarka Ward,NH48 Highway,28.58728,77.056983,40.85,74.49,1131.5,3.7,10.18,33.75,Medium
RRA-00299,2025-05-21,Delhi,Azadpur Ward,GT Karnal Road,28.720509,77.177624,24.16,73.05,2892.8,8.5,10.73,55.67,High
RRA-00300,2025-07-01,Mumbai,Malad Ward,Link Road,19.186256,72.84743,68.91,89.47,584.2,27.8,14.01,34.41,Critical
RRA-00301,2025-02-07,Hyderabad,Banjara Hills Ward,Banjara Hills Road No 12,17.416122,78.443488,8.84,,953.1,24.5,2.26,34.45,Medium
RRA-00302,2025-12-18,Pune,Vadgaon Sheri Ward,Nagar Road,18.568515,73.916096,10.38,46.63,1448.9,27.7,10.94,20.82,High
RRA-00303,2025-06-02,Pune,Bibwewadi Ward,Pune Satara Road,18.459327,73.865435,25.78,59.0,1836.5,27.2,8.84,53.6,High
RRA-00304,2025-11-24,Bangalore,Whitefield Ward,Whitefield Main Road,12.971087,77.748968,5.72,37.42,629.8,9.0,16.88,34.76,Low
RRA-00305,2025-05-27,Bangalore,Electronic City Ward,Hosur Road,12.834001,77.666245,18.15,52.01,528.6,3.2,,45.63,Low
RRA-00306,2025-08-27,Hyderabad,Gachibowli Ward,Outer Ring Road,17.445416,78.382628,35.33,59.18,2887.9,11.2,10.96,21.41,High
RRA-00307,2025-03-10,Chennai,Sholinganallur Ward,Old Mahabalipuram Road,12.907669,80.23521,11.29,51.62,2689.5,8.9,9.31,46.95,Medium
RRA-00308,2025-01-03,Pune,Katraj Ward,Katraj Dehu Road Bypass,18.44959,73.8575,5.95,47.02,2012.6,27.9,8.37,10.35,High
RRA-00309,2025-08-10,Mumbai,Thane Ward,Ghodbunder Road,19.233985,72.965579,49.82,,1091.1,18.8,14.04,60.54,High
RRA-00310,2025-09-24,Delhi,Laxmi Nagar Ward,Vikas Marg,28.626761,77.283311,23.81,52.02,1048.1,9.6,11.47,24.48,Medium
RRA-00311,2025-05-29,Pune,Katraj Ward,Katraj Dehu Road Bypass,18.456016,73.865641,33.35,71.51,1612.9,27.9,14.21,10.35,Critical
RRA-00312,2025-01-30,Bangalore,Peenya Ward,Tumkur Road,13.032427,77.522153,16.64,63.03,1560.3,7.4,11.93,84.46,Low
RRA-00313,2025-06-21,Hyderabad,Banjara Hills Ward,Banjara Hills Road No 12,17.420434,78.435679,27.86,65.72,965.7,24.5,7.95,34.45,High
RRA-00314,2025-04-18,Delhi,Nizamuddin Ward,Mathura Road,28.586144,77.243897,16.6,62.54,1536.5,15.6,8.13,61.4,Medium
RRA-00315,2025-12-05,Delhi,Azadpur Ward,GT Karnal Road,28.712579,77.167357,14.34,54.81,2794.6,8.5,7.84,55.67,Medium
RRA-00316,2025-07-11,Chennai,Sholinganallur Ward,Old Mahabalipuram Road,12.908186,80.230818,7.67,45.59,1001.4,8.9,4.63,46.95,Low
RRA-00317,2025-10-08,Chennai,Teynampet Ward,Anna Salai,13.037251,80.243736,40.12,67.13,1975.0,26.0,12.44,24.53,Critical
RRA-00318,2025-05-18,Delhi,Dhaula Kuan Ward,Outer Ring Road,28.597856,77.168673,12.99,44.61,2829.3,27.2,14.05,32.72,Critical
RRA-00319,2025-09-26,Chennai,Teynampet Ward,Anna Salai,13.0375,80.230569,36.31,60.86,1051.3,26.0,7.43,24.53,High
RRA-00320,2025-03-22,Chennai,Koyambedu Ward,Poonamallee High Road,13.068942,80.189512,6.29,46.14,1029.4,2.5,17.14,52.88,Low
RRA-00321,2025-07-04,Bangalore,Whitefield Ward,Whitefield Main Road,12.973223,77.756912,35.27,65.13,1075.9,9.0,21.43,34.76,Medium
RRA-00322,2025-07-24,Hyderabad,Gachibowli Ward,Outer Ring Road,17.450292,78.381809,47.13,68.3,1410.6,11.2,6.47,21.41,High
RRA-00323,2025-11-07,Bangalore,Bellandur Ward,Sarjapur Road,12.920673,77.676855,9.24,51.55,1702.4,21.0,6.44,33.19,Medium
RRA-00324,2025-12-19,Bangalore,Bellandur Ward,Sarjapur Road,12.910806,77.688538,3.3,44.27,1159.0,21.0,,33.19,Medium
RRA-00325,2025-08-17,Chennai,Neelankarai Ward,East Coast Road,12.962483,80.261495,21.12,58.02,1304.9,26.6,5.74,44.7,High
RRA-00326,2025-09-05,Bangalore,HAL Ward,Old Airport Road,12.961895,77.654009,21.73,50.47,432.1,5.6,21.22,58.83,Low
RRA-00327,2025-09-21,Mumbai,Andheri Ward,Western Express Highway,19.117943,72.845026,13.0,54.38,1148.0,18.2,10.45,59.23,Medium
RRA-00328,2025-11-01,Chennai,Koyambedu Ward,Poonamallee High Road,13.07454,80.18964,34.13,65.73,903.0,2.5,13.97,52.88,Low
RRA-00329,2025-08-13,Bangalore,Bellandur Ward,Sarjapur Road,12.922297,77.683289,39.25,62.09,2490.0,21.0,8.48,33.19,Critical
RRA-00330,2025-08-17,Bangalore,HAL Ward,Old Airport Road,12.965266,77.6499,31.32,70.34,2471.9,5.6,6.24,58.83,Medium
RRA-00331,2025-05-25,Bangalore,Bellandur Ward,Sarjapur Road,12.917198,77.682453,18.3,42.8,1704.1,21.0,12.63,33.19,High
RRA-00332,2025-06-21,Mumbai,Vashi Ward,Sion Panvel Highway,19.072464,73.001317,59.76,86.32,1311.3,15.5,22.31,64.06,Critical
RRA-00333,2025-09-11,Pune,Vadgaon Sheri Ward,Nagar Road,18.571241,73.900939,16.06,53.33,1000.2,27.7,17.73,20.82,High
RRA-00334,2025-01-26,Bangalore,Kengeri Ward,Mysore Road,12.901023,77.48131,12.64,,929.8,10.9,20.2,33.33,Medium
RRA-00335,2025-02-25,Mumbai,Vashi Ward,Sion Panvel Highway,19.075153,73.007019,6.89,47.86,,15.5,21.65,64.06,Medium
RRA-00336,2025-03-14,Chennai,Teynampet Ward,Anna Salai,13.042025,80.260978,9.94,43.97,,26.0,13.94,24.53,High
RRA-00337,2025-08-04,Delhi,Nizamuddin Ward,Mathura Road,28.592031,77.265242,37.64,70.7,100.0,15.6,4.7,61.4,Medium
RRA-00338,2025-01-29,Bangalore,Kengeri Ward,Mysore Road,12.909422,77.498358,10.84,55.0,1010.4,10.9,5.45,33.33,Low
RRA-00339,2025-06-30,Mumbai,Malad Ward,Link Road,19.185019,72.850449,65.57,90.54,543.6,27.8,2.57,34.41,Critical
RRA-00340,2025-03-09,Mumbai,Ghatkopar Ward,LBS Marg,19.09311,72.899779,11.13,40.49,2634.6,8.0,9.24,64.75,Medium
RRA-00341,2025-06-04,Bangalore,Kengeri Ward,Mysore Road,12.918705,77.480596,23.96,51.22,2075.3,10.9,14.99,33.33,Medium
RRA-00342,2025-05-14,Mumbai,Bandra Ward,SV Road,19.071682,72.827677,40.87,62.59,740.6,13.0,14.07,25.17,Medium
RRA-00343,2025-01-27,Mumbai,Bandra Ward,SV Road,19.05488,72.820232,10.69,49.85,672.2,13.0,7.77,25.17,Low
RRA-00344,2025-08-16,Mumbai,Thane Ward,Ghodbunder Road,19.236272,72.988121,36.95,68.61,1469.2,18.8,10.9,60.54,High
RRA-00345,2025-11-28,Delhi,Dwarka Ward,NH48 Highway,28.592392,77.048781,11.35,53.41,1294.8,3.7,9.48,33.75,Low
RRA-00346,2025-10-25,Bangalore,Whitefield Ward,Whitefield Main Road,12.971259,77.749575,8.3,48.28,1098.0,9.0,10.44,34.76,Low
RRA-00347,2025-09-21,Delhi,Azadpur Ward,GT Karnal Road,28.715335,77.166313,11.93,52.93,1920.4,8.5,11.69,55.67,Medium
RRA-00348,2025-01-18,Chennai,Tambaram Ward,GST Road,12.923428,80.097026,7.1,50.17,1228.6,27.5,7.7,8.73,High
RRA-00349,2025-03-11,Pune,Katraj Ward,Katraj Dehu Road Bypass,18.456083,73.86273,4.99,44.54,1001.0,27.9,24.14,10.35,High
RRA-00350,2025-06-14,Bangalore,Electronic City Ward,Hosur Road,12.836493,77.660127,24.62,51.79,2176.1,3.2,9.42,45.63,Medium
RRA-00351,2025-02-11,Delhi,Azadpur Ward,GT Karnal Road,28.71829,77.165574,3.91,53.66,1122.3,8.5,6.13,55.67,Low
RRA-00352,2025-11-25,Bangalore,Electronic City Ward,Hosur Road,12.849071,77.667195,6.16,48.37,1868.5,3.2,15.22,45.63,Low
RRA-00353,2025-01-29,Chennai,Tambaram Ward,GST Road,12.91624,80.099141,4.0,55.71,588.4,27.5,9.85,8.73,Medium
RRA-00354,2025-06-02,Bangalore,Bannerghatta Ward,Bannerghatta Road,12.908384,77.609225,17.65,62.3,1702.1,27.2,16.5,33.99,Critical
RRA-00355,2025-12-24,Bangalore,Bellandur Ward,Sarjapur Road,12.906185,77.683995,6.35,51.18,1454.5,21.0,19.45,33.19,High
RRA-00356,2025-09-20,Delhi,Nizamuddin Ward,Mathura Road,28.581291,77.251092,18.41,48.78,,15.6,9.45,61.4,Low
RRA-00357,2025-08-17,Mumbai,Thane Ward,Ghodbunder Road,19.242497,72.97506,38.62,66.58,300.1,18.8,11.56,60.54,Medium
RRA-00358,2025-10-04,Bangalore,Marathahalli Ward,Outer Ring Road,12.952002,77.69176,14.97,43.96,2844.7,15.6,5.65,54.34,Medium
RRA-00359,2025-09-30,Mumbai,Malad Ward,Link Road,19.179213,72.843595,12.0,49.76,1055.0,27.8,14.72,34.41,High
RRA-00360,2025-01-14,Hyderabad,Uppal Ward,Uppal Road,17.409529,78.547401,12.99,52.77,1429.5,22.8,9.41,33.72,Medium
RRA-00361,2025-11-10,Hyderabad,Gachibowli Ward,Outer Ring Road,17.439719,78.375515,10.11,59.63,612.6,11.2,16.53,21.41,Medium
RRA-00362,2025-10-28,Delhi,Laxmi Nagar Ward,Vikas Marg,28.626451,77.274456,6.73,45.55,979.8,9.6,7.43,24.48,Low
RRA-00363,2025-03-05,Bangalore,Marathahalli Ward,Outer Ring Road,12.965192,77.70419,3.76,52.49,1986.4,15.6,6.78,54.34,Medium
RRA-00364,2025-12-26,Delhi,Laxmi Nagar Ward,Vikas Marg,28.623808,77.275592,8.81,56.92,996.3,9.6,7.4,24.48,Low
RRA-00365,2025-07-06,Bangalore,HAL Ward,Old Airport Road,12.956985,77.646507,34.61,74.4,2556.0,5.6,9.79,58.83,Medium
RRA-00366,2025-09-29,Hyderabad,Banjara Hills Ward,Banjara Hills Road No 12,17.413459,78.43766,14.74,59.33,743.1,24.5,18.76,34.45,High
RRA-00367,2025-05-27,Hyderabad,Gachibowli Ward,Outer Ring Road,17.440599,78.379699,26.85,57.83,1810.9,11.2,,21.41,Medium
RRA-00368,2025-11-14,Delhi,Azadpur Ward,GT Karnal Road,28.701101,77.176101,7.63,46.7,877.1,8.5,23.64,55.67,Low
RRA-00369,2025-01-22,Delhi,Azadpur Ward,GT Karnal Road,28.712458,77.162459,8.58,55.19,2143.8,8.5,13.68,55.67,Medium
RRA-00370,2025-02-19,Mumbai,Vashi Ward,Sion Panvel Highway,19.076731,73.001491,8.14,58.12,802.5,15.5,11.16,64.06,Low
RRA-00371,2025-05-20,Bangalore,Whitefield Ward,Whitefield Main Road,12.958459,77.75069,15.28,56.9,848.0,9.0,6.22,34.76,Low
RRA-00372,2025-07-16,Mumbai,Ghatkopar Ward,LBS Marg,19.095368,72.900224,57.49,,1156.1,8.0,22.27,64.75,High
RRA-00373,2025-01-14,Pune,Vadgaon Sheri Ward,Nagar Road,18.5532,73.909507,10.36,46.37,1702.1,27.7,8.89,20.82,High
RRA-00374,2025-10-02,Bangalore,Electronic City Ward,Hosur Road,12.836922,77.654834,11.27,47.13,1623.9,3.2,6.73,45.63,Low
RRA-00375,2025-09-09,Bangalore,Bellandur Ward,Sarjapur Road,12.91443,77.685131,,68.73,796.9,21.0,19.89,33.19,High
RRA-00376,2025-08-27,Chennai,Koyambedu Ward,Poonamallee High Road,13.063522,80.193766,14.59,57.47,2626.8,2.5,14.65,52.88,Medium
RRA-00377,2025-12-27,Hyderabad,Gachibowli Ward,Outer Ring Road,17.441646,78.374669,3.32,,1721.0,11.2,18.22,21.41,Medium
RRA-00378,2025-01-25,Hyderabad,Uppal Ward,Uppal Road,17.408289,78.557591,5.4,50.05,1402.1,22.8,11.57,33.72,Medium
RRA-00379,2025-02-21,Delhi,Nizamuddin Ward,Mathura Road,28.59489,77.259287,3.5,44.62,1145.8,15.6,12.07,61.4,Low
RRA-00380,2025-04-14,Pune,Vadgaon Sheri Ward,Nagar Road,18.546717,73.916772,9.82,52.04,727.1,27.7,24.41,20.82,High
RRA-00381,2025-07-08,Pune,Baner Ward,Baner Road,18.56134,73.78825,38.55,64.77,536.9,6.4,4.86,70.82,Low
RRA-00382,2025-04-06,Chennai,Koyambedu Ward,Poonamallee High Road,13.068884,80.187127,17.87,66.78,2404.9,2.5,8.83,52.88,Medium
RRA-00383,2025-12-06,Pune,Bibwewadi Ward,Pune Satara Road,18.469081,73.854464,7.68,51.47,2464.6,27.2,4.62,53.6,High
RRA-00384,2025-09-23,Bangalore,Bannerghatta Ward,Bannerghatta Road,12.893577,77.597097,15.99,56.75,1712.4,27.2,7.95,33.99,High
RRA-00385,2025-03-18,Mumbai,Malad Ward,Link Road,19.179818,72.844429,11.82,51.14,1006.0,27.8,8.24,34.41,Medium
RRA-00386,2025-02-13,Mumbai,Ghatkopar Ward,LBS Marg,19.095652,72.894938,25.53,67.21,2097.3,8.0,20.84,64.75,Medium
RRA-00387,2025-12-01,Mumbai,Ghatkopar Ward,LBS Marg,19.081443,72.919511,,66.39,587.2,8.0,14.18,64.75,Low
RRA-00388,2025-08-11,Delhi,Nangloi Ward,Rohtak Road,28.684826,77.063614,31.94,71.45,945.1,7.7,12.88,55.52,Medium
RRA-00389,2025-09-30,Chennai,Teynampet Ward,Anna Salai,13.037167,80.242032,31.53,67.98,,26.0,6.46,24.53,High
RRA-00390,2025-03-20,Bangalore,Marathahalli Ward,Outer Ring Road,12.954455,77.707138,3.25,63.65,668.1,15.6,10.85,54.34,Low
RRA-00391,2025-09-01,Pune,Katraj Ward,Katraj Dehu Road Bypass,18.451731,73.867288,24.0,62.27,629.4,27.9,9.89,10.35,High
RRA-00392,2025-05-24,Mumbai,Malad Ward,Link Road,19.174174,72.85032,,71.32,1221.0,27.8,7.23,34.41,Critical
RRA-00393,2025-02-17,Mumbai,Ghatkopar Ward,LBS Marg,19.088412,72.914577,13.66,48.04,1046.3,8.0,5.89,64.75,Low
RRA-00394,2025-01-26,Chennai,Koyambedu Ward,Poonamallee High Road,13.072675,80.196017,6.05,49.36,1523.5,2.5,21.01,52.88,Low
RRA-00395,2025-01-08,Delhi,Laxmi Nagar Ward,Vikas Marg,28.627053,77.278634,,51.21,615.8,9.6,11.2,24.48,Low
RRA-00396,2025-04-28,Chennai,Sholinganallur Ward,Old Mahabalipuram Road,12.917098,80.222624,4.32,43.31,312.4,8.9,16.88,46.95,Low
RRA-00397,2025-10-28,Bangalore,Kengeri Ward,Mysore Road,12.904555,77.48505,6.33,46.54,1073.8,10.9,15.9,33.33,Medium
RRA-00398,2025-12-15,Delhi,Laxmi Nagar Ward,Vikas Marg,28.627851,77.270762,10.51,53.67,1347.7,9.6,,24.48,Medium
RRA-00399,2025-10-21,Bangalore,Bellandur Ward,Sarjapur Road,12.90616,77.68549,11.03,,570.5,21.0,5.98,33.19,Medium
RRA-00400,2025-04-07,Chennai,Neelankarai Ward,East Coast Road,12.958714,80.249705,9.18,55.14,635.2,26.6,6.08,44.7,Medium
RRA-00401,2025-11-15,Mumbai,Bandra Ward,SV Road,19.065643,72.818726,9.31,70.89,1103.8,13.0,19.92,25.17,Medium
RRA-00402,2025-03-28,Hyderabad,Gachibowli Ward,Outer Ring Road,17.434544,78.376364,7.41,47.04,2078.6,11.2,15.08,21.41,Medium
RRA-00403,2025-03-04,Bangalore,Whitefield Ward,Whitefield Main Road,12.976677,77.757642,12.72,54.05,687.9,9.0,8.01,34.76,Low
RRA-00404,2025-08-01,Mumbai,Chembur Ward,Eastern Express Highway,19.047594,72.89483,,75.69,2276.9,22.7,7.91,49.17,Critical
RRA-00405,2025-07-08,Bangalore,Bannerghatta Ward,Bannerghatta Road,12.888334,77.600993,36.63,62.9,1151.7,27.2,10.48,33.99,Critical
RRA-00406,2025-04-20,Mumbai,Vashi Ward,Sion Panvel Highway,19.064497,72.996351,19.72,50.11,1223.3,15.5,7.12,64.06,Low
RRA-00407,2025-09-13,Pune,Vadgaon Sheri Ward,Nagar Road,18.548762,73.912047,16.9,60.73,2486.1,27.7,10.43,20.82,Critical
RRA-00408,2025-05-02,Chennai,Neelankarai Ward,East Coast Road,12.966362,80.25571,,51.14,1123.0,26.6,6.48,44.7,Medium
RRA-00409,2025-06-09,Chennai,Koyambedu Ward,Poonamallee High Road,13.074986,80.195313,9.65,50.37,1761.1,2.5,9.8,52.88,Low
RRA-00410,2025-09-29,Mumbai,Ghatkopar Ward,LBS Marg,19.077628,72.912958,10.02,52.67,1169.8,8.0,19.82,64.75,Low
RRA-00411,2025-08-24,Bangalore,Bannerghatta Ward,Bannerghatta Road,12.903368,77.590625,29.72,60.88,1103.4,27.2,7.7,33.99,High
RRA-00412,2025-02-20,Delhi,Laxmi Nagar Ward,Vikas Marg,28.628108,77.280241,10.78,52.76,616.8,9.6,14.33,24.48,Low
RRA-00413,2025-07-11,Bangalore,Marathahalli Ward,Outer Ring Road,12.966627,77.697274,35.61,80.22,1034.9,15.6,20.44,54.34,High
RRA-00414,2025-06-03,Pune,Vadgaon Sheri Ward,Nagar Road,18.551225,73.911082,45.26,76.73,1321.8,27.7,14.26,20.82,Critical
RRA-00415,2025-06-10,Bangalore,Whitefield Ward,Whitefield Main Road,12.972648,77.748479,26.45,70.68,1944.4,9.0,8.34,34.76,Medium
RRA-00416,2025-08-29,Chennai,Neelankarai Ward,East Coast Road,12.960047,80.261327,18.41,51.94,1822.4,26.6,3.57,44.7,High
RRA-00417,2025-12-27,Hyderabad,Banjara Hills Ward,Banjara Hills Road No 12,17.406938,78.435348,12.6,45.71,609.4,24.5,13.0,34.45,Medium
RRA-00418,2025-10-28,Bangalore,Whitefield Ward,Whitefield Main Road,12.979677,77.7601,9.63,46.35,261.8,9.0,16.54,34.76,Low
RRA-00419,2025-03-18,Hyderabad,Hussain Sagar Ward,Tank Bund Road,17.425656,78.475336,5.13,46.74,1566.7,22.2,6.69,26.42,Medium
RRA-00420,2025-11-28,Pune,Bibwewadi Ward,Pune Satara Road,18.458579,73.857267,12.79,46.12,366.3,27.2,16.31,53.6,Medium
RRA-00421,2025-02-07,Mumbai,Chembur Ward,Eastern Express Highway,19.061101,72.898141,11.41,55.38,627.2,22.7,17.3,49.17,Medium
RRA-00422,2025-01-19,Chennai,Koyambedu Ward,Poonamallee High Road,13.060318,80.191859,3.62,40.35,1317.5,2.5,15.83,52.88,Low
RRA-00423,2025-02-11,Hyderabad,Banjara Hills Ward,Banjara Hills Road No 12,17.417738,78.430046,11.54,42.12,1763.2,24.5,8.44,34.45,High
RRA-00424,2025-03-29,Delhi,Azadpur Ward,GT Karnal Road,28.71531,77.171402,4.08,50.81,1009.6,8.5,14.73,55.67,Low
RRA-00425,2025-04-13,Pune,Katraj Ward,Katraj Dehu Road Bypass,18.446763,73.86266,12.56,45.3,,27.9,13.71,10.35,High
RRA-00426,2025-12-16,Mumbai,Chembur Ward,Eastern Express Highway,19.037035,72.899091,6.07,50.91,1659.4,22.7,19.63,49.17,High
RRA-00427,2025-08-26,Mumbai,Bandra Ward,SV Road,19.061421,72.829968,25.34,66.07,1335.6,13.0,15.93,25.17,High
RRA-00428,2025-09-04,Hyderabad,Uppal Ward,Uppal Road,17.403373,78.550716,26.13,60.19,1336.4,22.8,10.85,33.72,High
RRA-00429,2025-10-19,Bangalore,Bellandur Ward,Sarjapur Road,12.91992,77.684482,7.38,51.32,1095.7,21.0,12.88,33.19,Medium
RRA-00430,2025-02-23,Chennai,Sholinganallur Ward,Old Mahabalipuram Road,12.893236,80.224942,3.48,59.23,100.0,8.9,14.9,46.95,Low
RRA-00431,2025-10-02,Pune,Bibwewadi Ward,Pune Satara Road,18.46803,73.861929,8.51,52.74,1617.1,27.2,4.61,53.6,Medium
RRA-00432,2025-03-06,Bangalore,Bellandur Ward,Sarjapur Road,12.919655,77.692579,13.47,56.71,1341.0,21.0,18.98,33.19,High
RRA-00433,2025-06-26,Delhi,Dhaula Kuan Ward,Outer Ring Road,28.590905,77.159396,45.15,81.95,1342.4,27.2,10.62,32.72,Critical
RRA-00434,2025-10-18,Hyderabad,Gachibowli Ward,Outer Ring Road,17.424941,78.381044,11.52,,144.8,11.2,7.83,21.41,Low
RRA-00435,2025-08-03,Bangalore,Electronic City Ward,Hosur Road,12.843944,77.667054,32.21,56.09,666.3,3.2,23.25,45.63,Medium
RRA-00436,2025-10-19,Hyderabad,Gachibowli Ward,Outer Ring Road,17.454623,78.386938,8.53,46.8,1167.2,11.2,19.47,21.41,Medium
RRA-00437,2025-08-12,Bangalore,Kengeri Ward,Mysore Road,12.906917,77.476463,30.32,57.04,1135.1,10.9,7.64,33.33,Medium
RRA-00438,2025-02-27,Bangalore,Marathahalli Ward,Outer Ring Road,12.950061,77.710659,11.01,52.91,1643.2,15.6,13.33,54.34,Medium
RRA-00439,2025-03-28,Pune,Katraj Ward,Katraj Dehu Road Bypass,18.448667,73.855149,7.91,43.11,798.8,27.9,,10.35,High
RRA-00440,2025-04-08,Hyderabad,Hussain Sagar Ward,Tank Bund Road,17.443011,78.475063,6.15,44.08,1759.0,22.2,11.02,26.42,High
RRA-00441,2025-01-16,Mumbai,Malad Ward,Link Road,19.184863,72.847661,6.14,53.87,2139.3,27.8,3.83,34.41,High
RRA-00442,2025-10-18,Mumbai,Thane Ward,Ghodbunder Road,19.241458,72.98121,12.57,51.06,704.4,18.8,11.25,60.54,Medium
RRA-00443,2025-11-09,Delhi,Nizamuddin Ward,Mathura Road,28.584905,77.254069,3.66,52.87,1599.2,15.6,8.8,61.4,Medium
RRA-00444,2025-08-01,Mumbai,Vashi Ward,Sion Panvel Highway,19.075268,73.003985,50.0,76.53,505.0,15.5,10.5,64.06,Medium
RRA-00445,2025-01-22,Chennai,Tambaram Ward,GST Road,12.931028,80.105467,9.57,49.33,2065.9,27.5,6.29,8.73,High
RRA-00446,2025-01-10,Bangalore,Marathahalli Ward,Outer Ring Road,12.957505,77.702275,2.89,43.0,702.0,15.6,5.48,54.34,Low
RRA-00447,2025-04-21,Delhi,Nizamuddin Ward,Mathura Road,28.582238,77.249138,5.86,58.6,100.0,15.6,6.26,61.4,Low
RRA-00448,2025-04-21,Mumbai,Bandra Ward,SV Road,19.050974,72.821922,21.46,64.99,870.3,13.0,8.05,25.17,Medium
RRA-00449,2025-06-26,Hyderabad,Gachibowli Ward,Outer Ring Road,17.436694,78.374919,32.15,59.97,254.3,11.2,18.85,21.41,Medium
RRA-00450,2025-07-15,Mumbai,Malad Ward,Link Road,19.186137,72.842195,59.54,84.23,1717.4,27.8,14.92,34.41,Critical
RRA-00451,2025-08-15,Mumbai,Ghatkopar Ward,LBS Marg,19.085417,72.911282,40.38,69.89,660.2,8.0,20.4,64.75,Medium
RRA-00452,2025-07-05,Chennai,Sholinganallur Ward,Old Mahabalipuram Road,12.900777,80.220565,11.18,62.83,3223.3,8.9,13.76,46.95,High
RRA-00453,2025-05-17,Mumbai,Chembur Ward,Eastern Express Highway,19.047359,72.898935,40.07,69.84,1246.4,22.7,9.6,49.17,High
RRA-00454,2025-04-05,Mumbai,Vashi Ward,Sion Panvel Highway,19.068348,72.995546,12.71,52.95,1499.1,15.5,13.1,64.06,Medium
RRA-00455,2025-01-20,Chennai,Koyambedu Ward,Poonamallee High Road,13.064028,80.192157,7.09,60.7,2004.8,2.5,12.48,52.88,Low
RRA-00456,2025-03-03,Delhi,Laxmi Nagar Ward,Vikas Marg,28.627096,77.271415,13.27,42.48,859.2,9.6,10.44,24.48,Low
RRA-00457,2025-10-22,Pune,Katraj Ward,Katraj Dehu Road Bypass,18.445548,73.85733,13.14,56.57,312.6,27.9,6.97,10.35,Medium
RRA-00458,2025-07-29,Delhi,Dhaula Kuan Ward,Outer Ring Road,28.589672,77.151195,49.13,70.47,1166.1,27.2,2.0,32.72,Critical
RRA-00459,2025-08-16,Bangalore,Whitefield Ward,Whitefield Main Road,12.973102,77.747831,32.3,69.04,1512.3,9.0,12.66,34.76,Medium
RRA-00460,2025-11-11,Bangalore,Kengeri Ward,Mysore Road,12.913863,77.4821,5.65,54.88,424.7,10.9,5.66,33.33,Low
RRA-00461,2025-10-21,Mumbai,Ghatkopar Ward,LBS Marg,19.078385,72.896511,9.99,47.59,1388.2,8.0,9.41,64.75,Low
RRA-00462,2025-07-27,Delhi,Nangloi Ward,Rohtak Road,28.67445,77.052314,45.9,72.06,,7.7,12.37,55.52,Medium
RRA-00463,2025-10-21,Pune,Bibwewadi Ward,Pune Satara Road,18.463091,73.874724,7.74,49.29,2607.4,27.2,7.47,53.6,High
RRA-00464,2025-01-05,Pune,Vadgaon Sheri Ward,Nagar Road,18.566833,73.908266,7.34,58.38,833.0,27.7,14.63,20.82,High
RRA-00465,2025-01-16,Delhi,Dhaula Kuan Ward,Outer Ring Road,28.589374,77.164084,7.45,45.54,1665.3,27.2,6.72,32.72,High
RRA-00466,2025-05-26,Hyderabad,Banjara Hills Ward,Banjara Hills Road No 12,17.416071,78.435564,13.02,48.55,1282.1,24.5,11.79,34.45,Medium
RRA-00467,2025-12-22,Delhi,Dhaula Kuan Ward,Outer Ring Road,28.594526,77.162343,12.44,49.62,2253.7,27.2,16.62,32.72,Critical
RRA-00468,2025-11-07,Delhi,Dhaula Kuan Ward,Outer Ring Road,28.590188,77.160013,6.23,57.87,1297.4,27.2,12.67,32.72,High
RRA-00469,2025-06-26,Mumbai,Thane Ward,Ghodbunder Road,19.241389,72.967468,61.6,80.05,1322.1,18.8,2.18,60.54,High
RRA-00470,2025-04-12,Bangalore,Peenya Ward,Tumkur Road,13.032254,77.5242,8.51,56.29,774.7,7.4,16.65,84.46,Low
RRA-00471,2025-05-01,Pune,Baner Ward,Baner Road,18.565787,73.782138,11.19,48.56,1328.9,6.4,22.81,70.82,Low
RRA-00472,2025-07-07,Mumbai,Andheri Ward,Western Express Highway,19.116654,72.853983,65.64,86.86,1360.1,18.2,3.63,59.23,High
RRA-00473,2025-01-18,Mumbai,Thane Ward,Ghodbunder Road,19.232153,72.975882,8.91,51.31,593.7,18.8,11.58,60.54,Low
RRA-00474,2025-08-22,Bangalore,HAL Ward,Old Airport Road,12.961277,77.635972,31.91,60.81,1412.0,5.6,17.25,58.83,Medium
RRA-00475,2025-09-03,Bangalore,Whitefield Ward,Whitefield Main Road,12.977391,77.747003,26.4,54.77,1463.5,9.0,18.73,34.76,Medium
RRA-00476,2025-12-28,Bangalore,Electronic City Ward,Hosur Road,12.851858,77.661836,3.38,49.13,1669.1,3.2,16.07,45.63,Low
RRA-00477,2025-08-11,Mumbai,Vashi Ward,Sion Panvel Highway,19.075963,72.992345,44.25,61.5,1177.5,15.5,10.64,64.06,Medium
RRA-00478,2025-12-27,Hyderabad,Gachibowli Ward,Outer Ring Road,17.444369,78.376719,10.9,44.62,1239.3,11.2,19.22,21.41,Medium
RRA-00479,2025-02-10,Chennai,Neelankarai Ward,East Coast Road,12.958966,80.251926,8.91,35.78,1332.4,26.6,16.67,44.7,High
RRA-00480,2025-11-26,Delhi,Nizamuddin Ward,Mathura Road,28.604955,77.243295,4.06,41.04,746.9,15.6,12.43,61.4,Low
RRA-00481,2025-11-18,Mumbai,Andheri Ward,Western Express Highway,19.11682,72.849267,9.72,48.26,554.8,18.2,10.28,59.23,Low
RRA-00482,2025-11-21,Bangalore,Peenya Ward,Tumkur Road,13.030871,77.519153,5.59,43.33,144.7,7.4,4.99,84.46,Low
RRA-00483,2025-11-08,Bangalore,Marathahalli Ward,Outer Ring Road,12.958123,77.698274,6.41,52.53,2790.9,15.6,9.27,54.34,Medium
RRA-00484,2025-01-17,Chennai,Neelankarai Ward,East Coast Road,12.957093,80.250635,9.07,58.26,1335.8,26.6,9.43,44.7,Medium
RRA-00485,2025-05-16,Bangalore,Electronic City Ward,Hosur Road,12.850317,77.666095,24.17,,2525.5,3.2,12.15,45.63,Medium
RRA-00486,2025-12-05,Pune,Bibwewadi Ward,Pune Satara Road,18.458682,73.865308,3.91,52.06,671.9,27.2,8.11,53.6,Medium
RRA-00487,2025-04-23,Bangalore,Bannerghatta Ward,Bannerghatta Road,12.902033,77.608033,12.73,46.02,1228.1,27.2,4.23,33.99,Medium
RRA-00488,2025-03-17,Hyderabad,Uppal Ward,Uppal Road,17.403292,78.55964,7.73,49.67,1129.0,22.8,21.22,33.72,High
RRA-00489,2025-05-22,Chennai,Koyambedu Ward,Poonamallee High Road,13.075334,80.199252,3.09,48.88,1339.3,2.5,12.13,52.88,Low
RRA-00490,2025-03-27,Chennai,Sholinganallur Ward,Old Mahabalipuram Road,12.910809,80.22718,6.78,,2240.1,8.9,17.92,46.95,Medium
RRA-00491,2025-07-03,Bangalore,Kengeri Ward,Mysore Road,12.919946,77.48673,37.37,,1038.2,10.9,7.81,33.33,Medium
RRA-00492,2025-04-11,Bangalore,Whitefield Ward,Whitefield Main Road,12.963655,77.74589,4.2,46.74,1802.3,9.0,14.88,34.76,Medium
RRA-00493,2025-10-09,Mumbai,Malad Ward,Link Road,19.181738,72.84049,13.32,60.93,1425.6,27.8,3.61,34.41,High
RRA-00494,2025-04-04,Bangalore,Bannerghatta Ward,Bannerghatta Road,12.901082,77.596355,4.31,49.33,639.4,27.2,8.73,33.99,Medium
RRA-00495,2025-05-06,Hyderabad,Gachibowli Ward,Outer Ring Road,17.438447,78.369762,8.46,54.92,712.3,11.2,6.66,21.41,Low
RRA-00496,2025-12-22,Delhi,Nizamuddin Ward,Mathura Road,28.584087,77.25315,3.81,56.59,1259.7,15.6,14.62,61.4,Medium
RRA-00497,2025-03-21,Chennai,Koyambedu Ward,Poonamallee High Road,13.073729,80.195283,8.68,46.68,2300.1,2.5,9.8,52.88,Low
RRA-00498,2025-03-14,Mumbai,Bandra Ward,SV Road,19.060899,72.827774,12.33,47.21,2479.0,13.0,16.59,25.17,High
RRA-00499,2025-12-01,Bangalore,Marathahalli Ward,Outer Ring Road,12.95149,77.702447,3.03,52.42,,15.6,3.62,54.34,Medium
RRA-00500,2025-01-15,Pune,Bibwewadi Ward,Pune Satara Road,18.463534,73.867918,13.93,58.33,2058.0,27.2,24.69,53.6,Critical
RRA-00501,2025-11-02,Hyderabad,Gachibowli Ward,Outer Ring Road,17.447129,78.378732,7.13,53.74,1888.4,11.2,10.21,21.41,Medium
RRA-00502,2025-05-19,Bangalore,Marathahalli Ward,Outer Ring Road,12.959337,77.714019,16.5,57.74,1858.9,15.6,31.93,54.34,High
RRA-00503,2025-08-20,Chennai,Sholinganallur Ward,Old Mahabalipuram Road,12.907406,80.224187,19.5,58.29,,8.9,11.71,46.95,Medium
RRA-00504,2025-01-11,Pune,Bibwewadi Ward,Pune Satara Road,18.463148,73.856368,4.28,51.17,1729.2,27.2,5.67,53.6,Medium
RRA-00505,2025-09-24,Mumbai,Vashi Ward,Sion Panvel Highway,19.077152,73.003633,24.91,62.45,1364.8,15.5,4.4,64.06,Medium
RRA-00506,2025-09-26,Chennai,Neelankarai Ward,East Coast Road,12.956242,80.257794,37.45,70.55,1168.3,26.6,12.77,44.7,High
RRA-00507,2025-09-04,Hyderabad,Hussain Sagar Ward,Tank Bund Road,17.427434,78.486514,28.91,55.05,1453.1,22.2,8.2,26.42,High
RRA-00508,2025-07-21,Mumbai,Andheri Ward,Western Express Highway,19.114879,72.841699,54.44,74.22,1215.3,18.2,9.9,59.23,High
RRA-00509,2025-06-08,Mumbai,Bandra Ward,SV Road,19.054384,72.827152,60.88,89.0,2153.5,13.0,4.13,25.17,Critical
RRA-00510,2025-07-15,Chennai,Sholinganallur Ward,Old Mahabalipuram Road,12.897806,80.230542,8.5,51.39,1678.9,8.9,10.33,46.95,Low
RRA-00511,2025-07-08,Pune,Vadgaon Sheri Ward,Nagar Road,18.554727,73.913696,45.86,78.76,2262.2,27.7,23.89,20.82,Critical
RRA-00512,2025-03-31,Mumbai,Thane Ward,Ghodbunder Road,19.244213,72.984956,28.73,67.05,1754.1,18.8,7.21,60.54,High
RRA-00513,2025-10-15,Bangalore,Marathahalli Ward,Outer Ring Road,12.951066,77.701577,7.52,36.36,2060.5,15.6,13.75,54.34,Medium
RRA-00514,2025-06-09,Mumbai,Vashi Ward,Sion Panvel Highway,19.082027,73.014698,54.45,71.84,1021.5,15.5,20.99,64.06,High
RRA-00515,2025-09-09,Mumbai,Malad Ward,Link Road,19.181176,72.861072,21.62,62.01,626.3,27.8,17.58,34.41,High
RRA-00516,2025-05-03,Bangalore,Marathahalli Ward,Outer Ring Road,12.96174,77.697351,17.43,49.44,1008.4,15.6,10.79,54.34,Medium
RRA-00517,2025-02-07,Bangalore,Bellandur Ward,Sarjapur Road,12.917333,77.683809,,55.9,1992.2,21.0,18.46,33.19,High
RRA-00518,2025-03-17,Pune,Vadgaon Sheri Ward,Nagar Road,18.562122,73.913506,11.14,47.81,1979.2,27.7,13.61,20.82,Critical
RRA-00519,2025-08-13,Hyderabad,Banjara Hills Ward,Banjara Hills Road No 12,17.408151,78.426239,38.2,,1169.8,24.5,11.38,34.45,High
RRA-00520,2025-09-20,Mumbai,Chembur Ward,Eastern Express Highway,19.055089,72.901412,16.98,53.11,939.2,22.7,7.28,49.17,Medium
RRA-00521,2025-02-10,Delhi,Nizamuddin Ward,Mathura Road,28.602002,77.261943,8.57,59.49,1375.7,15.6,20.24,61.4,Medium
RRA-00522,2025-09-25,Mumbai,Bandra Ward,SV Road,19.05809,72.83464,14.44,48.92,1736.5,13.0,9.0,25.17,Medium
RRA-00523,2025-04-13,Bangalore,HAL Ward,Old Airport Road,12.962891,77.643383,10.84,48.67,1915.3,5.6,15.12,58.83,Low
RRA-00524,2025-08-15,Bangalore,Bannerghatta Ward,Bannerghatta Road,12.888841,77.589394,36.51,60.86,942.7,27.2,12.35,33.99,Critical
RRA-00525,2025-12-22,Mumbai,Thane Ward,Ghodbunder Road,19.246068,72.977645,10.93,51.42,1669.7,18.8,19.57,60.54,Medium
RRA-00526,2025-10-28,Bangalore,Bellandur Ward,Sarjapur Road,12.912579,77.684621,8.52,57.98,766.0,21.0,17.83,33.19,Medium
RRA-00527,2025-04-27,Pune,Katraj Ward,Katraj Dehu Road Bypass,18.443507,73.873063,19.86,56.94,1843.8,27.9,8.84,10.35,Critical
RRA-00528,2025-07-15,Chennai,Teynampet Ward,Anna Salai,13.059763,80.240547,4.55,45.82,,26.0,,24.53,Critical
RRA-00529,2025-10-13,Hyderabad,Banjara Hills Ward,Banjara Hills Road No 12,17.414451,78.436814,35.69,60.52,1175.6,24.5,16.77,34.45,Critical
RRA-00530,2025-04-28,Chennai,Sholinganallur Ward,Old Mahabalipuram Road,12.899428,80.225652,17.78,52.72,1761.6,8.9,28.67,46.95,Medium
RRA-00531,2025-06-11,Delhi,Azadpur Ward,GT Karnal Road,28.709196,77.171114,29.57,71.24,1973.5,8.5,12.01,55.67,Medium
RRA-00532,2025-08-15,Bangalore,Electronic City Ward,Hosur Road,12.829575,77.661394,27.37,63.6,1198.6,3.2,14.67,45.63,Medium
RRA-00533,2025-01-27,Hyderabad,Banjara Hills Ward,Banjara Hills Road No 12,17.417309,78.441875,3.34,38.47,1146.8,24.5,19.35,34.45,Medium
RRA-00534,2025-11-08,Delhi,Dhaula Kuan Ward,Outer Ring Road,28.584411,77.165898,4.45,42.62,1937.2,27.2,3.65,32.72,Medium
RRA-00535,2025-03-31,Bangalore,Bellandur Ward,Sarjapur Road,12.913559,77.692029,4.45,55.78,1887.4,21.0,,33.19,High
RRA-00536,2025-02-19,Pune,Bibwewadi Ward,Pune Satara Road,18.473051,73.859715,11.33,50.19,664.6,27.2,9.74,53.6,Medium
RRA-00537,2025-07-24,Bangalore,Whitefield Ward,Whitefield Main Road,12.974289,77.74114,36.47,59.17,1285.0,9.0,19.29,34.76,Medium
RRA-00538,2025-04-06,Mumbai,Vashi Ward,Sion Panvel Highway,19.07499,72.997552,21.81,65.16,2375.3,15.5,11.8,64.06,High
RRA-00539,2025-10-08,Chennai,Sholinganallur Ward,Old Mahabalipuram Road,12.895776,80.245103,29.13,61.89,1540.4,8.9,4.62,46.95,Medium
RRA-00540,2025-04-27,Pune,Katraj Ward,Katraj Dehu Road Bypass,18.444557,73.859828,18.13,60.55,,27.9,9.37,10.35,High
RRA-00541,2025-12-12,Bangalore,HAL Ward,Old Airport Road,12.966343,77.644119,8.44,51.61,1329.0,5.6,7.25,58.83,Low
RRA-00542,2025-02-26,Hyderabad,Hussain Sagar Ward,Tank Bund Road,17.424677,78.480141,8.81,51.1,1318.1,22.2,,26.42,High
RRA-00543,2025-11-16,Bangalore,Peenya Ward,Tumkur Road,13.021612,77.505926,27.41,66.99,1771.0,7.4,10.93,84.46,Low
RRA-00544,2025-12-25,Pune,Baner Ward,Baner Road,18.565192,73.786485,14.93,59.99,1461.6,6.4,13.26,70.82,Low
RRA-00545,2025-11-19,Chennai,Koyambedu Ward,Poonamallee High Road,13.059629,80.201414,29.61,,1870.1,2.5,13.28,52.88,Medium
RRA-00546,2025-10-03,Delhi,Nangloi Ward,Rohtak Road,28.680128,77.062064,16.52,45.38,3351.5,7.7,8.02,55.52,Medium
RRA-00547,2025-07-04,Delhi,Dhaula Kuan Ward,Outer Ring Road,28.585266,77.170631,53.69,72.16,693.4,27.2,7.95,32.72,Critical
RRA-00548,2025-03-19,Mumbai,Ghatkopar Ward,LBS Marg,19.081477,72.912207,10.28,51.45,494.4,8.0,14.57,64.75,Low
RRA-00549,2025-08-02,Mumbai,Malad Ward,Link Road,19.182154,72.847634,47.09,76.4,100.0,27.8,7.33,34.41,High
RRA-00550,2025-07-29,Hyderabad,Uppal Ward,Uppal Road,17.411863,78.561523,59.32,83.54,2553.4,22.8,,33.72,Critical
RRA-00551,2025-06-04,Bangalore,Peenya Ward,Tumkur Road,13.021305,77.528006,24.41,56.85,404.4,7.4,10.33,84.46,Low
RRA-00552,2025-04-06,Mumbai,Ghatkopar Ward,LBS Marg,19.081838,72.915623,14.45,49.85,1495.6,8.0,32.31,64.75,Medium
RRA-00553,2025-06-01,Bangalore,Peenya Ward,Tumkur Road,13.024126,77.516499,24.04,53.29,491.3,7.4,19.39,84.46,Low
RRA-00554,2025-01-07,Pune,Katraj Ward,Katraj Dehu Road Bypass,18.441804,73.873794,13.52,55.69,2629.3,27.9,7.14,10.35,Critical
RRA-00555,2025-04-25,Pune,Vadgaon Sheri Ward,Nagar Road,18.552979,73.909887,12.98,58.16,1722.6,27.7,12.03,20.82,High
RRA-00556,2025-08-03,Mumbai,Ghatkopar Ward,LBS Marg,19.084404,72.89478,44.97,65.67,923.9,8.0,18.16,64.75,Medium
RRA-00557,2025-12-16,Mumbai,Ghatkopar Ward,LBS Marg,19.090761,72.904105,12.16,51.97,412.0,8.0,,64.75,Low
RRA-00558,2025-09-29,Bangalore,HAL Ward,Old Airport Road,12.962359,77.652567,12.89,61.47,1284.1,5.6,4.54,58.83,Low
RRA-00559,2025-01-17,Bangalore,HAL Ward,Old Airport Road,12.962889,77.647087,,52.04,1072.4,5.6,11.57,58.83,Low
RRA-00560,2025-03-08,Hyderabad,Hussain Sagar Ward,Tank Bund Road,17.423356,78.469617,4.19,47.61,1910.6,22.2,8.88,26.42,Medium
RRA-00561,2025-02-26,Pune,Bibwewadi Ward,Pune Satara Road,18.460097,73.859398,5.06,52.17,879.4,27.2,10.61,53.6,Medium
RRA-00562,2025-03-06,Bangalore,Whitefield Ward,Whitefield Main Road,12.985928,77.748716,12.81,45.02,2087.5,9.0,12.99,34.76,Medium
RRA-00563,2025-06-15,Chennai,Neelankarai Ward,East Coast Road,12.972474,80.261191,10.64,42.69,3024.1,26.6,9.29,44.7,Critical
RRA-00564,2025-01-09,Bangalore,Whitefield Ward,Whitefield Main Road,12.967625,77.746415,2.72,53.62,1909.1,9.0,11.94,34.76,Medium
RRA-00565,2025-03-08,Mumbai,Ghatkopar Ward,LBS Marg,19.0828,72.918738,6.42,57.56,1848.5,8.0,7.26,64.75,Low
RRA-00566,2025-05-16,Mumbai,Thane Ward,Ghodbunder Road,19.235335,72.971836,43.06,63.11,,18.8,5.22,60.54,Medium
RRA-00567,2025-03-08,Chennai,Koyambedu Ward,Poonamallee High Road,13.063918,80.189492,5.4,52.93,2353.8,2.5,9.68,52.88,Low
RRA-00568,2025-03-27,Delhi,Nizamuddin Ward,Mathura Road,28.583963,77.260387,6.6,43.98,1250.9,15.6,7.52,61.4,Low
RRA-00569,2025-12-22,Mumbai,Vashi Ward,Sion Panvel Highway,19.075782,73.002662,10.08,56.69,1222.0,15.5,13.29,64.06,Medium
RRA-00570,2025-07-29,Mumbai,Chembur Ward,Eastern Express Highway,19.041689,72.906173,52.54,77.48,858.3,22.7,9.33,49.17,High
RRA-00571,2025-03-19,Hyderabad,Uppal Ward,Uppal Road,17.397966,78.558015,13.55,43.92,1065.3,22.8,23.08,33.72,High
RRA-00572,2025-03-23,Bangalore,Marathahalli Ward,Outer Ring Road,12.971503,77.704562,5.38,54.86,2371.7,15.6,7.84,54.34,Medium
RRA-00573,2025-01-11,Bangalore,Kengeri Ward,Mysore Road,12.909626,77.481289,16.22,55.11,955.8,10.9,10.42,33.33,Medium
RRA-00574,2025-02-14,Mumbai,Vashi Ward,Sion Panvel Highway,19.078342,73.004929,9.45,62.81,571.6,15.5,6.03,64.06,Low
RRA-00575,2025-04-16,Delhi,Dhaula Kuan Ward,Outer Ring Road,28.584762,77.157561,8.93,49.89,672.1,27.2,14.18,32.72,Medium
RRA-00576,2025-12-22,Chennai,Neelankarai Ward,East Coast Road,12.967261,80.265761,20.98,51.07,1110.0,26.6,13.02,44.7,High
RRA-00577,2025-09-15,Pune,Vadgaon Sheri Ward,Nagar Road,18.553993,73.910747,13.53,52.13,1124.3,27.7,9.19,20.82,High
RRA-00578,2025-01-26,Chennai,Neelankarai Ward,East Coast Road,12.965997,80.253736,6.53,44.76,443.5,26.6,5.77,44.7,Medium
RRA-00579,2025-08-31,Hyderabad,Uppal Ward,Uppal Road,17.401824,78.556652,31.03,,4348.384251860511,22.8,21.5,33.72,Critical
RRA-00580,2025-11-11,Pune,Bibwewadi Ward,Pune Satara Road,18.465693,73.859438,10.56,44.74,820.3,27.2,8.0,53.6,Medium
RRA-00581,2025-12-11,Mumbai,Malad Ward,Link Road,19.194671,72.853816,20.61,,643.5,27.8,18.75,34.41,High
RRA-00582,2025-01-28,Hyderabad,Banjara Hills Ward,Banjara Hills Road No 12,17.419417,78.435075,,48.62,1207.8,24.5,11.15,34.45,Medium
RRA-00583,2025-06-21,Hyderabad,Hussain Sagar Ward,Tank Bund Road,17.421112,78.4686,26.53,64.08,1282.7,22.2,6.04,26.42,High
RRA-00584,2025-12-10,Bangalore,Kengeri Ward,Mysore Road,12.91344,77.494977,4.16,37.44,875.8,10.9,3.41,33.33,Low
RRA-00585,2025-11-01,Mumbai,Vashi Ward,Sion Panvel Highway,19.069427,73.002819,,51.18,100.0,15.5,11.21,64.06,Low
RRA-00586,2025-09-14,Pune,Bibwewadi Ward,Pune Satara Road,18.461371,73.858379,24.41,59.96,1022.3,27.2,9.28,53.6,High
RRA-00587,2025-04-15,Delhi,Laxmi Nagar Ward,Vikas Marg,28.641277,77.275466,15.2,67.35,1531.1,9.6,10.69,24.48,Medium
RRA-00588,2025-01-19,Hyderabad,Gachibowli Ward,Outer Ring Road,17.444518,78.377333,7.04,55.38,1963.1,11.2,16.94,21.41,Medium
RRA-00589,2025-09-06,Pune,Vadgaon Sheri Ward,Nagar Road,18.567301,73.917559,18.38,56.31,1205.6,27.7,13.74,20.82,High
RRA-00590,2025-02-05,Hyderabad,Hussain Sagar Ward,Tank Bund Road,17.427523,78.471977,,64.22,2094.9,22.2,,26.42,High
RRA-00591,2025-01-28,Hyderabad,Banjara Hills Ward,Banjara Hills Road No 12,17.41193,78.429292,3.19,56.43,1745.0,24.5,,34.45,Medium
RRA-00592,2025-12-25,Mumbai,Ghatkopar Ward,LBS Marg,19.08079,72.914416,12.27,50.98,456.2,8.0,13.31,64.75,Low
RRA-00593,2025-03-07,Mumbai,Thane Ward,Ghodbunder Road,19.237373,72.977323,9.87,60.38,751.3,18.8,13.34,60.54,Medium
RRA-00594,2025-02-20,Pune,Bibwewadi Ward,Pune Satara Road,18.465452,73.868737,6.79,47.7,1438.9,27.2,12.28,53.6,Medium
RRA-00595,2025-02-05,Bangalore,Kengeri Ward,Mysore Road,12.899549,77.484022,3.13,52.33,1342.8,10.9,15.99,33.33,Medium
RRA-00596,2025-10-03,Mumbai,Chembur Ward,Eastern Express Highway,19.056151,72.884403,12.9,52.9,2211.0,22.7,14.42,49.17,High
RRA-00597,2025-12-19,Mumbai,Ghatkopar Ward,LBS Marg,19.082459,72.905394,6.96,52.0,1554.6,8.0,14.69,64.75,Low
RRA-00598,2025-12-13,Delhi,Dwarka Ward,NH48 Highway,28.588091,77.051812,4.81,44.41,1122.2,3.7,21.95,33.75,Low
RRA-00599,2025-08-27,Delhi,Dhaula Kuan Ward,Outer Ring Road,28.59966,77.152377,27.53,54.2,298.1,27.2,19.11,32.72,High
RRA-00600,2025-03-04,Mumbai,Thane Ward,Ghodbunder Road,19.236757,72.978216,18.33,53.68,1096.0,18.8,12.28,60.54,Medium
RRA-00601,2025-04-02,Mumbai,Malad Ward,Link Road,19.178075,72.85887,20.92,64.21,909.1,27.8,12.67,34.41,High
RRA-00602,2025-01-09,Mumbai,Ghatkopar Ward,LBS Marg,19.08145,72.903395,10.4,48.68,1501.0,8.0,9.24,64.75,Low
RRA-00603,2025-08-14,Bangalore,Peenya Ward,Tumkur Road,13.029824,77.516651,28.62,54.66,871.2,7.4,26.64,84.46,Medium
RRA-00604,2025-07-25,Pune,Katraj Ward,Katraj Dehu Road Bypass,18.447873,73.862586,39.9,68.34,1965.6,27.9,14.8,10.35,Critical
RRA-00605,2025-11-02,Delhi,Nangloi Ward,Rohtak Road,28.68223,77.059494,3.69,45.74,802.7,7.7,,55.52,Low
RRA-00606,2025-11-27,Chennai,Neelankarai Ward,East Coast Road,12.961466,80.244221,26.64,66.79,1871.5,26.6,15.45,44.7,Critical
RRA-00607,2025-04-17,Hyderabad,Banjara Hills Ward,Banjara Hills Road No 12,17.411939,78.431898,19.69,65.57,1098.5,24.5,,34.45,Critical
RRA-00608,2025-07-28,Bangalore,Electronic City Ward,Hosur Road,12.846081,77.661069,32.27,54.88,2270.7,3.2,9.02,45.63,Medium
RRA-00609,2025-09-09,Pune,Bibwewadi Ward,Pune Satara Road,18.466593,73.86953,17.26,61.43,1814.1,27.2,4.86,53.6,High
RRA-00610,2025-07-02,Mumbai,Malad Ward,Link Road,19.183753,72.846284,61.86,74.95,754.7,27.8,10.59,34.41,Critical
RRA-00611,2025-10-03,Bangalore,Bannerghatta Ward,Bannerghatta Road,12.888477,77.608466,10.3,56.55,2317.0,27.2,23.76,33.99,Critical
RRA-00612,2025-01-19,Mumbai,Chembur Ward,Eastern Express Highway,19.062748,72.902764,12.76,45.87,1448.0,22.7,,49.17,Medium
RRA-00613,2025-01-14,Mumbai,Andheri Ward,Western Express Highway,19.111151,72.845525,14.98,54.37,1698.6,18.2,38.11,59.23,High
RRA-00614,2025-03-27,Mumbai,Thane Ward,Ghodbunder Road,19.244396,72.97328,9.64,,1895.9,18.8,7.5,60.54,Medium
RRA-00615,2025-10-24,Chennai,Neelankarai Ward,East Coast Road,12.95457,80.253961,,61.94,870.6,26.6,,44.7,High
RRA-00616,2025-12-24,Bangalore,Marathahalli Ward,Outer Ring Road,12.951587,77.705981,9.44,54.39,1311.5,15.6,9.51,54.34,Medium
RRA-00617,2025-11-03,Mumbai,Vashi Ward,Sion Panvel Highway,19.074934,73.015091,16.96,59.87,1858.2,15.5,18.39,64.06,Medium
RRA-00618,2025-10-11,Hyderabad,Banjara Hills Ward,Banjara Hills Road No 12,17.409076,78.433493,10.4,50.76,645.6,24.5,7.84,34.45,Medium
RRA-00619,2025-07-16,Bangalore,HAL Ward,Old Airport Road,12.96043,77.654729,41.58,74.3,1180.1,5.6,20.98,58.83,Medium
RRA-00620,2025-03-19,Mumbai,Vashi Ward,Sion Panvel Highway,19.071878,72.999258,14.54,53.34,1665.6,15.5,13.04,64.06,Medium
RRA-00621,2025-01-21,Chennai,Neelankarai Ward,East Coast Road,12.95459,80.249235,10.41,,1760.0,26.6,6.5,44.7,Medium
RRA-00622,2025-02-01,Bangalore,Peenya Ward,Tumkur Road,13.018581,77.514697,6.88,55.66,,7.4,14.04,84.46,Low
RRA-00623,2025-12-10,Mumbai,Malad Ward,Link Road,19.186275,72.846086,10.24,44.04,2739.3,27.8,19.58,34.41,Critical
RRA-00624,2025-01-21,Hyderabad,Banjara Hills Ward,Banjara Hills Road No 12,17.42562,78.436667,7.9,45.87,1372.8,24.5,8.56,34.45,Medium
RRA-00625,2025-06-22,Bangalore,Bannerghatta Ward,Bannerghatta Road,12.898383,77.60284,35.53,66.16,884.9,27.2,8.1,33.99,High
RRA-00626,2025-05-18,Delhi,Nizamuddin Ward,Mathura Road,28.57584,77.240952,,65.32,1596.1,15.6,38.38,61.4,High
RRA-00627,2025-06-12,Bangalore,HAL Ward,Old Airport Road,12.961872,77.65841,27.34,69.65,1594.7,5.6,18.38,58.83,Medium
RRA-00628,2025-06-20,Bangalore,Electronic City Ward,Hosur Road,12.855852,77.654537,34.07,71.26,1635.0,3.2,8.2,45.63,Medium
RRA-00629,2025-01-28,Chennai,Teynampet Ward,Anna Salai,13.031028,80.249047,14.55,57.53,1160.2,26.0,8.25,24.53,High
RRA-00630,2025-04-10,Hyderabad,Hussain Sagar Ward,Tank Bund Road,17.421329,78.467003,4.78,43.83,1396.4,22.2,10.89,26.42,Medium
RRA-00631,2025-06-16,Chennai,Koyambedu Ward,Poonamallee High Road,13.065463,80.191667,4.29,40.28,1722.5,2.5,16.92,52.88,Low
RRA-00632,2025-08-07,Bangalore,Whitefield Ward,Whitefield Main Road,12.961305,77.741772,29.98,63.74,1837.3,9.0,14.15,34.76,Medium
RRA-00633,2025-06-11,Pune,Baner Ward,Baner Road,18.548878,73.78491,32.99,68.35,1689.1,6.4,13.16,70.82,Medium
RRA-00634,2025-02-09,Mumbai,Bandra Ward,SV Road,19.067747,72.825219,14.05,51.75,2240.9,13.0,24.91,25.17,High
RRA-00635,2025-12-29,Hyderabad,Uppal Ward,Uppal Road,17.399948,78.56061,7.39,45.86,1357.3,22.8,8.65,33.72,Medium
RRA-00636,2025-11-14,Chennai,Teynampet Ward,Anna Salai,13.034431,80.243025,32.64,53.02,819.2,26.0,16.62,24.53,High
RRA-00637,2025-08-19,Chennai,Sholinganallur Ward,Old Mahabalipuram Road,12.908818,80.232981,25.17,,832.3,8.9,4.56,46.95,Low
RRA-00638,2025-02-14,Hyderabad,Hussain Sagar Ward,Tank Bund Road,17.418803,78.476218,8.26,37.29,1750.4,22.2,18.98,26.42,High
RRA-00639,2025-12-19,Delhi,Nizamuddin Ward,Mathura Road,28.585749,77.251805,7.22,49.14,1726.9,15.6,11.83,61.4,Medium
RRA-00640,2025-06-04,Mumbai,Chembur Ward,Eastern Express Highway,19.047754,72.904535,57.78,76.86,1870.2,22.7,14.07,49.17,Critical
RRA-00641,2025-07-30,Mumbai,Malad Ward,Link Road,19.18605,72.839904,50.03,82.07,219.9,27.8,9.84,34.41,Critical
RRA-00642,2025-06-26,Hyderabad,Uppal Ward,Uppal Road,17.398686,78.552208,30.56,64.78,1795.0,22.8,6.77,33.72,High
RRA-00643,2025-08-27,Hyderabad,Banjara Hills Ward,Banjara Hills Road No 12,17.412335,78.436237,30.23,80.68,2147.1,24.5,9.73,34.45,Critical
RRA-00644,2025-05-22,Chennai,Teynampet Ward,Anna Salai,13.046379,80.242552,5.71,42.85,1271.0,26.0,29.54,24.53,High
RRA-00645,2025-06-11,Delhi,Dwarka Ward,NH48 Highway,28.594145,77.045415,27.04,58.89,1762.1,3.7,19.08,33.75,Medium
RRA-00646,2025-08-22,Chennai,Sholinganallur Ward,Old Mahabalipuram Road,12.892651,80.227964,17.82,50.1,1754.8,8.9,8.63,46.95,Medium
RRA-00647,2025-03-03,Chennai,Teynampet Ward,Anna Salai,13.045875,80.251885,4.62,53.51,1410.6,26.0,10.41,24.53,High
RRA-00648,2025-11-21,Mumbai,Bandra Ward,SV Road,19.048846,72.833055,7.52,53.52,925.2,13.0,30.55,25.17,Medium
RRA-00649,2025-07-31,Pune,Baner Ward,Baner Road,18.557113,73.799358,36.29,62.3,1311.9,6.4,10.39,70.82,Medium
RRA-00650,2025-02-05,Bangalore,HAL Ward,Old Airport Road,12.963012,77.636058,8.45,49.46,199.3,5.6,4.72,58.83,Low
RRA-00651,2025-09-15,Pune,Bibwewadi Ward,Pune Satara Road,18.465901,73.871427,15.4,51.25,3588.2,27.2,13.31,53.6,Critical
RRA-00652,2025-03-02,Chennai,Neelankarai Ward,East Coast Road,12.953595,80.250791,4.94,52.78,1171.2,26.6,12.96,44.7,Medium
RRA-00653,2025-01-24,Hyderabad,Hussain Sagar Ward,Tank Bund Road,17.421579,78.470562,8.8,47.81,950.9,22.2,5.67,26.42,Medium
RRA-00654,2025-03-26,Mumbai,Bandra Ward,SV Road,19.069944,72.822841,17.74,66.21,734.8,13.0,3.92,25.17,Medium
RRA-00655,2025-06-26,Mumbai,Andheri Ward,Western Express Highway,19.11306,72.841156,65.66,89.09,1364.0,18.2,11.65,59.23,Critical
RRA-00656,2025-06-27,Mumbai,Malad Ward,Link Road,19.185836,72.863547,61.82,82.46,1228.9,27.8,12.16,34.41,Critical
RRA-00657,2025-04-28,Bangalore,Marathahalli Ward,Outer Ring Road,12.958714,77.701131,18.39,55.38,821.7,15.6,13.4,54.34,Medium
RRA-00658,2025-08-27,Mumbai,Malad Ward,Link Road,19.192855,72.846252,32.89,51.99,1224.6,27.8,23.2,34.41,Critical
RRA-00659,2025-11-27,Bangalore,Peenya Ward,Tumkur Road,13.04498,77.514238,6.71,60.25,745.6,7.4,14.62,84.46,Low
RRA-00660,2025-07-15,Delhi,Laxmi Nagar Ward,Vikas Marg,28.628055,77.283223,53.64,85.2,1568.7,9.6,16.27,24.48,High
RRA-00661,2025-09-23,Bangalore,Bellandur Ward,Sarjapur Road,12.902917,77.680656,14.0,60.27,1264.2,21.0,24.11,33.19,High
RRA-00662,2025-03-11,Chennai,Sholinganallur Ward,Old Mahabalipuram Road,12.908719,80.229693,9.85,33.88,1500.4,8.9,11.02,46.95,Low
RRA-00663,2025-12-03,Bangalore,Kengeri Ward,Mysore Road,12.896316,77.473608,3.95,47.29,1211.5,10.9,8.43,33.33,Low
RRA-00664,2025-12-06,Bangalore,Bellandur Ward,Sarjapur Road,12.911637,77.687655,5.02,40.26,1328.8,21.0,8.39,33.19,Medium
RRA-00665,2025-11-20,Chennai,Sholinganallur Ward,Old Mahabalipuram Road,12.901324,80.223711,31.22,61.19,1470.2,8.9,18.67,46.95,Medium
RRA-00666,2025-05-26,Bangalore,Electronic City Ward,Hosur Road,12.84447,77.661339,23.51,,298.7,3.2,11.23,45.63,Low
RRA-00667,2025-08-22,Mumbai,Malad Ward,Link Road,19.183886,72.831338,34.74,57.14,1028.1,27.8,3.45,34.41,High
RRA-00668,2025-07-20,Mumbai,Bandra Ward,SV Road,19.046579,72.824009,72.19,93.4,1729.8,13.0,21.38,25.17,Critical
RRA-00669,2025-04-25,Bangalore,Kengeri Ward,Mysore Road,12.907972,77.481712,7.97,47.04,1263.9,10.9,19.36,33.33,Medium
RRA-00670,2025-03-01,Pune,Vadgaon Sheri Ward,Nagar Road,18.559129,73.907628,11.53,45.33,1122.7,27.7,11.56,20.82,High
RRA-00671,2025-04-14,Delhi,Laxmi Nagar Ward,Vikas Marg,28.627036,77.275383,14.6,47.02,1746.4,9.6,8.08,24.48,Medium
RRA-00672,2025-10-18,Mumbai,Chembur Ward,Eastern Express Highway,19.05617,72.912346,11.0,46.18,2711.8,22.7,12.58,49.17,High
RRA-00673,2025-10-02,Delhi,Laxmi Nagar Ward,Vikas Marg,28.629577,77.284427,,60.77,1544.6,9.6,15.7,24.48,Medium
RRA-00674,2025-09-21,Delhi,Nangloi Ward,Rohtak Road,28.682951,77.04288,18.22,60.08,1917.5,7.7,6.67,55.52,Medium
RRA-00675,2025-08-21,Delhi,Azadpur Ward,GT Karnal Road,28.704997,77.169352,31.86,62.57,2720.2,8.5,10.89,55.67,High
RRA-00676,2025-08-24,Bangalore,HAL Ward,Old Airport Road,12.958079,77.650041,24.58,52.2,1832.9,5.6,19.19,58.83,Medium
RRA-00677,2025-11-21,Bangalore,Kengeri Ward,Mysore Road,12.909642,77.486205,7.9,45.85,,10.9,17.43,33.33,Medium
RRA-00678,2025-04-27,Chennai,Teynampet Ward,Anna Salai,13.04175,80.241073,4.2,37.58,2297.6,26.0,7.99,24.53,High
RRA-00679,2025-08-04,Chennai,Tambaram Ward,GST Road,12.924495,80.100918,,39.57,1147.7,27.5,8.25,8.73,High
RRA-00680,2025-08-02,Hyderabad,Uppal Ward,Uppal Road,17.407181,78.561781,42.43,65.96,945.7,22.8,3.6,33.72,High
RRA-00681,2025-01-17,Bangalore,Marathahalli Ward,Outer Ring Road,12.957667,77.697746,3.89,36.47,1930.8,15.6,,54.34,Medium
RRA-00682,2025-01-17,Chennai,Tambaram Ward,GST Road,12.933112,80.102195,,61.26,115.5,27.5,20.83,8.73,High
RRA-00683,2025-01-15,Chennai,Koyambedu Ward,Poonamallee High Road,13.069278,80.182306,8.71,43.34,311.5,2.5,5.51,52.88,Low
RRA-00684,2025-10-19,Pune,Vadgaon Sheri Ward,Nagar Road,18.556851,73.915882,7.11,41.26,1118.7,27.7,7.15,20.82,Medium
RRA-00685,2025-02-22,Delhi,Dwarka Ward,NH48 Highway,28.603864,77.062033,7.68,49.81,1306.8,3.7,9.49,33.75,Low
RRA-00686,2025-11-18,Mumbai,Bandra Ward,SV Road,19.060192,72.823742,6.37,43.09,2038.2,13.0,17.09,25.17,Medium
RRA-00687,2025-01-28,Bangalore,Marathahalli Ward,Outer Ring Road,12.95817,77.699556,9.22,43.76,2223.5,15.6,8.92,54.34,Medium
RRA-00688,2025-04-07,Delhi,Dwarka Ward,NH48 Highway,28.605081,77.0455,7.73,49.34,1270.7,3.7,6.84,33.75,Low
RRA-00689,2025-05-07,Pune,Bibwewadi Ward,Pune Satara Road,18.463459,73.874715,16.77,56.26,934.5,27.2,21.0,53.6,High
RRA-00690,2025-11-16,Delhi,Dhaula Kuan Ward,Outer Ring Road,28.603429,77.163383,18.77,55.4,730.8,27.2,19.38,32.72,High
RRA-00691,2025-03-09,Bangalore,Electronic City Ward,Hosur Road,12.843539,77.652157,3.56,59.47,1031.2,3.2,10.43,45.63,Low
RRA-00692,2025-02-03,Hyderabad,Gachibowli Ward,Outer Ring Road,17.452456,78.37636,6.38,41.04,685.2,11.2,26.69,21.41,Medium
RRA-00693,2025-02-28,Bangalore,Bellandur Ward,Sarjapur Road,12.908518,77.671358,14.87,45.93,2345.3,21.0,8.68,33.19,High
RRA-00694,2025-11-04,Bangalore,Kengeri Ward,Mysore Road,12.8986,77.483707,4.57,47.5,359.6,10.9,3.81,33.33,Low
RRA-00695,2025-09-09,Hyderabad,Hussain Sagar Ward,Tank Bund Road,17.421913,78.471213,30.09,53.28,1277.8,22.2,7.15,26.42,High
RRA-00696,2025-12-11,Chennai,Sholinganallur Ward,Old Mahabalipuram Road,12.903971,80.224262,21.64,74.15,1039.6,8.9,4.77,46.95,Low
RRA-00697,2025-01-04,Delhi,Nangloi Ward,Rohtak Road,28.678674,77.05673,3.2,44.37,2369.1,7.7,14.69,55.52,Medium
RRA-00698,2025-01-31,Pune,Katraj Ward,Katraj Dehu Road Bypass,18.459862,73.863432,4.8,37.51,1738.5,27.9,17.13,10.35,High
RRA-00699,2025-08-19,Mumbai,Ghatkopar Ward,LBS Marg,19.080972,72.914267,32.49,63.69,1073.2,8.0,9.58,64.75,Medium
RRA-00700,2025-10-11,Hyderabad,Uppal Ward,Uppal Road,17.403771,78.568145,10.01,47.24,1962.9,22.8,7.11,33.72,High
RRA-00701,2025-05-23,Bangalore,Electronic City Ward,Hosur Road,12.853447,77.676496,24.07,54.01,4427.105368074836,3.2,8.45,45.63,Low
RRA-00702,2025-10-04,Delhi,Nangloi Ward,Rohtak Road,28.675228,77.05786,11.25,55.77,2197.3,7.7,11.45,55.52,Medium
RRA-00703,2025-03-18,Pune,Baner Ward,Baner Road,18.556277,73.78146,5.73,48.11,862.6,6.4,16.99,70.82,Low
RRA-00704,2025-02-12,Mumbai,Malad Ward,Link Road,19.178442,72.852189,7.03,49.32,1732.3,27.8,12.12,34.41,High
RRA-00705,2025-04-17,Mumbai,Malad Ward,Link Road,19.189068,72.852434,18.98,63.68,1004.4,27.8,10.95,34.41,High
RRA-00706,2025-05-02,Bangalore,Marathahalli Ward,Outer Ring Road,12.964763,77.705001,7.04,53.11,1943.0,15.6,20.04,54.34,Medium
RRA-00707,2025-12-03,Mumbai,Vashi Ward,Sion Panvel Highway,19.050685,72.999784,7.86,54.45,1477.3,15.5,6.66,64.06,Low
RRA-00708,2025-06-15,Chennai,Tambaram Ward,GST Road,12.918765,80.093482,11.95,51.98,1003.9,27.5,20.06,8.73,High
RRA-00709,2025-01-28,Chennai,Teynampet Ward,Anna Salai,13.037116,80.246916,7.46,46.39,1136.4,26.0,7.17,24.53,Medium
RRA-00710,2025-11-28,Mumbai,Vashi Ward,Sion Panvel Highway,19.068501,72.995263,11.83,44.67,2112.7,15.5,14.3,64.06,Medium
RRA-00711,2025-01-08,Bangalore,Bellandur Ward,Sarjapur Road,12.89787,77.697952,3.76,48.07,1349.7,21.0,14.63,33.19,Medium
RRA-00712,2025-11-17,Delhi,Dwarka Ward,NH48 Highway,28.590443,77.054469,6.12,42.32,5459.841308897368,3.7,5.14,33.75,Low
RRA-00713,2025-02-27,Pune,Bibwewadi Ward,Pune Satara Road,18.467598,73.864888,3.29,51.1,937.1,27.2,8.75,53.6,Medium
RRA-00714,2025-09-14,Bangalore,Peenya Ward,Tumkur Road,13.022252,77.525475,13.81,57.0,1023.2,7.4,10.97,84.46,Low
RRA-00715,2025-07-10,Delhi,Dhaula Kuan Ward,Outer Ring Road,28.593564,77.161141,43.87,66.21,1238.9,27.2,15.12,32.72,Critical
RRA-00716,2025-12-02,Delhi,Azadpur Ward,GT Karnal Road,28.728338,77.179645,6.14,50.82,702.6,8.5,4.13,55.67,Low
RRA-00717,2025-08-21,Mumbai,Andheri Ward,Western Express Highway,19.12205,72.833966,31.61,62.94,818.2,18.2,4.07,59.23,Medium
RRA-00718,2025-05-17,Chennai,Teynampet Ward,Anna Salai,13.054072,80.250897,19.24,48.84,1294.9,26.0,8.29,24.53,High
RRA-00719,2025-04-14,Pune,Bibwewadi Ward,Pune Satara Road,18.467113,73.868162,9.79,51.61,2020.8,27.2,11.42,53.6,High
RRA-00720,2025-04-22,Hyderabad,Hussain Sagar Ward,Tank Bund Road,17.423239,78.478477,20.0,64.19,1624.5,22.2,4.72,26.42,High
RRA-00721,2025-09-16,Delhi,Nangloi Ward,Rohtak Road,28.685631,77.047881,18.73,55.73,838.7,7.7,17.73,55.52,Low
RRA-00722,2025-07-19,Pune,Bibwewadi Ward,Pune Satara Road,18.468485,73.866303,36.56,60.91,1836.4,27.2,20.86,53.6,Critical
RRA-00723,2025-07-16,Delhi,Laxmi Nagar Ward,Vikas Marg,28.628998,77.281862,41.17,77.13,1422.8,9.6,17.27,24.48,High
RRA-00724,2025-03-19,Bangalore,HAL Ward,Old Airport Road,12.972189,77.651739,9.44,54.27,1182.6,5.6,8.44,58.83,Low
RRA-00725,2025-06-11,Delhi,Laxmi Nagar Ward,Vikas Marg,28.625355,77.275575,26.44,62.29,1906.0,9.6,11.48,24.48,Medium
RRA-00726,2025-05-20,Chennai,Koyambedu Ward,Poonamallee High Road,13.061903,80.200032,4.46,53.62,886.7,2.5,6.45,52.88,Low
RRA-00727,2025-11-28,Hyderabad,Banjara Hills Ward,Banjara Hills Road No 12,17.408506,78.438992,6.83,49.86,962.1,24.5,32.0,34.45,High
RRA-00728,2025-08-21,Hyderabad,Gachibowli Ward,Outer Ring Road,17.430529,78.38823,30.88,53.98,1796.9,11.2,12.11,21.41,High
RRA-00729,2025-08-22,Bangalore,Bannerghatta Ward,Bannerghatta Road,12.897182,77.596115,27.12,50.97,1245.3,27.2,17.43,33.99,Critical
RRA-00730,2025-11-30,Mumbai,Vashi Ward,Sion Panvel Highway,19.074835,73.006098,12.38,49.34,1123.6,15.5,5.94,64.06,Low
RRA-00731,2025-07-11,Bangalore,Kengeri Ward,Mysore Road,12.907366,77.47864,36.3,69.17,1228.0,10.9,16.59,33.33,High
RRA-00732,2025-03-05,Bangalore,Electronic City Ward,Hosur Road,12.851886,77.660925,7.22,49.47,2211.2,3.2,5.88,45.63,Low
RRA-00733,2025-05-30,Hyderabad,Uppal Ward,Uppal Road,17.391839,78.557592,20.27,59.13,1536.0,22.8,6.41,33.72,High
RRA-00734,2025-05-10,Bangalore,Bellandur Ward,Sarjapur Road,12.920711,77.683616,9.53,58.85,1182.0,21.0,6.08,33.19,Medium
RRA-00735,2025-06-07,Mumbai,Thane Ward,Ghodbunder Road,19.237961,72.96837,55.61,82.3,1818.9,18.8,9.36,60.54,Critical
RRA-00736,2025-11-07,Mumbai,Chembur Ward,Eastern Express Highway,19.048038,72.905705,13.08,52.49,1425.4,22.7,16.95,49.17,Medium
RRA-00737,2025-02-06,Pune,Vadgaon Sheri Ward,Nagar Road,18.554048,73.915829,3.98,49.73,910.8,27.7,5.26,20.82,Medium
RRA-00738,2025-09-15,Delhi,Azadpur Ward,GT Karnal Road,28.725685,77.170386,17.31,54.68,476.0,8.5,34.08,55.67,Medium
RRA-00739,2025-06-19,Bangalore,HAL Ward,Old Airport Road,12.955037,77.661243,47.32,76.73,736.0,5.6,6.86,58.83,Medium
RRA-00740,2025-01-21,Hyderabad,Banjara Hills Ward,Banjara Hills Road No 12,17.414244,78.430517,10.34,46.88,1420.4,24.5,18.45,34.45,High
RRA-00741,2025-05-09,Bangalore,Bellandur Ward,Sarjapur Road,12.914011,77.690282,22.55,63.03,932.2,21.0,6.82,33.19,Medium
RRA-00742,2025-01-21,Bangalore,Peenya Ward,Tumkur Road,13.026791,77.520232,9.08,53.61,100.0,7.4,14.33,84.46,Low
RRA-00743,2025-11-15,Chennai,Koyambedu Ward,Poonamallee High Road,13.076267,80.185838,39.03,68.51,757.9,2.5,21.51,52.88,Medium
RRA-00744,2025-07-06,Chennai,Koyambedu Ward,Poonamallee High Road,13.075698,80.205842,11.41,55.02,1395.3,2.5,19.06,52.88,Low
RRA-00745,2025-05-20,Pune,Katraj Ward,Katraj Dehu Road Bypass,18.457388,73.864735,22.04,61.26,1423.2,27.9,15.69,10.35,Critical
RRA-00746,2025-03-09,Pune,Baner Ward,Baner Road,18.555069,73.787441,11.05,54.63,3075.5,6.4,11.05,70.82,Medium
RRA-00747,2025-12-18,Delhi,Nangloi Ward,Rohtak Road,28.685981,77.05884,7.33,46.87,1629.8,7.7,,55.52,Low
RRA-00748,2025-06-21,Bangalore,Bannerghatta Ward,Bannerghatta Road,12.90204,77.600137,33.05,62.29,1063.3,27.2,8.75,33.99,High
RRA-00749,2025-04-07,Delhi,Dhaula Kuan Ward,Outer Ring Road,28.585266,77.162832,6.57,40.32,1542.3,27.2,16.34,32.72,High
RRA-00750,2025-12-25,Delhi,Laxmi Nagar Ward,Vikas Marg,28.628279,77.272783,3.88,39.76,2074.1,9.6,11.89,24.48,Medium
RRA-00751,2025-03-18,Mumbai,Malad Ward,Link Road,19.190529,72.854157,13.33,50.97,1454.1,27.8,7.54,34.41,High
RRA-00752,2025-11-12,Bangalore,Peenya Ward,Tumkur Road,13.034714,77.520887,8.9,47.11,820.6,7.4,10.43,84.46,Low
RRA-00753,2025-10-23,Chennai,Koyambedu Ward,Poonamallee High Road,13.069541,80.186371,34.59,61.77,1916.9,2.5,10.97,52.88,Medium
RRA-00754,2025-10-11,Bangalore,Whitefield Ward,Whitefield Main Road,12.978812,77.755486,9.81,41.13,867.4,9.0,9.37,34.76,Low
RRA-00755,2025-11-12,Mumbai,Malad Ward,Link Road,19.180504,72.844427,11.71,35.78,1609.7,27.8,11.99,34.41,High
RRA-00756,2025-01-07,Hyderabad,Uppal Ward,Uppal Road,17.404748,78.558871,12.12,52.9,1462.6,22.8,4.49,33.72,Medium
RRA-00757,2025-08-25,Hyderabad,Banjara Hills Ward,Banjara Hills Road No 12,17.408079,78.425583,39.58,69.47,2079.1,24.5,9.43,34.45,Critical
RRA-00758,2025-08-04,Bangalore,Kengeri Ward,Mysore Road,12.91525,77.501718,33.8,76.76,245.3,10.9,11.32,33.33,Medium
RRA-00759,2025-02-12,Bangalore,Peenya Ward,Tumkur Road,13.026632,77.522658,17.42,,1304.0,7.4,8.62,84.46,Low
RRA-00760,2025-01-25,Delhi,Dwarka Ward,NH48 Highway,28.591863,77.041913,9.82,45.87,2412.9,3.7,15.22,33.75,Medium
RRA-00761,2025-05-04,Delhi,Dwarka Ward,NH48 Highway,28.594243,77.0531,10.01,47.71,813.3,3.7,5.58,33.75,Low
RRA-00762,2025-10-13,Chennai,Neelankarai Ward,East Coast Road,12.970699,80.25441,29.7,62.05,1591.4,26.6,19.81,44.7,Critical
RRA-00763,2025-08-15,Delhi,Dhaula Kuan Ward,Outer Ring Road,28.583397,77.153535,47.93,76.22,,27.2,11.84,32.72,Critical
RRA-00764,2025-03-30,Chennai,Teynampet Ward,Anna Salai,13.04953,80.245167,4.79,49.01,1477.9,26.0,6.81,24.53,Medium
RRA-00765,2025-01-26,Delhi,Nizamuddin Ward,Mathura Road,28.58821,77.255159,5.12,51.75,,15.6,8.08,61.4,Low
RRA-00766,2025-06-29,Bangalore,Bannerghatta Ward,Bannerghatta Road,12.89496,77.596503,35.09,63.38,1421.6,27.2,27.1,33.99,Critical
RRA-00767,2025-12-06,Hyderabad,Gachibowli Ward,Outer Ring Road,17.432876,78.380312,2.74,39.34,2111.5,11.2,9.09,21.41,Medium
RRA-00768,2025-12-07,Bangalore,Kengeri Ward,Mysore Road,12.914418,77.485133,3.61,41.58,2240.1,10.9,12.97,33.33,Medium
RRA-00769,2025-06-23,Delhi,Laxmi Nagar Ward,Vikas Marg,28.615847,77.270642,50.94,67.21,1821.3,9.6,17.86,24.48,Critical
RRA-00770,2025-11-30,Bangalore,Bannerghatta Ward,Bannerghatta Road,12.900788,77.6007,10.87,42.75,1126.8,27.2,9.16,33.99,Medium
RRA-00771,2025-11-19,Chennai,Neelankarai Ward,East Coast Road,12.963296,80.254634,29.27,75.83,2358.6,26.6,12.32,44.7,Critical
RRA-00772,2025-08-29,Chennai,Koyambedu Ward,Poonamallee High Road,13.065249,80.186898,25.94,59.05,1685.4,2.5,4.28,52.88,Low
RRA-00773,2025-04-06,Chennai,Sholinganallur Ward,Old Mahabalipuram Road,12.894351,80.230979,12.94,50.09,989.8,8.9,21.16,46.95,Medium
RRA-00774,2025-01-16,Bangalore,Whitefield Ward,Whitefield Main Road,12.954197,77.75858,3.07,46.39,1330.4,9.0,8.54,34.76,Low
RRA-00775,2025-03-12,Mumbai,Andheri Ward,Western Express Highway,19.123413,72.840705,7.78,41.15,913.9,18.2,16.85,59.23,Medium
RRA-00776,2025-07-16,Hyderabad,Hussain Sagar Ward,Tank Bund Road,17.413511,78.464116,38.86,64.88,1565.4,22.2,11.39,26.42,Critical
RRA-00777,2025-09-05,Mumbai,Vashi Ward,Sion Panvel Highway,19.075739,72.999797,20.98,58.47,367.1,15.5,30.94,64.06,Medium
RRA-00778,2025-06-13,Mumbai,Andheri Ward,Western Express Highway,19.121388,72.847923,65.21,91.96,1179.5,18.2,11.42,59.23,Critical
RRA-00779,2025-03-16,Hyderabad,Hussain Sagar Ward,Tank Bund Road,17.42014,78.46001,5.67,45.16,1750.9,22.2,9.9,26.42,Medium
RRA-00780,2025-04-16,Chennai,Koyambedu Ward,Poonamallee High Road,13.069359,80.206968,9.04,42.58,1328.6,2.5,8.77,52.88,Low
RRA-00781,2025-08-05,Delhi,Dhaula Kuan Ward,Outer Ring Road,28.597411,77.168726,34.16,81.04,976.1,27.2,8.35,32.72,High
RRA-00782,2025-02-15,Mumbai,Chembur Ward,Eastern Express Highway,19.059107,72.902132,6.9,59.22,1950.3,22.7,5.38,49.17,Medium
RRA-00783,2025-07-22,Chennai,Tambaram Ward,GST Road,12.92954,80.093524,10.24,51.3,912.8,27.5,13.63,8.73,High
RRA-00784,2025-08-28,Pune,Bibwewadi Ward,Pune Satara Road,18.470109,73.860711,,63.36,1996.1,27.2,7.08,53.6,High
RRA-00785,2025-11-12,Pune,Bibwewadi Ward,Pune Satara Road,18.471046,73.857095,4.58,50.12,162.2,27.2,11.93,53.6,Medium
RRA-00786,2025-11-01,Bangalore,Electronic City Ward,Hosur Road,12.847551,77.654235,6.78,45.61,100.0,3.2,8.69,45.63,Low
RRA-00787,2025-02-06,Chennai,Sholinganallur Ward,Old Mahabalipuram Road,12.902723,80.226963,8.74,50.82,388.9,8.9,34.49,46.95,Medium
RRA-00788,2025-06-07,Hyderabad,Gachibowli Ward,Outer Ring Road,17.441161,78.373654,27.71,64.97,714.0,11.2,12.21,21.41,Medium
RRA-00789,2025-05-06,Bangalore,Marathahalli Ward,Outer Ring Road,12.956611,77.703036,22.2,56.51,1118.0,15.6,8.03,54.34,Medium
RRA-00790,2025-01-28,Delhi,Nangloi Ward,Rohtak Road,28.677901,77.05315,4.78,55.9,1771.4,7.7,9.66,55.52,Low
RRA-00791,2025-12-18,Chennai,Koyambedu Ward,Poonamallee High Road,13.069021,80.181112,19.26,53.11,1510.0,2.5,18.31,52.88,Low
RRA-00792,2025-01-22,Hyderabad,Uppal Ward,Uppal Road,17.403603,78.549789,2.76,47.97,2244.8,22.8,12.08,33.72,High
RRA-00793,2025-12-23,Hyderabad,Banjara Hills Ward,Banjara Hills Road No 12,17.423396,78.430483,11.98,34.62,933.2,24.5,21.55,34.45,High
RRA-00794,2025-10-19,Pune,Vadgaon Sheri Ward,Nagar Road,18.561712,73.909176,25.35,57.17,926.2,27.7,17.78,20.82,High
RRA-00795,2025-11-13,Mumbai,Vashi Ward,Sion Panvel Highway,19.080387,72.994163,18.45,60.31,1396.0,15.5,12.88,64.06,Medium
RRA-00796,2025-09-15,Bangalore,Whitefield Ward,Whitefield Main Road,12.968905,77.754644,16.59,55.99,,9.0,21.92,34.76,Medium
RRA-00797,2025-06-16,Hyderabad,Hussain Sagar Ward,Tank Bund Road,17.424562,78.471364,21.53,51.06,927.3,22.2,4.06,26.42,Medium
RRA-00798,2025-01-09,Hyderabad,Banjara Hills Ward,Banjara Hills Road No 12,17.41348,78.441146,6.19,52.85,784.1,24.5,20.34,34.45,Medium
RRA-00799,2025-01-22,Hyderabad,Uppal Ward,Uppal Road,17.411193,78.563163,3.09,,4322.427559487138,22.8,3.78,33.72,Medium
RRA-00800,2025-11-20,Delhi,Dwarka Ward,NH48 Highway,28.589513,77.050665,6.61,60.59,1342.6,3.7,13.72,33.75,Low
RRA-00801,2025-03-31,Bangalore,Electronic City Ward,Hosur Road,12.847755,77.660315,23.1,50.68,1787.4,3.2,11.99,45.63,Low
RRA-00802,2025-10-08,Pune,Baner Ward,Baner Road,18.546078,73.782836,,48.5,1553.4,6.4,34.24,70.82,Medium
RRA-00803,2025-06-27,Delhi,Nangloi Ward,Rohtak Road,28.680648,77.063099,35.95,61.03,1398.7,7.7,16.1,55.52,Medium
RRA-00804,2025-05-02,Hyderabad,Gachibowli Ward,Outer Ring Road,17.432241,78.363149,13.46,57.08,2127.4,11.2,17.06,21.41,Medium
RRA-00805,2025-06-24,Mumbai,Malad Ward,Link Road,19.191464,72.844303,68.33,90.14,1758.6,27.8,2.4,34.41,Critical
RRA-00806,2025-10-11,Mumbai,Andheri Ward,Western Express Highway,19.124063,72.844372,10.84,62.59,1944.9,18.2,11.01,59.23,Medium
RRA-00807,2025-12-02,Mumbai,Andheri Ward,Western Express Highway,19.120858,72.856859,7.98,56.22,,18.2,5.77,59.23,Medium
RRA-00808,2025-11-07,Chennai,Tambaram Ward,GST Road,12.9335,80.108805,45.37,70.37,1776.6,27.5,5.88,8.73,Critical
RRA-00809,2025-03-15,Delhi,Dhaula Kuan Ward,Outer Ring Road,28.587819,77.157427,12.75,46.29,1196.0,27.2,26.89,32.72,Critical
RRA-00810,2025-04-23,Hyderabad,Hussain Sagar Ward,Tank Bund Road,17.424675,78.477263,8.32,57.13,1235.6,22.2,4.66,26.42,Medium
RRA-00811,2025-08-08,Delhi,Nangloi Ward,Rohtak Road,28.683875,77.059967,41.05,57.33,2097.0,7.7,15.05,55.52,Medium
RRA-00812,2025-09-20,Pune,Vadgaon Sheri Ward,Nagar Road,18.548351,73.910459,11.33,52.61,1260.1,27.7,8.21,20.82,High
RRA-00813,2025-11-10,Chennai,Tambaram Ward,GST Road,12.923493,80.111804,29.9,62.0,870.6,27.5,18.83,8.73,Critical
RRA-00814,2025-01-15,Bangalore,Peenya Ward,Tumkur Road,13.034726,77.514731,6.56,57.69,1781.6,7.4,20.43,84.46,Low
RRA-00815,2025-01-01,Mumbai,Thane Ward,Ghodbunder Road,19.245091,72.985208,14.92,,532.4,18.8,20.83,60.54,Medium
RRA-00816,2025-03-20,Pune,Bibwewadi Ward,Pune Satara Road,18.463173,73.863999,9.57,45.16,1263.2,27.2,8.23,53.6,Medium
RRA-00817,2025-05-24,Delhi,Azadpur Ward,GT Karnal Road,28.716072,77.169777,18.34,54.48,1096.0,8.5,9.56,55.67,Low
RRA-00818,2025-03-15,Mumbai,Malad Ward,Link Road,19.182018,72.851339,9.59,52.98,1410.0,27.8,11.61,34.41,High
RRA-00819,2025-02-24,Delhi,Laxmi Nagar Ward,Vikas Marg,28.635078,77.266069,12.75,,2157.3,9.6,3.9,24.48,Medium
RRA-00820,2025-11-10,Chennai,Neelankarai Ward,East Coast Road,12.956387,80.256925,39.12,85.06,3177.2,26.6,9.91,44.7,Critical
RRA-00821,2025-12-14,Mumbai,Vashi Ward,Sion Panvel Highway,19.076471,72.997519,7.01,38.53,2436.8,15.5,18.42,64.06,Medium
RRA-00822,2025-07-09,Delhi,Laxmi Nagar Ward,Vikas Marg,28.625059,77.271722,42.41,66.18,792.3,9.6,15.52,24.48,Medium
RRA-00823,2025-04-08,Chennai,Tambaram Ward,GST Road,12.914742,80.099811,13.03,50.51,1190.8,27.5,9.4,8.73,High
RRA-00824,2025-07-16,Mumbai,Andheri Ward,Western Express Highway,19.110481,72.839699,62.36,88.89,1623.1,18.2,10.96,59.23,Critical
RRA-00825,2025-08-03,Bangalore,Bannerghatta Ward,Bannerghatta Road,12.891139,77.603569,33.17,68.25,1574.2,27.2,11.74,33.99,Critical
RRA-00826,2025-09-22,Delhi,Nangloi Ward,Rohtak Road,28.673945,77.053818,15.3,54.68,2061.1,7.7,13.5,55.52,Medium
RRA-00827,2025-07-26,Delhi,Dwarka Ward,NH48 Highway,28.594323,77.041522,38.46,68.36,747.0,3.7,10.13,33.75,Medium
RRA-00828,2025-07-08,Bangalore,Whitefield Ward,Whitefield Main Road,12.976685,77.744799,43.2,76.54,1130.1,9.0,7.72,34.76,Medium
RRA-00829,2025-05-28,Chennai,Teynampet Ward,Anna Salai,13.042674,80.238862,11.09,62.12,748.6,26.0,12.42,24.53,Medium
RRA-00830,2025-12-23,Bangalore,HAL Ward,Old Airport Road,12.964185,77.635072,5.49,48.96,2013.0,5.6,16.01,58.83,Low
RRA-00831,2025-11-17,Delhi,Nangloi Ward,Rohtak Road,28.682378,77.05337,3.2,51.05,1583.9,7.7,11.24,55.52,Low
RRA-00832,2025-09-03,Mumbai,Vashi Ward,Sion Panvel Highway,19.0784,72.993061,24.47,67.62,1804.4,15.5,13.04,64.06,Medium
RRA-00833,2025-12-23,Bangalore,Bannerghatta Ward,Bannerghatta Road,12.891084,77.59317,4.8,37.39,1329.6,27.2,18.56,33.99,High
RRA-00834,2025-04-01,Delhi,Nizamuddin Ward,Mathura Road,28.585842,77.250303,3.08,41.65,,15.6,19.96,61.4,High
RRA-00835,2025-07-12,Bangalore,Kengeri Ward,Mysore Road,12.902555,77.486201,,61.13,2350.2,10.9,18.76,33.33,High
RRA-00836,2025-03-11,Bangalore,Bannerghatta Ward,Bannerghatta Road,12.893446,77.599913,5.86,64.62,1562.6,27.2,4.68,33.99,High
RRA-00837,2025-07-30,Mumbai,Thane Ward,Ghodbunder Road,19.244309,72.984665,47.72,76.65,2086.5,18.8,12.57,60.54,Critical
RRA-00838,2025-05-16,Delhi,Dhaula Kuan Ward,Outer Ring Road,28.597665,77.166761,16.09,53.78,817.9,27.2,11.5,32.72,High
RRA-00839,2025-06-13,Mumbai,Thane Ward,Ghodbunder Road,19.244853,72.981951,58.92,77.67,2317.3,18.8,7.45,60.54,Critical
RRA-00840,2025-01-24,Chennai,Koyambedu Ward,Poonamallee High Road,13.075634,80.186899,14.19,53.07,232.2,2.5,8.75,52.88,Low
RRA-00841,2025-07-03,Delhi,Nizamuddin Ward,Mathura Road,28.591029,77.248558,42.59,78.13,570.7,15.6,16.94,61.4,High
RRA-00842,2025-07-20,Mumbai,Vashi Ward,Sion Panvel Highway,19.065392,73.000683,62.8,81.66,1860.1,15.5,6.85,64.06,Critical
RRA-00843,2025-03-21,Bangalore,Marathahalli Ward,Outer Ring Road,12.964202,77.702858,11.66,59.79,738.5,15.6,15.94,54.34,Medium
RRA-00844,2025-07-11,Hyderabad,Banjara Hills Ward,Banjara Hills Road No 12,17.413197,78.434252,47.77,68.99,2112.7,24.5,19.66,34.45,Critical
RRA-00845,2025-04-28,Hyderabad,Banjara Hills Ward,Banjara Hills Road No 12,17.411276,78.438511,5.4,50.67,100.0,24.5,15.09,34.45,Medium
RRA-00846,2025-07-07,Pune,Bibwewadi Ward,Pune Satara Road,18.469902,73.862167,45.52,79.29,1973.5,27.2,8.43,53.6,Critical
RRA-00847,2025-08-15,Bangalore,Electronic City Ward,Hosur Road,12.856834,77.666372,33.61,70.39,,3.2,12.52,45.63,Medium
RRA-00848,2025-05-04,Mumbai,Malad Ward,Link Road,19.18408,72.852885,29.54,61.33,969.5,27.8,5.99,34.41,High
RRA-00849,2025-09-09,Bangalore,Bannerghatta Ward,Bannerghatta Road,12.899544,77.59275,25.71,61.96,2008.2,27.2,8.61,33.99,Critical
RRA-00850,2025-02-28,Bangalore,Whitefield Ward,Whitefield Main Road,12.967354,77.748133,5.89,49.36,696.0,9.0,19.4,34.76,Low
RRA-00851,2025-12-06,Bangalore,Peenya Ward,Tumkur Road,13.038594,77.515436,4.65,45.09,6481.513741495185,7.4,3.39,84.46,Low
RRA-00852,2025-10-05,Hyderabad,Uppal Ward,Uppal Road,17.396881,78.549738,15.22,53.72,1753.8,22.8,14.06,33.72,High
RRA-00853,2025-01-26,Chennai,Teynampet Ward,Anna Salai,13.031184,80.244778,7.66,37.34,2342.3,26.0,2.0,24.53,High
RRA-00854,2025-12-06,Pune,Baner Ward,Baner Road,18.561675,73.782602,13.38,57.41,820.7,6.4,7.91,70.82,Low
RRA-00855,2025-05-09,Pune,Bibwewadi Ward,Pune Satara Road,18.470589,73.869063,26.21,68.63,879.7,27.2,10.49,53.6,High
RRA-00856,2025-06-03,Chennai,Neelankarai Ward,East Coast Road,12.961759,80.260137,12.27,52.09,1285.0,26.6,15.2,44.7,High
RRA-00857,2025-11-13,Delhi,Nangloi Ward,Rohtak Road,28.678623,77.052204,8.3,46.99,803.3,7.7,22.15,55.52,Low
RRA-00858,2025-10-15,Bangalore,Kengeri Ward,Mysore Road,12.904704,77.484549,6.89,44.83,1210.5,10.9,,33.33,Low
RRA-00859,2025-09-24,Delhi,Laxmi Nagar Ward,Vikas Marg,28.637426,77.268625,19.22,66.46,996.6,9.6,10.33,24.48,Medium
RRA-00860,2025-03-20,Delhi,Dhaula Kuan Ward,Outer Ring Road,28.594686,77.154792,8.73,47.26,853.6,27.2,13.03,32.72,Medium
RRA-00861,2025-10-12,Chennai,Koyambedu Ward,Poonamallee High Road,13.065443,80.187537,31.78,68.62,762.5,2.5,33.22,52.88,Medium
RRA-00862,2025-06-19,Mumbai,Chembur Ward,Eastern Express Highway,19.050381,72.903938,64.65,90.09,3025.3,22.7,8.2,49.17,Critical
RRA-00863,2025-05-22,Bangalore,Bellandur Ward,Sarjapur Road,12.91542,77.690884,23.75,52.08,1557.2,21.0,7.28,33.19,High
RRA-00864,2025-05-16,Bangalore,Electronic City Ward,Hosur Road,12.837061,77.66068,13.25,57.72,426.1,3.2,13.63,45.63,Low
RRA-00865,2025-01-18,Hyderabad,Hussain Sagar Ward,Tank Bund Road,17.416471,78.47162,8.2,53.94,704.6,22.2,6.29,26.42,Medium
RRA-00866,2025-11-20,Chennai,Teynampet Ward,Anna Salai,13.03628,80.239765,29.46,70.65,1600.2,26.0,8.21,24.53,High
RRA-00867,2025-10-22,Hyderabad,Uppal Ward,Uppal Road,17.406962,78.557309,9.02,59.4,1435.4,22.8,13.23,33.72,High
RRA-00868,2025-10-17,Mumbai,Thane Ward,Ghodbunder Road,19.231849,72.9751,12.31,63.73,849.1,18.8,18.38,60.54,Medium
RRA-00869,2025-05-05,Mumbai,Vashi Ward,Sion Panvel Highway,19.075082,73.001285,27.51,65.37,2735.1,15.5,19.67,64.06,Critical
RRA-00870,2025-11-16,Hyderabad,Gachibowli Ward,Outer Ring Road,17.442766,78.37878,8.52,45.73,1143.0,11.2,3.37,21.41,Low
RRA-00871,2025-11-05,Pune,Vadgaon Sheri Ward,Nagar Road,18.555783,73.903562,13.35,53.23,2111.9,27.7,6.89,20.82,High
RRA-00872,2025-11-24,Delhi,Dwarka Ward,NH48 Highway,28.589613,77.040677,5.84,47.92,1164.4,3.7,13.41,33.75,Low
RRA-00873,2025-02-21,Mumbai,Thane Ward,Ghodbunder Road,19.255203,72.979216,9.31,48.02,795.0,18.8,9.24,60.54,Low
RRA-00874,2025-10-05,Mumbai,Chembur Ward,Eastern Express Highway,19.057014,72.909181,18.9,60.88,964.6,22.7,10.65,49.17,Medium
RRA-00875,2025-03-01,Pune,Katraj Ward,Katraj Dehu Road Bypass,18.445662,73.860072,3.36,51.73,1417.2,27.9,11.38,10.35,High
RRA-00876,2025-10-19,Bangalore,Bellandur Ward,Sarjapur Road,12.915419,77.682411,17.91,65.59,268.1,21.0,14.05,33.19,Medium
RRA-00877,2025-08-16,Pune,Katraj Ward,Katraj Dehu Road Bypass,18.451732,73.870887,43.46,65.85,1233.4,27.9,10.78,10.35,Critical
RRA-00878,2025-04-15,Mumbai,Bandra Ward,SV Road,19.054827,72.838338,26.34,62.79,1103.5,13.0,6.55,25.17,Medium
RRA-00879,2025-08-08,Mumbai,Ghatkopar Ward,LBS Marg,19.083699,72.911458,42.56,69.28,1085.0,8.0,6.38,64.75,Medium
RRA-00880,2025-11-22,Bangalore,HAL Ward,Old Airport Road,12.964031,77.652601,4.99,51.66,999.6,5.6,11.65,58.83,Low
RRA-00881,2025-11-06,Delhi,Nizamuddin Ward,Mathura Road,28.602846,77.248176,6.07,48.25,2044.3,15.6,15.58,61.4,Medium
RRA-00882,2025-06-25,Delhi,Nizamuddin Ward,Mathura Road,28.583545,77.257765,,60.8,1588.3,15.6,11.56,61.4,Medium
RRA-00883,2025-05-18,Pune,Vadgaon Sheri Ward,Nagar Road,18.556118,73.910061,19.56,52.51,1856.7,27.7,18.12,20.82,Critical
RRA-00884,2025-08-13,Bangalore,Whitefield Ward,Whitefield Main Road,12.969199,77.750279,28.68,64.76,1028.5,9.0,7.84,34.76,Medium
RRA-00885,2025-09-09,Hyderabad,Uppal Ward,Uppal Road,17.404979,78.556888,28.91,69.77,1234.5,22.8,4.28,33.72,High
RRA-00886,2025-09-15,Mumbai,Bandra Ward,SV Road,19.053635,72.840278,16.02,57.6,2214.2,13.0,6.61,25.17,Medium
RRA-00887,2025-01-22,Delhi,Laxmi Nagar Ward,Vikas Marg,28.62581,77.284602,14.21,54.76,1378.1,9.6,9.27,24.48,Medium
RRA-00888,2025-08-30,Mumbai,Thane Ward,Ghodbunder Road,19.241229,72.967359,28.76,54.75,1694.3,18.8,17.58,60.54,High
RRA-00889,2025-08-28,Chennai,Tambaram Ward,GST Road,12.925487,80.097877,19.03,53.0,1444.3,27.5,4.87,8.73,High
RRA-00890,2025-10-12,Chennai,Teynampet Ward,Anna Salai,13.041486,80.248059,31.31,64.33,968.9,26.0,20.41,24.53,Critical
RRA-00891,2025-06-24,Chennai,Koyambedu Ward,Poonamallee High Road,13.076609,80.198411,12.96,58.4,1837.6,2.5,12.24,52.88,Low
RRA-00892,2025-08-18,Bangalore,Kengeri Ward,Mysore Road,12.912096,77.486606,25.57,49.76,1560.1,10.9,13.76,33.33,Medium
RRA-00893,2025-10-01,Delhi,Nangloi Ward,Rohtak Road,28.678287,77.057079,28.13,64.43,1718.2,7.7,8.79,55.52,Medium
RRA-00894,2025-01-15,Pune,Katraj Ward,Katraj Dehu Road Bypass,18.444679,73.868727,6.97,43.41,766.2,27.9,,10.35,High
RRA-00895,2025-09-21,Hyderabad,Hussain Sagar Ward,Tank Bund Road,17.424287,78.464556,19.86,54.89,1165.8,22.2,10.07,26.42,High
RRA-00896,2025-11-20,Chennai,Koyambedu Ward,Poonamallee High Road,13.070903,80.195606,30.86,60.72,929.9,2.5,5.99,52.88,Low
RRA-00897,2025-07-22,Mumbai,Vashi Ward,Sion Panvel Highway,19.071955,73.01096,53.48,75.96,1186.4,15.5,13.15,64.06,High
RRA-00898,2025-12-05,Delhi,Dwarka Ward,NH48 Highway,28.591363,77.051414,10.39,52.88,1892.6,3.7,11.51,33.75,Low
RRA-00899,2025-05-22,Bangalore,Electronic City Ward,Hosur Road,12.852039,77.659208,20.63,58.39,1274.8,3.2,6.58,45.63,Low
RRA-00900,2025-01-17,Chennai,Tambaram Ward,GST Road,12.926169,80.096166,4.29,54.44,1451.5,27.5,10.93,8.73,High
RRA-00901,2025-04-17,Hyderabad,Uppal Ward,Uppal Road,17.392116,78.55211,13.53,64.78,901.1,22.8,8.7,33.72,Medium
RRA-00902,2025-02-16,Bangalore,HAL Ward,Old Airport Road,12.950843,77.644416,3.99,44.69,,5.6,13.07,58.83,Low
RRA-00903,2025-07-18,Delhi,Dhaula Kuan Ward,Outer Ring Road,28.585733,77.16362,,74.7,1404.5,27.2,21.81,32.72,Critical
RRA-00904,2025-08-21,Mumbai,Chembur Ward,Eastern Express Highway,19.056557,72.893618,41.54,71.91,531.0,22.7,7.1,49.17,High
RRA-00905,2025-09-15,Mumbai,Thane Ward,Ghodbunder Road,19.249294,72.983416,18.32,58.39,1317.6,18.8,6.82,60.54,Medium
RRA-00906,2025-02-25,Delhi,Azadpur Ward,GT Karnal Road,28.716014,77.174961,15.37,,1076.4,8.5,14.95,55.67,Low
RRA-00907,2025-09-29,Delhi,Dwarka Ward,NH48 Highway,28.588889,77.056143,17.03,52.84,1746.2,3.7,11.69,33.75,Low
RRA-00908,2025-12-01,Delhi,Azadpur Ward,GT Karnal Road,28.705695,77.180566,3.41,43.8,,8.5,14.15,55.67,Low
RRA-00909,2025-07-16,Delhi,Dhaula Kuan Ward,Outer Ring Road,28.591689,77.167323,41.55,67.56,1829.6,27.2,10.89,32.72,Critical
RRA-00910,2025-10-18,Chennai,Koyambedu Ward,Poonamallee High Road,13.069925,80.200955,36.35,70.05,1042.6,2.5,29.29,52.88,Medium
RRA-00911,2025-08-13,Bangalore,Electronic City Ward,Hosur Road,12.839443,77.667392,34.71,73.15,2064.2,3.2,10.4,45.63,Medium
RRA-00912,2025-07-18,Bangalore,Whitefield Ward,Whitefield Main Road,12.966865,77.75135,33.02,58.33,752.4,9.0,9.32,34.76,Medium
RRA-00913,2025-03-13,Mumbai,Malad Ward,Link Road,19.192468,72.857446,15.05,50.65,157.3,27.8,10.34,34.41,Medium
RRA-00914,2025-08-02,Bangalore,Whitefield Ward,Whitefield Main Road,12.971229,77.744955,32.31,61.36,,9.0,11.62,34.76,Medium
RRA-00915,2025-02-04,Chennai,Neelankarai Ward,East Coast Road,12.950133,80.252542,14.28,46.22,1888.4,26.6,23.33,44.7,Critical
RRA-00916,2025-08-27,Hyderabad,Banjara Hills Ward,Banjara Hills Road No 12,17.412185,78.431703,28.64,57.94,1388.1,24.5,16.55,34.45,High
RRA-00917,2025-08-14,Mumbai,Ghatkopar Ward,LBS Marg,19.092242,72.920776,39.58,67.25,1690.7,8.0,17.96,64.75,Medium
RRA-00918,2025-08-24,Pune,Bibwewadi Ward,Pune Satara Road,18.465678,73.859474,26.4,71.75,2105.9,27.2,6.59,53.6,High
RRA-00919,2025-09-23,Chennai,Tambaram Ward,GST Road,12.925978,80.099424,22.71,58.96,718.4,27.5,28.27,8.73,Critical
RRA-00920,2025-06-20,Bangalore,Peenya Ward,Tumkur Road,13.037184,77.521775,32.95,74.01,1811.9,7.4,10.09,84.46,Medium
RRA-00921,2025-06-12,Hyderabad,Gachibowli Ward,Outer Ring Road,17.43935,78.376331,33.89,71.23,1831.1,11.2,10.9,21.41,High
RRA-00922,2025-01-25,Bangalore,Marathahalli Ward,Outer Ring Road,12.95506,77.704932,9.99,52.67,100.0,15.6,9.14,54.34,Low
RRA-00923,2025-11-19,Delhi,Dwarka Ward,NH48 Highway,28.588589,77.041407,7.18,46.54,967.0,3.7,32.88,33.75,Medium
RRA-00924,2025-07-28,Bangalore,Bellandur Ward,Sarjapur Road,12.908455,77.683274,37.71,62.97,980.4,21.0,19.92,33.19,High
RRA-00925,2025-05-18,Mumbai,Vashi Ward,Sion Panvel Highway,19.065181,72.998575,39.69,69.07,1220.7,15.5,14.5,64.06,Medium
RRA-00926,2025-05-04,Bangalore,Marathahalli Ward,Outer Ring Road,12.960386,77.695561,12.11,50.18,1811.0,15.6,4.96,54.34,Medium
RRA-00927,2025-06-30,Mumbai,Thane Ward,Ghodbunder Road,19.246999,72.983882,61.6,80.97,1678.1,18.8,9.62,60.54,Critical
RRA-00928,2025-09-24,Mumbai,Chembur Ward,Eastern Express Highway,19.049093,72.902465,14.53,48.62,1020.9,22.7,8.02,49.17,Medium
RRA-00929,2025-05-08,Bangalore,Marathahalli Ward,Outer Ring Road,12.958425,77.691761,20.03,47.68,1000.1,15.6,3.01,54.34,Low
RRA-00930,2025-10-25,Hyderabad,Banjara Hills Ward,Banjara Hills Road No 12,17.422263,78.423378,13.69,61.59,2495.1,24.5,24.57,34.45,Critical
RRA-00931,2025-02-24,Delhi,Nizamuddin Ward,Mathura Road,28.591493,77.258211,2.36,50.06,1512.1,15.6,9.38,61.4,Low
RRA-00932,2025-09-21,Mumbai,Andheri Ward,Western Express Highway,19.121554,72.847074,12.53,56.48,1811.2,18.2,9.48,59.23,Medium
RRA-00933,2025-02-08,Delhi,Azadpur Ward,GT Karnal Road,28.70286,77.177202,6.24,44.21,450.3,8.5,8.92,55.67,Low
RRA-00934,2025-01-18,Pune,Baner Ward,Baner Road,18.566759,73.776804,6.52,46.97,1474.9,6.4,18.5,70.82,Low
RRA-00935,2025-11-10,Chennai,Neelankarai Ward,East Coast Road,12.963823,80.254259,37.64,64.39,1397.4,26.6,14.44,44.7,Critical
RRA-00936,2025-06-12,Chennai,Sholinganallur Ward,Old Mahabalipuram Road,12.892946,80.223621,4.79,41.73,999.1,8.9,9.42,46.95,Low
RRA-00937,2025-07-21,Delhi,Laxmi Nagar Ward,Vikas Marg,28.626756,77.279159,38.75,77.35,1691.3,9.6,4.77,24.48,Medium
RRA-00938,2025-12-06,Bangalore,Peenya Ward,Tumkur Road,13.028865,77.519807,6.84,60.46,100.0,7.4,8.22,84.46,Low
RRA-00939,2025-06-04,Bangalore,Bellandur Ward,Sarjapur Road,12.924849,77.693688,19.38,58.35,632.3,21.0,7.72,33.19,Medium
RRA-00940,2025-10-25,Pune,Katraj Ward,Katraj Dehu Road Bypass,18.435017,73.858904,10.63,58.2,1672.2,27.9,21.65,10.35,Critical
RRA-00941,2025-03-23,Mumbai,Vashi Ward,Sion Panvel Highway,19.082417,72.996957,9.16,52.71,1501.6,15.5,14.84,64.06,Medium
RRA-00942,2025-08-16,Hyderabad,Banjara Hills Ward,Banjara Hills Road No 12,17.417019,78.440473,32.17,68.77,1461.5,24.5,13.13,34.45,Critical
RRA-00943,2025-04-07,Bangalore,HAL Ward,Old Airport Road,12.957507,77.644104,8.22,46.89,1212.7,5.6,10.07,58.83,Low
RRA-00944,2025-03-27,Mumbai,Ghatkopar Ward,LBS Marg,19.07559,72.908961,11.17,51.94,771.5,8.0,7.63,64.75,Low
RRA-00945,2025-02-20,Bangalore,HAL Ward,Old Airport Road,12.965703,77.652366,2.75,44.52,2116.6,5.6,9.76,58.83,Low
RRA-00946,2025-06-06,Bangalore,Bellandur Ward,Sarjapur Road,12.917967,77.673066,24.13,53.11,1575.5,21.0,12.55,33.19,High
RRA-00947,2025-09-02,Chennai,Neelankarai Ward,East Coast Road,12.965869,80.263275,14.56,48.83,970.9,26.6,10.12,44.7,Medium
RRA-00948,2025-06-13,Hyderabad,Uppal Ward,Uppal Road,17.399011,78.567237,25.45,64.96,1238.1,22.8,18.07,33.72,High
RRA-00949,2025-09-08,Mumbai,Andheri Ward,Western Express Highway,19.123521,72.853372,23.95,62.11,1638.6,18.2,3.88,59.23,Medium
RRA-00950,2025-03-08,Mumbai,Thane Ward,Ghodbunder Road,19.236922,72.984833,22.29,67.17,1656.8,18.8,16.53,60.54,High
RRA-00951,2025-01-20,Chennai,Teynampet Ward,Anna Salai,13.048346,80.242363,16.24,64.26,613.0,26.0,16.44,24.53,High
RRA-00952,2025-05-14,Delhi,Azadpur Ward,GT Karnal Road,28.7189,77.162676,17.8,,2537.6,8.5,22.68,55.67,High
RRA-00953,2025-11-23,Mumbai,Malad Ward,Link Road,19.186767,72.858565,9.81,51.11,,27.8,3.68,34.41,High
RRA-00954,2025-11-02,Chennai,Koyambedu Ward,Poonamallee High Road,13.072247,80.192981,34.42,60.82,2355.7,2.5,16.41,52.88,Medium
RRA-00955,2025-02-17,Delhi,Nizamuddin Ward,Mathura Road,28.595667,77.248418,23.2,60.42,426.1,15.6,23.13,61.4,Medium
RRA-00956,2025-07-28,Bangalore,Electronic City Ward,Hosur Road,12.830204,77.673946,47.61,79.63,163.0,3.2,8.03,45.63,Low
RRA-00957,2025-11-10,Pune,Baner Ward,Baner Road,18.554693,73.786907,15.2,64.57,747.9,6.4,13.97,70.82,Low
RRA-00958,2025-09-20,Bangalore,Peenya Ward,Tumkur Road,13.033711,77.515629,11.92,45.36,1510.4,7.4,19.11,84.46,Low
RRA-00959,2025-06-12,Chennai,Neelankarai Ward,East Coast Road,12.954238,80.23927,10.66,46.47,269.1,26.6,17.15,44.7,Medium
RRA-00960,2025-02-21,Mumbai,Thane Ward,Ghodbunder Road,19.23837,72.981303,16.42,63.97,1124.9,18.8,14.53,60.54,Medium
RRA-00961,2025-04-12,Bangalore,Marathahalli Ward,Outer Ring Road,12.956118,77.693767,16.49,50.67,799.5,15.6,12.35,54.34,Medium
RRA-00962,2025-09-05,Bangalore,Bellandur Ward,Sarjapur Road,12.911479,77.678266,20.87,69.93,2028.5,21.0,4.0,33.19,High
RRA-00963,2025-04-03,Mumbai,Thane Ward,Ghodbunder Road,19.2378,72.985776,20.02,61.2,100.0,18.8,13.35,60.54,Medium
RRA-00964,2025-02-25,Chennai,Neelankarai Ward,East Coast Road,12.953649,80.258134,9.77,51.92,1945.5,26.6,9.86,44.7,High
RRA-00965,2025-06-16,Chennai,Tambaram Ward,GST Road,12.921357,80.101167,3.87,53.06,1982.0700504125903,27.5,13.18,8.73,Medium
RRA-00966,2025-10-11,Pune,Katraj Ward,Katraj Dehu Road Bypass,18.446709,73.871943,5.05,49.74,905.7,27.9,3.58,10.35,Medium
RRA-00967,2025-03-26,Pune,Bibwewadi Ward,Pune Satara Road,18.466571,73.855077,5.06,48.38,1547.8,27.2,25.97,53.6,High
RRA-00968,2025-10-26,Delhi,Dwarka Ward,NH48 Highway,28.599813,77.038771,4.27,47.94,1462.1,3.7,19.35,33.75,Low
RRA-00969,2025-04-05,Chennai,Neelankarai Ward,East Coast Road,12.959863,80.266374,3.78,47.38,1641.7,26.6,4.94,44.7,Medium
RRA-00970,2025-02-16,Bangalore,Kengeri Ward,Mysore Road,12.900078,77.482409,13.62,53.35,2128.4,10.9,10.23,33.33,Medium
RRA-00971,2025-12-09,Bangalore,Electronic City Ward,Hosur Road,12.846762,77.649284,3.81,55.64,1641.2,3.2,13.59,45.63,Low
RRA-00972,2025-08-12,Pune,Bibwewadi Ward,Pune Satara Road,18.468823,73.856811,40.63,64.34,1699.9,27.2,13.82,53.6,Critical
RRA-00973,2025-02-05,Mumbai,Chembur Ward,Eastern Express Highway,19.05634,72.898193,8.38,46.76,1999.1,22.7,14.23,49.17,High
RRA-00974,2025-11-04,Delhi,Dwarka Ward,NH48 Highway,28.590203,77.0467,5.72,58.96,1217.9,3.7,22.48,33.75,Low
RRA-00975,2025-01-08,Mumbai,Bandra Ward,SV Road,19.061912,72.824195,10.79,60.42,760.4,13.0,18.26,25.17,Medium
RRA-00976,2025-03-01,Delhi,Nangloi Ward,Rohtak Road,28.682433,77.063542,4.43,46.7,2384.0,7.7,9.18,55.52,Low
RRA-00977,2025-05-16,Bangalore,Electronic City Ward,Hosur Road,12.860549,77.660959,24.96,50.82,1675.5,3.2,8.67,45.63,Medium
RRA-00978,2025-01-19,Hyderabad,Hussain Sagar Ward,Tank Bund Road,17.41058,78.471011,5.36,53.57,1644.2,22.2,11.3,26.42,Medium
RRA-00979,2025-10-31,Hyderabad,Gachibowli Ward,Outer Ring Road,17.439375,78.388095,14.36,53.18,2143.2,11.2,13.68,21.41,Medium
RRA-00980,2025-07-17,Bangalore,Peenya Ward,Tumkur Road,13.036025,77.524515,37.09,61.65,1277.3,7.4,20.64,84.46,Medium
RRA-00981,2025-05-04,Mumbai,Andheri Ward,Western Express Highway,19.1085,72.847323,39.93,62.95,1968.3,18.2,8.18,59.23,High
RRA-00982,2025-10-26,Hyderabad,Banjara Hills Ward,Banjara Hills Road No 12,17.40973,78.43085,15.23,59.88,996.8,24.5,5.31,34.45,Medium
RRA-00983,2025-07-19,Mumbai,Vashi Ward,Sion Panvel Highway,19.073539,72.997611,54.15,81.26,1786.8,15.5,13.84,64.06,Critical
RRA-00984,2025-08-03,Pune,Katraj Ward,Katraj Dehu Road Bypass,18.457571,73.856183,32.26,61.56,1501.9,27.9,,10.35,Critical
RRA-00985,2025-03-22,Bangalore,Whitefield Ward,Whitefield Main Road,12.974735,77.751243,8.54,49.72,1709.0,9.0,2.26,34.76,Low
RRA-00986,2025-05-31,Delhi,Dwarka Ward,NH48 Highway,28.603228,77.041372,28.52,61.79,895.6,3.7,4.53,33.75,Low
RRA-00987,2025-05-15,Chennai,Sholinganallur Ward,Old Mahabalipuram Road,12.894144,80.218318,9.91,40.73,563.5,8.9,29.29,46.95,Medium
RRA-00988,2025-08-10,Delhi,Nizamuddin Ward,Mathura Road,28.585324,77.254684,33.61,66.73,3033.3,15.6,28.61,61.4,Critical
RRA-00989,2025-12-20,Mumbai,Bandra Ward,SV Road,19.063981,72.834637,6.69,51.39,829.9,13.0,13.16,25.17,Medium
RRA-00990,2025-06-10,Pune,Bibwewadi Ward,Pune Satara Road,18.455531,73.865235,29.73,66.2,2167.1,27.2,14.85,53.6,Critical
RRA-00991,2025-11-12,Chennai,Neelankarai Ward,East Coast Road,12.950539,80.270686,35.03,57.53,1983.3,26.6,9.74,44.7,Critical
RRA-00992,2025-10-12,Bangalore,Kengeri Ward,Mysore Road,12.915058,77.485401,6.8,49.25,847.2,10.9,2.0,33.33,Low
RRA-00993,2025-08-19,Chennai,Teynampet Ward,Anna Salai,13.04128,80.243628,9.95,42.66,812.3,26.0,7.69,24.53,Medium
RRA-00994,2025-11-01,Pune,Vadgaon Sheri Ward,Nagar Road,18.554054,73.914283,5.61,49.68,1330.6,27.7,15.3,20.82,High
RRA-00995,2025-12-17,Mumbai,Malad Ward,Link Road,19.18759,72.844049,9.52,51.15,1090.8,27.8,5.0,34.41,Medium
RRA-00996,2025-07-08,Pune,Katraj Ward,Katraj Dehu Road Bypass,18.455302,73.863268,42.47,76.17,1373.8,27.9,4.43,10.35,Critical
RRA-00997,2025-10-11,Mumbai,Bandra Ward,SV Road,19.067199,72.823367,9.99,41.81,1840.0,13.0,13.83,25.17,Medium
RRA-00998,2025-11-10,Hyderabad,Gachibowli Ward,Outer Ring Road,17.444147,78.377324,4.13,47.75,1301.6,11.2,13.36,21.41,Medium
RRA-00999,2025-10-23,Hyderabad,Banjara Hills Ward,Banjara Hills Road No 12,17.411066,78.426988,18.74,53.4,1912.4,24.5,10.67,34.45,High
RRA-01000,2025-11-28,Hyderabad,Gachibowli Ward,Outer Ring Road,17.442274,78.371068,6.94,52.23,1056.3,11.2,6.71,21.41,Low
RRA-01001,2025-05-05,Mumbai,Vashi Ward,Sion Panvel Highway,19.070172,73.013025,27.96,77.03,683.5,15.5,10.37,64.06,Medium
RRA-01002,2025-08-25,Hyderabad,Hussain Sagar Ward,Tank Bund Road,17.428012,78.487599,30.91,67.72,1240.6,22.2,23.42,26.42,Critical
RRA-01003,2025-05-16,Delhi,Azadpur Ward,GT Karnal Road,28.704485,77.163674,16.12,56.42,614.5,8.5,10.59,55.67,Low
RRA-01004,2025-06-11,Mumbai,Malad Ward,Link Road,19.192168,72.856923,57.65,71.76,863.6,27.8,10.47,34.41,Critical
RRA-01005,2025-12-17,Chennai,Sholinganallur Ward,Old Mahabalipuram Road,12.904594,80.225532,15.92,57.91,1246.2,8.9,6.89,46.95,Low
RRA-01006,2025-09-30,Bangalore,Marathahalli Ward,Outer Ring Road,12.956616,77.705347,10.31,52.27,,15.6,28.47,54.34,Medium
RRA-01007,2025-02-16,Pune,Baner Ward,Baner Road,18.559008,73.795283,9.43,,823.0,6.4,5.69,70.82,Low
RRA-01008,2025-11-01,Chennai,Teynampet Ward,Anna Salai,13.033919,80.241841,52.73,83.29,1958.3,26.0,11.08,24.53,Critical
RRA-01009,2025-04-19,Pune,Baner Ward,Baner Road,18.558563,73.785674,14.82,43.8,1849.7,6.4,13.34,70.82,Low
RRA-01010,2025-01-10,Hyderabad,Hussain Sagar Ward,Tank Bund Road,17.431435,78.477792,,62.21,2140.0,22.2,7.22,26.42,High
RRA-01011,2025-11-19,Pune,Vadgaon Sheri Ward,Nagar Road,18.552952,73.918997,3.86,40.67,1323.4,27.7,5.8,20.82,Medium
RRA-01012,2025-04-20,Bangalore,Electronic City Ward,Hosur Road,12.842802,77.650007,6.12,,1433.9,3.2,25.82,45.63,Low
RRA-01013,2025-10-18,Pune,Bibwewadi Ward,Pune Satara Road,18.457696,73.863155,9.18,55.04,2903.6,27.2,13.27,53.6,Critical
RRA-01014,2025-07-15,Delhi,Nangloi Ward,Rohtak Road,28.678576,77.056259,44.59,,1408.4,7.7,5.12,55.52,Medium
RRA-01015,2025-05-20,Delhi,Nizamuddin Ward,Mathura Road,28.586685,77.255366,16.01,61.24,2511.9,15.6,7.16,61.4,Medium
RRA-01016,2025-08-24,Bangalore,Kengeri Ward,Mysore Road,12.907385,77.491018,28.45,66.51,3918.8,10.9,6.49,33.33,Critical
RRA-01017,2025-05-06,Mumbai,Bandra Ward,SV Road,19.067397,72.822932,30.23,62.89,924.3,13.0,16.99,25.17,Medium
RRA-01018,2025-04-23,Delhi,Nangloi Ward,Rohtak Road,28.674286,77.065027,6.58,52.92,2056.5,7.7,2.0,55.52,Low
RRA-01019,2025-11-23,Delhi,Nizamuddin Ward,Mathura Road,28.57984,77.262526,7.52,40.47,256.8,15.6,9.94,61.4,Low
RRA-01020,2025-06-08,Pune,Vadgaon Sheri Ward,Nagar Road,18.557113,73.919642,29.54,65.71,730.6,27.7,7.56,20.82,High
RRA-01021,2025-11-08,Chennai,Neelankarai Ward,East Coast Road,12.965137,80.261109,33.44,54.98,1502.2,26.6,7.83,44.7,High
RRA-01022,2025-09-21,Pune,Bibwewadi Ward,Pune Satara Road,18.45829,73.865558,10.5,53.62,1383.7,27.2,6.71,53.6,Medium
RRA-01023,2025-09-15,Delhi,Laxmi Nagar Ward,Vikas Marg,28.623884,77.275557,21.96,60.78,1756.9,9.6,,24.48,Medium
RRA-01024,2025-04-14,Chennai,Neelankarai Ward,East Coast Road,12.960422,80.262499,10.65,52.16,670.4,26.6,9.26,44.7,Medium
RRA-01025,2025-07-04,Mumbai,Vashi Ward,Sion Panvel Highway,19.076735,72.98959,64.41,96.65,2607.0,15.5,2.91,64.06,Critical
RRA-01026,2025-08-06,Hyderabad,Gachibowli Ward,Outer Ring Road,17.443725,78.374591,36.57,82.56,183.8,11.2,18.57,21.41,Medium
RRA-01027,2025-03-09,Mumbai,Ghatkopar Ward,LBS Marg,19.074569,72.902594,10.0,47.35,774.1,8.0,20.15,64.75,Low
RRA-01028,2025-02-06,Chennai,Koyambedu Ward,Poonamallee High Road,13.068291,80.194842,6.42,46.46,1960.0,2.5,12.54,52.88,Low
RRA-01029,2025-10-19,Delhi,Nizamuddin Ward,Mathura Road,28.586795,77.258531,9.25,49.35,494.9,15.6,16.44,61.4,Low
RRA-01030,2025-05-12,Chennai,Teynampet Ward,Anna Salai,13.045556,80.24279,5.82,43.7,100.0,26.0,21.65,24.53,Medium
RRA-01031,2025-06-05,Pune,Bibwewadi Ward,Pune Satara Road,18.464661,73.868712,33.23,56.73,2141.6,27.2,16.89,53.6,Critical
RRA-01032,2025-10-13,Mumbai,Vashi Ward,Sion Panvel Highway,19.086235,73.001356,14.94,41.28,2648.5,15.5,7.5,64.06,Medium
RRA-01033,2025-09-02,Bangalore,Electronic City Ward,Hosur Road,12.848248,77.673134,26.0,55.88,801.4,3.2,3.7,45.63,Low
RRA-01034,2025-09-12,Delhi,Nizamuddin Ward,Mathura Road,28.596182,77.263265,19.79,49.98,2445.4,15.6,9.87,61.4,Medium
RRA-01035,2025-05-08,Chennai,Teynampet Ward,Anna Salai,13.03707,80.247468,11.27,50.1,1114.1,26.0,3.25,24.53,Medium
RRA-01036,2025-05-28,Bangalore,Peenya Ward,Tumkur Road,13.040054,77.523314,22.34,49.74,2380.7,7.4,7.03,84.46,Low
RRA-01037,2025-10-18,Mumbai,Malad Ward,Link Road,19.189017,72.847703,21.36,75.49,1768.5,27.8,13.36,34.41,Critical
RRA-01038,2025-03-19,Chennai,Sholinganallur Ward,Old Mahabalipuram Road,12.900363,80.228221,14.08,64.29,937.8,8.9,9.07,46.95,Low
RRA-01039,2025-01-27,Mumbai,Andheri Ward,Western Express Highway,19.122719,72.837552,9.5,50.01,899.2,18.2,18.44,59.23,Medium
RRA-01040,2025-10-27,Hyderabad,Hussain Sagar Ward,Tank Bund Road,17.426313,78.479268,31.2,53.0,1445.8,22.2,30.81,26.42,Critical
RRA-01041,2025-04-06,Pune,Vadgaon Sheri Ward,Nagar Road,18.556986,73.905649,5.62,52.12,780.9,27.7,8.9,20.82,Medium
RRA-01042,2025-03-28,Bangalore,Whitefield Ward,Whitefield Main Road,12.971271,77.75767,7.59,45.41,2319.4,9.0,4.72,34.76,Medium
RRA-01043,2025-06-11,Delhi,Laxmi Nagar Ward,Vikas Marg,28.631108,77.280213,29.96,,743.1,9.6,17.15,24.48,Medium
RRA-01044,2025-07-25,Bangalore,Electronic City Ward,Hosur Road,12.835042,77.65961,40.84,71.19,777.7,3.2,15.46,45.63,Medium
RRA-01045,2025-09-29,Delhi,Nizamuddin Ward,Mathura Road,28.587722,77.267052,9.54,59.38,3065.4,15.6,17.23,61.4,High
RRA-01046,2025-11-26,Pune,Bibwewadi Ward,Pune Satara Road,18.462528,73.861096,14.86,48.88,568.5,27.2,10.79,53.6,Medium
RRA-01047,2025-09-12,Mumbai,Bandra Ward,SV Road,19.050346,72.832757,24.08,50.53,,13.0,6.1,25.17,Medium
RRA-01048,2025-11-07,Delhi,Nangloi Ward,Rohtak Road,28.688344,77.055935,6.75,49.38,594.4,7.7,22.8,55.52,Low
RRA-01049,2025-04-15,Hyderabad,Banjara Hills Ward,Banjara Hills Road No 12,17.410273,78.443114,6.91,52.27,680.4,24.5,6.77,34.45,Medium
RRA-01050,2025-06-28,Pune,Katraj Ward,Katraj Dehu Road Bypass,18.450561,73.858154,46.15,80.4,1254.5,27.9,13.91,10.35,Critical
RRA-01051,2025-04-16,Delhi,Azadpur Ward,GT Karnal Road,28.70462,77.179035,5.29,46.7,483.7,8.5,12.31,55.67,Low
RRA-01052,2025-04-03,Bangalore,Whitefield Ward,Whitefield Main Road,12.977087,77.765501,9.79,55.22,1508.6,9.0,,34.76,Medium
RRA-01053,2025-05-10,Pune,Baner Ward,Baner Road,18.553925,73.777693,22.48,56.55,1106.3,6.4,2.0,70.82,Low
RRA-01054,2025-04-06,Mumbai,Chembur Ward,Eastern Express Highway,19.042567,72.894988,17.74,58.86,398.6,22.7,15.9,49.17,Medium
RRA-01055,2025-02-17,Pune,Vadgaon Sheri Ward,Nagar Road,18.558595,73.91462,9.82,,1252.7,27.7,16.74,20.82,High
RRA-01056,2025-12-27,Bangalore,Marathahalli Ward,Outer Ring Road,12.966868,77.69825,7.93,47.09,289.2,15.6,7.61,54.34,Low
RRA-01057,2025-07-18,Bangalore,Peenya Ward,Tumkur Road,13.034981,77.530853,34.99,78.52,1165.5,7.4,10.36,84.46,Low
RRA-01058,2025-07-23,Delhi,Dhaula Kuan Ward,Outer Ring Road,28.59258,77.171509,46.55,70.2,1654.6,27.2,11.59,32.72,Critical
RRA-01059,2025-02-06,Mumbai,Bandra Ward,SV Road,19.067297,72.828032,5.25,46.04,1655.0,13.0,17.52,25.17,Medium
RRA-01060,2025-07-31,Chennai,Neelankarai Ward,East Coast Road,12.960837,80.258279,6.64,47.24,1649.1,26.6,18.23,44.7,High
RRA-01061,2025-09-11,Bangalore,Bannerghatta Ward,Bannerghatta Road,12.893924,77.589703,19.93,56.46,1502.1,27.2,12.98,33.99,High
RRA-01062,2025-08-22,Delhi,Dwarka Ward,NH48 Highway,28.594638,77.059183,40.75,76.43,4000.0,3.7,5.79,33.75,High
RRA-01063,2025-02-27,Mumbai,Chembur Ward,Eastern Express Highway,19.063239,72.913014,9.5,39.18,1125.3,22.7,13.91,49.17,Medium
RRA-01064,2025-05-14,Pune,Baner Ward,Baner Road,18.555995,73.789163,16.81,58.96,1459.3,6.4,13.24,70.82,Low
RRA-01065,2025-05-16,Bangalore,Bellandur Ward,Sarjapur Road,12.904996,77.688121,15.01,51.71,1731.5,21.0,9.46,33.19,High
RRA-01066,2025-10-11,Bangalore,Electronic City Ward,Hosur Road,12.827672,77.65751,11.06,46.67,1157.9,3.2,6.31,45.63,Low
RRA-01067,2025-09-19,Delhi,Nangloi Ward,Rohtak Road,28.676229,77.064763,13.47,54.43,1861.8,7.7,10.91,55.52,Low
RRA-01068,2025-10-19,Chennai,Tambaram Ward,GST Road,12.922343,80.098266,37.57,72.31,2400.6,27.5,10.71,8.73,Critical
RRA-01069,2025-11-14,Hyderabad,Gachibowli Ward,Outer Ring Road,17.453906,78.378615,6.4,40.94,665.4,11.2,20.11,21.41,Low
RRA-01070,2025-08-22,Bangalore,Bannerghatta Ward,Bannerghatta Road,12.90568,77.595341,35.61,69.61,1315.6,27.2,22.45,33.99,Critical
RRA-01071,2025-04-02,Chennai,Koyambedu Ward,Poonamallee High Road,13.069473,80.194285,8.81,55.17,1360.7,2.5,15.9,52.88,Low
RRA-01072,2025-10-23,Hyderabad,Gachibowli Ward,Outer Ring Road,17.432146,78.375827,15.14,46.69,1153.4,11.2,5.15,21.41,Low
RRA-01073,2025-03-11,Bangalore,Whitefield Ward,Whitefield Main Road,12.96895,77.755267,12.47,50.17,474.1,9.0,13.02,34.76,Low
RRA-01074,2025-08-15,Bangalore,Kengeri Ward,Mysore Road,12.90989,77.491723,29.16,50.07,2530.2,10.9,39.45,33.33,Critical
RRA-01075,2025-01-28,Hyderabad,Uppal Ward,Uppal Road,17.394905,78.559368,,42.47,100.0,22.8,12.55,33.72,Medium
RRA-01076,2025-09-18,Chennai,Koyambedu Ward,Poonamallee High Road,13.071368,80.194156,33.34,63.08,835.7,2.5,9.59,52.88,Low
RRA-01077,2025-09-08,Bangalore,Electronic City Ward,Hosur Road,12.847742,77.655785,23.82,57.29,1178.0,3.2,6.8,45.63,Low
RRA-01078,2025-03-11,Chennai,Koyambedu Ward,Poonamallee High Road,13.066232,80.203955,3.74,52.1,914.2,2.5,9.17,52.88,Low
RRA-01079,2025-06-01,Bangalore,HAL Ward,Old Airport Road,12.955434,77.652454,25.55,60.7,1598.2,5.6,15.1,58.83,Medium
RRA-01080,2025-12-30,Bangalore,Bellandur Ward,Sarjapur Road,12.91376,77.692873,8.12,47.93,939.5,21.0,13.56,33.19,Medium
RRA-01081,2025-07-31,Delhi,Nizamuddin Ward,Mathura Road,28.598009,77.245506,41.76,66.45,544.4,15.6,17.01,61.4,Medium
RRA-01082,2025-11-25,Chennai,Neelankarai Ward,East Coast Road,12.966854,80.25179,26.13,56.49,2868.0,26.6,11.49,44.7,Critical
RRA-01083,2025-08-01,Bangalore,HAL Ward,Old Airport Road,12.968425,77.649616,35.66,52.42,1021.1,5.6,6.91,58.83,Low
RRA-01084,2025-05-14,Bangalore,Electronic City Ward,Hosur Road,12.83937,77.664282,15.16,51.9,1201.3,3.2,5.26,45.63,Low
RRA-01085,2025-12-10,Delhi,Nangloi Ward,Rohtak Road,28.682611,77.058234,10.5,55.2,388.2,7.7,5.53,55.52,Low
RRA-01086,2025-10-23,Mumbai,Andheri Ward,Western Express Highway,19.119827,72.84796,6.87,57.47,1668.2,18.2,11.94,59.23,Medium
RRA-01087,2025-11-27,Delhi,Dhaula Kuan Ward,Outer Ring Road,28.588485,77.158732,8.36,48.93,1022.0,27.2,23.25,32.72,High
RRA-01088,2025-12-30,Hyderabad,Uppal Ward,Uppal Road,17.413282,78.559835,4.24,49.73,2616.1,22.8,,33.72,High
RRA-01089,2025-07-26,Bangalore,Electronic City Ward,Hosur Road,12.838531,77.661679,33.01,61.11,2062.3,3.2,6.63,45.63,Medium
RRA-01090,2025-01-17,Bangalore,Whitefield Ward,Whitefield Main Road,12.980087,77.756836,6.0,44.21,1097.9,9.0,4.93,34.76,Low
RRA-01091,2025-05-26,Mumbai,Ghatkopar Ward,LBS Marg,19.079567,72.910703,46.61,69.29,1213.6,8.0,23.05,64.75,Medium
RRA-01092,2025-04-08,Bangalore,Bannerghatta Ward,Bannerghatta Road,12.897867,77.591342,7.61,37.42,1106.9,27.2,9.59,33.99,Medium
RRA-01093,2025-11-07,Bangalore,Electronic City Ward,Hosur Road,12.854903,77.660826,6.16,52.81,,3.2,28.57,45.63,Low
RRA-01094,2025-08-03,Bangalore,Peenya Ward,Tumkur Road,13.023802,77.517105,33.74,53.19,861.8,7.4,9.0,84.46,Low
RRA-01095,2025-08-15,Bangalore,Bellandur Ward,Sarjapur Road,12.905861,77.686418,35.0,64.55,360.5,21.0,9.16,33.19,Medium
RRA-01096,2025-03-17,Chennai,Teynampet Ward,Anna Salai,13.049828,80.248617,,56.78,1282.9,26.0,14.55,24.53,High
RRA-01097,2025-08-23,Bangalore,Electronic City Ward,Hosur Road,12.837854,77.665171,30.77,71.2,2124.3,3.2,10.91,45.63,Medium
RRA-01098,2025-03-13,Pune,Bibwewadi Ward,Pune Satara Road,18.469011,73.857892,6.51,55.01,1298.1,27.2,14.02,53.6,High
RRA-01099,2025-09-04,Hyderabad,Gachibowli Ward,Outer Ring Road,17.437653,78.383071,27.82,65.97,1181.1,11.2,,21.41,High
RRA-01100,2025-06-25,Hyderabad,Gachibowli Ward,Outer Ring Road,17.439128,78.385985,26.57,62.43,2242.3,11.2,12.91,21.41,High
RRA-01101,2025-07-06,Bangalore,Electronic City Ward,Hosur Road,12.850107,77.667848,51.79,80.1,810.5,3.2,,45.63,Medium
RRA-01102,2025-03-31,Hyderabad,Uppal Ward,Uppal Road,17.397239,78.555269,9.73,49.26,1837.2,22.8,14.3,33.72,High
RRA-01103,2025-12-19,Hyderabad,Hussain Sagar Ward,Tank Bund Road,17.419814,78.465969,,46.38,1061.9,22.2,5.14,26.42,Medium
RRA-01104,2025-07-11,Mumbai,Thane Ward,Ghodbunder Road,19.232888,72.976604,62.85,84.36,3312.4,18.8,12.54,60.54,Critical
RRA-01105,2025-04-17,Chennai,Koyambedu Ward,Poonamallee High Road,13.072557,80.199245,,55.75,2170.0,2.5,29.26,52.88,Medium
RRA-01106,2025-03-03,Bangalore,Marathahalli Ward,Outer Ring Road,12.952678,77.710385,5.09,50.11,954.3,15.6,7.92,54.34,Low
RRA-01107,2025-06-16,Chennai,Teynampet Ward,Anna Salai,13.038333,80.241307,5.64,48.61,705.4,26.0,12.66,24.53,Medium
RRA-01108,2025-10-15,Bangalore,Electronic City Ward,Hosur Road,12.844478,77.661718,13.15,52.09,518.4,3.2,19.91,45.63,Low
RRA-01109,2025-08-16,Bangalore,HAL Ward,Old Airport Road,12.969439,77.645789,27.32,59.12,1183.9,5.6,12.05,58.83,Low
RRA-01110,2025-07-12,Mumbai,Chembur Ward,Eastern Express Highway,19.048396,72.89724,60.04,85.14,802.4,22.7,14.59,49.17,Critical
RRA-01111,2025-12-03,Chennai,Tambaram Ward,GST Road,12.92946,80.097148,22.03,56.94,619.2,27.5,11.78,8.73,High
RRA-01112,2025-08-30,Hyderabad,Hussain Sagar Ward,Tank Bund Road,17.428814,78.469148,28.46,67.8,2045.1,22.2,20.71,26.42,Critical
RRA-01113,2025-08-01,Bangalore,Kengeri Ward,Mysore Road,12.907864,77.480486,38.61,82.09,2251.5,10.9,7.0,33.33,High
RRA-01114,2025-06-28,Delhi,Laxmi Nagar Ward,Vikas Marg,28.629167,77.265852,39.13,66.32,452.8,9.6,12.46,24.48,Medium
RRA-01115,2025-06-01,Bangalore,Bellandur Ward,Sarjapur Road,12.91785,77.68601,21.2,49.92,1495.1,21.0,30.11,33.19,Critical
RRA-01116,2025-12-07,Hyderabad,Uppal Ward,Uppal Road,17.398235,78.567513,15.82,48.82,1759.8,22.8,7.62,33.72,High
RRA-01117,2025-09-21,Bangalore,Bellandur Ward,Sarjapur Road,12.913357,77.67915,16.15,67.87,863.7,21.0,14.87,33.19,Medium
RRA-01118,2025-02-18,Mumbai,Ghatkopar Ward,LBS Marg,19.093773,72.904594,17.0,52.26,1160.9,8.0,16.38,64.75,Low
RRA-01119,2025-07-12,Pune,Bibwewadi Ward,Pune Satara Road,18.470716,73.855516,47.27,75.06,2010.7,27.2,16.03,53.6,Critical
RRA-01120,2025-11-10,Bangalore,Electronic City Ward,Hosur Road,12.827966,77.661434,6.79,52.16,1439.1,3.2,5.93,45.63,Low
RRA-01121,2025-06-24,Delhi,Nizamuddin Ward,Mathura Road,28.583825,77.245299,32.43,66.39,1224.7,15.6,5.88,61.4,Medium
RRA-01122,2025-06-27,Bangalore,Bannerghatta Ward,Bannerghatta Road,12.897452,77.603792,31.74,73.02,1365.8,27.2,7.3,33.99,High
RRA-01123,2025-10-11,Delhi,Laxmi Nagar Ward,Vikas Marg,28.630914,77.279429,7.35,48.74,1076.2,9.6,8.41,24.48,Low
RRA-01124,2025-10-30,Mumbai,Thane Ward,Ghodbunder Road,19.235441,72.973268,9.19,56.1,515.3,18.8,15.23,60.54,Medium
RRA-01125,2025-11-01,Pune,Baner Ward,Baner Road,18.554036,73.780615,7.99,50.29,2246.9,6.4,3.19,70.82,Low
RRA-01126,2025-07-03,Chennai,Tambaram Ward,GST Road,12.933896,80.106929,6.66,49.69,1284.8,27.5,7.01,8.73,High
RRA-01127,2025-10-27,Pune,Vadgaon Sheri Ward,Nagar Road,18.557839,73.920506,14.04,52.17,772.5,27.7,10.78,20.82,High
RRA-01128,2025-03-02,Pune,Katraj Ward,Katraj Dehu Road Bypass,18.453191,73.859734,9.95,56.18,425.3,27.9,9.76,10.35,Medium
RRA-01129,2025-10-28,Bangalore,HAL Ward,Old Airport Road,12.946073,77.652868,28.15,57.88,1276.5,5.6,7.14,58.83,Low
RRA-01130,2025-12-25,Bangalore,HAL Ward,Old Airport Road,12.956314,77.642876,5.74,50.96,1597.7,5.6,8.8,58.83,Low
RRA-01131,2025-05-18,Mumbai,Ghatkopar Ward,LBS Marg,19.077669,72.912861,42.87,73.59,1519.6,8.0,7.53,64.75,Medium
RRA-01132,2025-03-03,Pune,Katraj Ward,Katraj Dehu Road Bypass,18.455045,73.865379,15.67,49.33,1062.5,27.9,6.9,10.35,High
RRA-01133,2025-09-28,Mumbai,Chembur Ward,Eastern Express Highway,19.061544,72.893144,15.63,48.18,876.7,22.7,6.37,49.17,Medium
RRA-01134,2025-10-01,Chennai,Tambaram Ward,GST Road,12.939108,80.097721,26.37,63.09,1769.9,27.5,6.22,8.73,Critical
RRA-01135,2025-11-21,Delhi,Nizamuddin Ward,Mathura Road,28.585154,77.258246,5.14,50.44,1515.9,15.6,17.65,61.4,Medium
RRA-01136,2025-04-01,Bangalore,Bannerghatta Ward,Bannerghatta Road,12.906542,77.594482,3.73,47.33,1758.0,27.2,24.2,33.99,High
RRA-01137,2025-06-24,Mumbai,Andheri Ward,Western Express Highway,19.118568,72.842592,69.32,81.19,1407.1,18.2,13.58,59.23,Critical
RRA-01138,2025-09-20,Pune,Katraj Ward,Katraj Dehu Road Bypass,18.445647,73.866491,13.03,44.69,1611.8,27.9,9.02,10.35,High
RRA-01139,2025-06-23,Bangalore,Marathahalli Ward,Outer Ring Road,12.95685,77.697994,28.68,67.52,526.3,15.6,7.3,54.34,Medium
RRA-01140,2025-02-17,Bangalore,Peenya Ward,Tumkur Road,13.03299,77.52294,8.9,55.75,1596.4,7.4,7.5,84.46,Low
RRA-01141,2025-01-10,Delhi,Azadpur Ward,GT Karnal Road,28.708208,77.183377,9.03,53.45,1499.1,8.5,8.18,55.67,Low
RRA-01142,2025-02-01,Delhi,Dhaula Kuan Ward,Outer Ring Road,28.594396,77.160826,8.5,,929.0,27.2,9.88,32.72,Medium
RRA-01143,2025-10-27,Mumbai,Vashi Ward,Sion Panvel Highway,19.075666,73.003904,7.06,51.09,2097.8,15.5,7.46,64.06,Medium
RRA-01144,2025-06-15,Chennai,Tambaram Ward,GST Road,12.92607,80.094845,4.85,54.95,1820.7,27.5,17.45,8.73,Critical
RRA-01145,2025-01-19,Pune,Vadgaon Sheri Ward,Nagar Road,18.55197,73.909031,12.57,,408.8,27.7,4.11,20.82,Medium
RRA-01146,2025-09-08,Hyderabad,Banjara Hills Ward,Banjara Hills Road No 12,17.422085,78.427501,31.78,73.18,242.0,24.5,17.8,34.45,High
RRA-01147,2025-02-15,Chennai,Sholinganallur Ward,Old Mahabalipuram Road,12.914269,80.218511,6.56,45.28,8099.339059586355,8.9,11.42,46.95,Low
RRA-01148,2025-10-01,Hyderabad,Hussain Sagar Ward,Tank Bund Road,17.424043,78.474653,20.31,64.2,1308.6,22.2,12.1,26.42,High
RRA-01149,2025-12-01,Chennai,Teynampet Ward,Anna Salai,13.040095,80.250962,23.18,55.5,2094.8,26.0,11.76,24.53,Critical
RRA-01150,2025-08-13,Pune,Katraj Ward,Katraj Dehu Road Bypass,18.45168,73.860587,28.46,55.75,1714.6,27.9,12.27,10.35,Critical
RRA-01151,2025-05-18,Mumbai,Ghatkopar Ward,LBS Marg,19.09562,72.908339,54.05,88.41,1825.6,8.0,7.84,64.75,High
RRA-01152,2025-01-08,Chennai,Neelankarai Ward,East Coast Road,12.959285,80.265917,15.83,49.47,1430.4,26.6,7.93,44.7,High
RRA-01153,2025-03-21,Chennai,Sholinganallur Ward,Old Mahabalipuram Road,12.906316,80.229747,5.6,56.53,2459.3,8.9,14.96,46.95,Medium
RRA-01154,2025-11-18,Hyderabad,Banjara Hills Ward,Banjara Hills Road No 12,17.412632,78.439247,21.65,66.55,824.6,24.5,8.3,34.45,High
RRA-01155,2025-10-11,Delhi,Dhaula Kuan Ward,Outer Ring Road,28.592639,77.162826,13.19,49.79,2820.0,27.2,31.32,32.72,Critical
RRA-01156,2025-12-21,Hyderabad,Banjara Hills Ward,Banjara Hills Road No 12,17.412669,78.437763,3.18,34.38,2727.8,24.5,25.31,34.45,Critical
RRA-01157,2025-04-13,Delhi,Laxmi Nagar Ward,Vikas Marg,28.622934,77.277027,20.06,63.53,2204.1,9.6,15.21,24.48,High
RRA-01158,2025-12-01,Delhi,Nizamuddin Ward,Mathura Road,28.588031,77.25726,4.74,44.07,1494.2,15.6,33.34,61.4,Medium
RRA-01159,2025-07-07,Mumbai,Ghatkopar Ward,LBS Marg,19.080401,72.902036,61.25,83.91,1978.3,8.0,17.25,64.75,High
RRA-01160,2025-12-23,Mumbai,Andheri Ward,Western Express Highway,19.118497,72.858799,6.11,52.5,1596.0,18.2,8.13,59.23,Medium
RRA-01161,2025-07-09,Delhi,Azadpur Ward,GT Karnal Road,28.722487,77.169889,48.35,80.83,1311.0,8.5,14.88,55.67,High
RRA-01162,2025-09-25,Chennai,Tambaram Ward,GST Road,12.922351,80.111349,28.26,52.28,2346.3,27.5,6.58,8.73,Critical
RRA-01163,2025-04-19,Delhi,Dhaula Kuan Ward,Outer Ring Road,28.587327,77.16507,6.03,53.53,785.5,27.2,7.18,32.72,Medium
RRA-01164,2025-12-27,Delhi,Laxmi Nagar Ward,Vikas Marg,28.625406,77.270636,7.94,47.17,880.1,9.6,4.67,24.48,Low
RRA-01165,2025-08-21,Bangalore,Kengeri Ward,Mysore Road,12.909058,77.501352,34.35,72.72,1019.4,10.9,18.95,33.33,High
RRA-01166,2025-07-15,Hyderabad,Hussain Sagar Ward,Tank Bund Road,17.429235,78.470799,,67.33,1619.4,22.2,10.58,26.42,High
RRA-01167,2025-07-03,Pune,Vadgaon Sheri Ward,Nagar Road,18.559821,73.921933,,77.02,898.6,27.7,8.43,20.82,Critical
RRA-01168,2025-04-12,Chennai,Sholinganallur Ward,Old Mahabalipuram Road,12.90052,80.2213,6.51,43.97,405.6,8.9,14.98,46.95,Low
RRA-01169,2025-02-09,Bangalore,Kengeri Ward,Mysore Road,12.903723,77.474839,6.68,42.34,1408.9,10.9,12.63,33.33,Medium
RRA-01170,2025-07-08,Pune,Baner Ward,Baner Road,18.559984,73.786099,44.67,66.61,789.0,6.4,8.3,70.82,Medium
RRA-01171,2025-11-12,Mumbai,Chembur Ward,Eastern Express Highway,19.051881,72.90062,8.86,46.53,1987.0,22.7,30.07,49.17,High
RRA-01172,2025-07-15,Bangalore,Marathahalli Ward,Outer Ring Road,12.943518,77.701211,35.65,64.89,2538.7,15.6,8.06,54.34,High
RRA-01173,2025-01-15,Mumbai,Vashi Ward,Sion Panvel Highway,19.079842,73.009341,11.64,60.31,1297.6,15.5,11.22,64.06,Medium
RRA-01174,2025-06-07,Mumbai,Chembur Ward,Eastern Express Highway,19.054673,72.894613,56.69,69.28,1794.7,22.7,8.79,49.17,Critical
RRA-01175,2025-06-14,Mumbai,Chembur Ward,Eastern Express Highway,19.055876,72.895999,62.81,79.48,1450.9,22.7,4.43,49.17,Critical
RRA-01176,2025-01-29,Pune,Bibwewadi Ward,Pune Satara Road,18.471676,73.862048,,47.67,1135.1,27.2,8.45,53.6,Medium
RRA-01177,2025-03-14,Hyderabad,Hussain Sagar Ward,Tank Bund Road,17.423284,78.474981,6.72,47.81,2759.9,22.2,8.96,26.42,High
RRA-01178,2025-01-17,Pune,Bibwewadi Ward,Pune Satara Road,18.472353,73.863112,9.54,52.57,1460.5,27.2,7.7,53.6,Medium
RRA-01179,2025-04-25,Chennai,Koyambedu Ward,Poonamallee High Road,13.067948,80.196652,14.14,53.12,1441.0,2.5,19.96,52.88,Low
RRA-01180,2025-01-13,Hyderabad,Hussain Sagar Ward,Tank Bund Road,17.419808,78.481734,3.88,42.98,1555.1,22.2,25.22,26.42,High
RRA-01181,2025-08-14,Delhi,Azadpur Ward,GT Karnal Road,28.707866,77.184443,35.41,70.0,1218.4,8.5,11.02,55.67,Medium
RRA-01182,2025-02-04,Delhi,Dhaula Kuan Ward,Outer Ring Road,28.590452,77.170945,3.25,48.74,990.2,27.2,26.82,32.72,High
RRA-01183,2025-11-17,Bangalore,Bellandur Ward,Sarjapur Road,12.912686,77.682679,7.45,43.5,1304.9,21.0,7.23,33.19,Medium
RRA-01184,2025-04-18,Hyderabad,Gachibowli Ward,Outer Ring Road,17.441085,78.371126,10.76,50.79,1080.6,11.2,8.39,21.41,Medium
RRA-01185,2025-01-06,Mumbai,Thane Ward,Ghodbunder Road,19.241007,72.97186,8.89,53.6,2047.0,18.8,7.11,60.54,Medium
RRA-01186,2025-06-22,Mumbai,Andheri Ward,Western Express Highway,19.122608,72.844989,61.53,77.24,2334.7,18.2,4.65,59.23,Critical
RRA-01187,2025-06-15,Bangalore,Whitefield Ward,Whitefield Main Road,12.971177,77.747654,27.05,68.99,2121.7,9.0,12.59,34.76,Medium
RRA-01188,2025-11-24,Hyderabad,Banjara Hills Ward,Banjara Hills Road No 12,17.411915,78.440323,11.99,52.96,1000.3,24.5,13.48,34.45,Medium
RRA-01189,2025-07-24,Delhi,Laxmi Nagar Ward,Vikas Marg,28.634763,77.26812,40.28,69.2,1174.7,9.6,20.93,24.48,High
RRA-01190,2025-03-10,Mumbai,Malad Ward,Link Road,19.194843,72.849606,8.37,43.05,1311.1,27.8,,34.41,Medium
RRA-01191,2025-03-22,Pune,Bibwewadi Ward,Pune Satara Road,18.470459,73.856124,6.52,51.62,2674.6,27.2,10.12,53.6,High
RRA-01192,2025-07-31,Pune,Vadgaon Sheri Ward,Nagar Road,18.558168,73.902993,40.81,66.57,907.6,27.7,19.87,20.82,Critical
RRA-01193,2025-11-17,Bangalore,HAL Ward,Old Airport Road,12.966639,77.641502,11.24,56.43,1129.0,5.6,13.41,58.83,Low
RRA-01194,2025-10-14,Mumbai,Vashi Ward,Sion Panvel Highway,19.063592,72.996753,10.11,45.6,1946.5,15.5,10.06,64.06,Medium
RRA-01195,2025-04-09,Delhi,Dhaula Kuan Ward,Outer Ring Road,28.594392,77.168034,11.98,47.12,570.6,27.2,13.05,32.72,Medium
RRA-01196,2025-08-26,Hyderabad,Uppal Ward,Uppal Road,17.407172,78.564439,33.11,67.44,1028.3,22.8,8.86,33.72,High
RRA-01197,2025-12-11,Pune,Katraj Ward,Katraj Dehu Road Bypass,18.457059,73.860873,4.98,43.35,807.1,27.9,8.09,10.35,Medium
RRA-01198,2025-10-31,Pune,Bibwewadi Ward,Pune Satara Road,18.472675,73.87238,23.07,62.75,819.4,27.2,12.62,53.6,High
RRA-01199,2025-02-10,Chennai,Teynampet Ward,Anna Salai,13.037469,80.24047,10.15,66.35,627.9,26.0,15.79,24.53,High
RRA-01200,2025-01-22,Bangalore,Kengeri Ward,Mysore Road,12.908963,77.484992,7.54,48.96,1532.5,10.9,8.11,33.33,Medium
RRA-01201,2025-11-13,Delhi,Nangloi Ward,Rohtak Road,28.67737,77.063852,8.4,44.36,1481.1,7.7,23.31,55.52,Medium
RRA-01202,2025-09-27,Bangalore,Whitefield Ward,Whitefield Main Road,12.969465,77.741352,13.83,51.57,1964.5,9.0,11.05,34.76,Medium
RRA-01203,2025-01-21,Delhi,Azadpur Ward,GT Karnal Road,28.706654,77.171372,12.15,46.8,646.5,8.5,13.77,55.67,Low
RRA-01204,2025-01-15,Bangalore,Bannerghatta Ward,Bannerghatta Road,12.904776,77.599019,10.31,50.19,1516.5,27.2,7.06,33.99,High
RRA-01205,2025-03-20,Bangalore,Whitefield Ward,Whitefield Main Road,12.973622,77.748307,8.22,45.43,1682.9,9.0,3.76,34.76,Low
RRA-01206,2025-08-12,Hyderabad,Gachibowli Ward,Outer Ring Road,17.432845,78.379429,38.98,56.21,875.0,11.2,12.81,21.41,Medium
RRA-01207,2025-03-02,Pune,Baner Ward,Baner Road,18.554622,73.788968,,50.12,822.5,6.4,19.59,70.82,Low
RRA-01208,2025-09-08,Mumbai,Andheri Ward,Western Express Highway,19.11163,72.840349,20.06,59.72,2373.9,18.2,23.4,59.23,High
RRA-01209,2025-01-15,Chennai,Koyambedu Ward,Poonamallee High Road,13.073502,80.195804,6.86,44.68,775.4,2.5,16.54,52.88,Low
RRA-01210,2025-04-27,Delhi,Dwarka Ward,NH48 Highway,28.597732,77.049663,15.31,45.78,420.2,3.7,13.65,33.75,Low
RRA-01211,2025-03-09,Chennai,Neelankarai Ward,East Coast Road,12.954257,80.25897,5.21,33.09,1096.6,26.6,13.98,44.7,Medium
RRA-01212,2025-07-29,Chennai,Neelankarai Ward,East Coast Road,12.955828,80.254804,9.61,45.01,1807.4,26.6,15.25,44.7,High
RRA-01213,2025-05-02,Mumbai,Bandra Ward,SV Road,19.056931,72.827371,39.09,67.07,1034.5,13.0,4.36,25.17,Medium
RRA-01214,2025-07-23,Delhi,Azadpur Ward,GT Karnal Road,28.714583,77.176502,42.43,72.22,1059.7,8.5,13.82,55.67,Medium
RRA-01215,2025-02-09,Bangalore,Bannerghatta Ward,Bannerghatta Road,12.897679,77.589585,19.54,58.9,2061.9,27.2,3.03,33.99,High
RRA-01216,2025-03-30,Mumbai,Andheri Ward,Western Express Highway,19.123882,72.855061,16.55,49.59,871.6,18.2,13.36,59.23,Medium
RRA-01217,2025-06-14,Delhi,Nangloi Ward,Rohtak Road,28.689443,77.046203,48.23,72.36,1748.8,7.7,8.7,55.52,Medium
RRA-01218,2025-08-28,Pune,Baner Ward,Baner Road,18.548025,73.785579,21.53,60.45,6964.903947005855,6.4,9.78,70.82,Low
RRA-01219,2025-05-30,Chennai,Neelankarai Ward,East Coast Road,12.949279,80.245624,7.52,47.2,1866.3,26.6,13.59,44.7,High
RRA-01220,2025-06-09,Chennai,Koyambedu Ward,Poonamallee High Road,13.071035,80.191738,14.53,57.69,1072.9,2.5,12.56,52.88,Low
RRA-01221,2025-05-23,Bangalore,Whitefield Ward,Whitefield Main Road,12.971848,77.765032,16.18,43.65,812.2,9.0,10.5,34.76,Low
RRA-01222,2025-08-01,Mumbai,Ghatkopar Ward,LBS Marg,19.075824,72.907007,50.48,73.66,1222.2,8.0,16.87,64.75,Medium
RRA-01223,2025-01-23,Chennai,Koyambedu Ward,Poonamallee High Road,13.063864,80.195211,4.15,46.5,1312.8,2.5,8.81,52.88,Low
RRA-01224,2025-12-31,Delhi,Dwarka Ward,NH48 Highway,28.596284,77.045712,7.75,47.32,1192.4,3.7,11.76,33.75,Low
RRA-01225,2025-06-02,Chennai,Tambaram Ward,GST Road,12.924417,80.08973,5.36,62.65,1383.2,27.5,18.58,8.73,High
RRA-01226,2025-09-11,Pune,Baner Ward,Baner Road,18.565906,73.785743,26.42,56.4,953.7,6.4,7.03,70.82,Low
RRA-01227,2025-10-11,Bangalore,Bellandur Ward,Sarjapur Road,12.912973,77.682015,28.69,67.55,2407.9,21.0,28.04,33.19,Critical
RRA-01228,2025-07-09,Delhi,Dhaula Kuan Ward,Outer Ring Road,28.589617,77.171853,42.02,77.18,1585.9,27.2,4.69,32.72,Critical
RRA-01229,2025-04-09,Bangalore,Bellandur Ward,Sarjapur Road,12.915077,77.682488,18.53,60.11,633.4,21.0,8.59,33.19,Medium
RRA-01230,2025-03-07,Delhi,Azadpur Ward,GT Karnal Road,28.710362,77.164265,7.38,62.33,2511.2,8.5,23.59,55.67,Medium
RRA-01231,2025-06-04,Pune,Katraj Ward,Katraj Dehu Road Bypass,18.453417,73.862552,39.14,77.09,2135.1,27.9,12.4,10.35,Critical
RRA-01232,2025-12-30,Delhi,Laxmi Nagar Ward,Vikas Marg,28.628459,77.278251,3.93,43.8,1873.3,9.6,8.56,24.48,Medium
RRA-01233,2025-04-23,Bangalore,Marathahalli Ward,Outer Ring Road,12.954371,77.707957,30.67,66.27,1257.5,15.6,8.55,54.34,Medium
RRA-01234,2025-10-24,Delhi,Nizamuddin Ward,Mathura Road,28.584109,77.25178,9.22,46.6,1272.3,15.6,7.59,61.4,Low
RRA-01235,2025-05-10,Bangalore,Peenya Ward,Tumkur Road,13.034802,77.521215,29.84,55.64,3238.3,7.4,11.81,84.46,Medium
RRA-01236,2025-04-25,Bangalore,Electronic City Ward,Hosur Road,12.849687,77.659169,7.36,48.4,684.2,3.2,3.3,45.63,Low
RRA-01237,2025-08-02,Chennai,Neelankarai Ward,East Coast Road,12.94961,80.26159,7.73,53.44,812.5,26.6,4.08,44.7,Medium
RRA-01238,2025-03-07,Bangalore,Bannerghatta Ward,Bannerghatta Road,12.900792,77.597311,5.82,56.7,928.5,27.2,9.56,33.99,Medium
RRA-01239,2025-10-23,Pune,Bibwewadi Ward,Pune Satara Road,18.461693,73.865175,6.63,46.76,1093.4,27.2,12.81,53.6,Medium
RRA-01240,2025-09-09,Mumbai,Malad Ward,Link Road,19.176678,72.855899,31.37,,1060.8,27.8,14.59,34.41,Critical
RRA-01241,2025-12-16,Delhi,Nangloi Ward,Rohtak Road,28.674511,77.062299,4.64,44.09,1190.2,7.7,5.16,55.52,Low
RRA-01242,2025-06-10,Mumbai,Andheri Ward,Western Express Highway,19.128045,72.84657,63.33,83.35,724.7,18.2,9.88,59.23,High
RRA-01243,2025-01-14,Chennai,Sholinganallur Ward,Old Mahabalipuram Road,12.897662,80.224155,9.3,52.7,1465.1,8.9,19.41,46.95,Medium
RRA-01244,2025-07-27,Mumbai,Vashi Ward,Sion Panvel Highway,19.075528,73.001562,51.09,77.4,3691.4,15.5,4.76,64.06,Critical
RRA-01245,2025-07-04,Chennai,Teynampet Ward,Anna Salai,13.044477,80.244124,17.85,51.44,692.1,26.0,5.99,24.53,Medium
RRA-01246,2025-12-01,Mumbai,Chembur Ward,Eastern Express Highway,19.049078,72.893409,16.19,57.96,2465.0,22.7,8.69,49.17,High
RRA-01247,2025-01-03,Pune,Vadgaon Sheri Ward,Nagar Road,18.560992,73.907962,4.4,49.07,996.4,27.7,5.92,20.82,Medium
RRA-01248,2025-03-26,Delhi,Azadpur Ward,GT Karnal Road,28.711542,77.172149,6.52,52.42,2113.6,8.5,9.23,55.67,Medium
RRA-01249,2025-08-08,Bangalore,Bellandur Ward,Sarjapur Road,12.91014,77.680177,,50.54,1352.7,21.0,10.84,33.19,High
RRA-01250,2025-08-09,Bangalore,Kengeri Ward,Mysore Road,12.894718,77.496785,37.08,77.12,1457.7,10.9,11.72,33.33,High
RRA-01251,2025-01-03,Delhi,Nangloi Ward,Rohtak Road,28.683882,77.068716,3.48,60.11,2087.7,7.7,12.49,55.52,Medium
RRA-01252,2025-08-10,Hyderabad,Hussain Sagar Ward,Tank Bund Road,17.43516,78.474299,39.83,66.53,2522.1,22.2,10.59,26.42,Critical
RRA-01253,2025-08-08,Mumbai,Ghatkopar Ward,LBS Marg,19.093093,72.895367,42.52,70.2,736.0,8.0,12.77,64.75,Medium
RRA-01254,2025-01-04,Hyderabad,Banjara Hills Ward,Banjara Hills Road No 12,17.416357,78.437239,28.6,63.0,1058.2,24.5,11.6,34.45,High
RRA-01255,2025-07-12,Mumbai,Malad Ward,Link Road,19.177078,72.862405,66.73,83.19,1390.7,27.8,6.37,34.41,Critical
RRA-01256,2025-08-21,Bangalore,Bellandur Ward,Sarjapur Road,12.916363,77.683704,34.71,63.47,1170.5,21.0,22.51,33.19,Critical
RRA-01257,2025-08-02,Delhi,Nangloi Ward,Rohtak Road,28.686317,77.055401,46.78,66.51,1914.2,7.7,24.04,55.52,High
RRA-01258,2025-01-23,Chennai,Neelankarai Ward,East Coast Road,12.968589,80.253302,,59.95,868.0,26.6,15.12,44.7,High
RRA-01259,2025-10-07,Mumbai,Bandra Ward,SV Road,19.059603,72.83137,11.56,55.59,2993.1,13.0,15.0,25.17,High
RRA-01260,2025-01-25,Mumbai,Andheri Ward,Western Express Highway,19.127835,72.841441,10.24,43.96,699.2,18.2,9.51,59.23,Low
RRA-01261,2025-03-12,Bangalore,Whitefield Ward,Whitefield Main Road,12.980399,77.752884,7.24,45.3,2492.1,9.0,15.27,34.76,Medium
RRA-01262,2025-07-11,Delhi,Dhaula Kuan Ward,Outer Ring Road,28.600182,77.155082,37.79,63.38,1145.3,27.2,3.21,32.72,High
RRA-01263,2025-03-20,Chennai,Teynampet Ward,Anna Salai,13.032391,80.237812,,54.41,1135.4,26.0,21.21,24.53,High
RRA-01264,2025-05-26,Mumbai,Chembur Ward,Eastern Express Highway,19.062381,72.91134,46.34,76.29,1168.1,22.7,19.37,49.17,Critical
RRA-01265,2025-05-27,Pune,Bibwewadi Ward,Pune Satara Road,18.46485,73.859216,30.49,68.17,857.5,27.2,7.57,53.6,High
RRA-01266,2025-05-04,Bangalore,Bannerghatta Ward,Bannerghatta Road,12.900108,77.591627,19.59,65.31,1406.0,27.2,5.89,33.99,High
RRA-01267,2025-11-05,Mumbai,Thane Ward,Ghodbunder Road,19.240792,72.976411,17.55,62.62,676.7,18.8,6.77,60.54,Medium
RRA-01268,2025-03-31,Hyderabad,Gachibowli Ward,Outer Ring Road,17.432646,78.381589,3.03,51.39,2531.9,11.2,9.86,21.41,Medium
RRA-01269,2025-11-11,Delhi,Azadpur Ward,GT Karnal Road,28.71118,77.167942,10.49,63.57,1479.6,8.5,20.48,55.67,Medium
RRA-01270,2025-10-12,Pune,Baner Ward,Baner Road,18.557823,73.795598,6.3,41.56,1065.3,6.4,7.72,70.82,Low
RRA-01271,2025-11-29,Mumbai,Malad Ward,Link Road,19.181778,72.852352,14.18,62.8,1054.4,27.8,12.37,34.41,High
RRA-01272,2025-08-24,Chennai,Koyambedu Ward,Poonamallee High Road,13.068907,80.192134,13.77,58.99,1728.8,2.5,4.82,52.88,Low
RRA-01273,2025-04-13,Chennai,Teynampet Ward,Anna Salai,13.042991,80.237982,7.4,43.77,1844.1,26.0,18.49,24.53,High
RRA-01274,2025-03-26,Mumbai,Chembur Ward,Eastern Express Highway,19.048181,72.905612,,50.97,1096.0,22.7,8.45,49.17,Medium
RRA-01275,2025-11-13,Pune,Baner Ward,Baner Road,18.564302,73.770425,17.57,63.2,2217.2,6.4,,70.82,Medium
RRA-01276,2025-11-08,Bangalore,Whitefield Ward,Whitefield Main Road,12.976632,77.76256,13.44,54.33,1589.9,9.0,11.54,34.76,Medium
RRA-01277,2025-04-28,Mumbai,Chembur Ward,Eastern Express Highway,19.048765,72.901575,22.92,,342.8,22.7,16.75,49.17,Medium
RRA-01278,2025-07-23,Delhi,Dhaula Kuan Ward,Outer Ring Road,28.600095,77.159817,49.82,70.43,732.7,27.2,14.27,32.72,Critical
RRA-01279,2025-04-14,Hyderabad,Banjara Hills Ward,Banjara Hills Road No 12,17.398285,78.432637,7.81,42.21,1316.3,24.5,23.36,34.45,High
RRA-01280,2025-09-07,Hyderabad,Gachibowli Ward,Outer Ring Road,17.450142,78.372506,31.28,64.89,899.6,11.2,13.75,21.41,Medium
RRA-01281,2025-05-27,Bangalore,Electronic City Ward,Hosur Road,12.855697,77.658548,21.4,53.63,1035.4,3.2,5.07,45.63,Low
RRA-01282,2025-09-12,Chennai,Neelankarai Ward,East Coast Road,12.962605,80.249898,20.52,56.34,1568.2,26.6,15.88,44.7,High
RRA-01283,2025-08-16,Delhi,Nizamuddin Ward,Mathura Road,28.589098,77.258203,32.89,69.56,732.3,15.6,10.46,61.4,Medium
RRA-01284,2025-02-11,Bangalore,HAL Ward,Old Airport Road,12.96511,77.644854,7.69,48.9,965.0,5.6,11.94,58.83,Low
RRA-01285,2025-11-23,Bangalore,HAL Ward,Old Airport Road,12.9682,77.649097,14.85,52.16,1073.2,5.6,5.1,58.83,Low
RRA-01286,2025-08-24,Pune,Vadgaon Sheri Ward,Nagar Road,18.554564,73.912527,30.09,57.73,2842.9,27.7,27.1,20.82,Critical
RRA-01287,2025-07-04,Mumbai,Vashi Ward,Sion Panvel Highway,19.071585,72.996452,62.73,81.96,1170.5,15.5,11.23,64.06,High
RRA-01288,2025-08-31,Bangalore,Whitefield Ward,Whitefield Main Road,12.968931,77.74696,25.55,56.23,1808.0,9.0,13.67,34.76,Medium
RRA-01289,2025-07-02,Chennai,Tambaram Ward,GST Road,12.931007,80.10048,5.13,43.75,2828.1,27.5,15.42,8.73,Critical
RRA-01290,2025-06-03,Chennai,Koyambedu Ward,Poonamallee High Road,13.072328,80.194285,,46.22,1095.3,2.5,8.76,52.88,Low
RRA-01291,2025-07-17,Hyderabad,Banjara Hills Ward,Banjara Hills Road No 12,17.417194,78.437175,37.77,68.02,1145.2,24.5,7.57,34.45,High
RRA-01292,2025-05-22,Delhi,Laxmi Nagar Ward,Vikas Marg,28.621051,77.268376,21.83,62.17,1236.6,9.6,13.28,24.48,Medium
RRA-01293,2025-11-17,Bangalore,Bannerghatta Ward,Bannerghatta Road,12.899861,77.595702,5.83,45.66,554.9,27.2,10.94,33.99,Medium
RRA-01294,2025-01-25,Mumbai,Chembur Ward,Eastern Express Highway,19.067811,72.912413,8.23,47.09,833.0,22.7,11.08,49.17,Medium
RRA-01295,2025-11-29,Delhi,Nizamuddin Ward,Mathura Road,28.585848,77.237444,13.39,56.23,1356.0,15.6,45.0,61.4,High
RRA-01296,2025-11-19,Hyderabad,Gachibowli Ward,Outer Ring Road,17.443614,78.377005,6.59,52.94,753.9,11.2,20.33,21.41,Medium
RRA-01297,2025-11-20,Bangalore,HAL Ward,Old Airport Road,12.958186,77.651517,6.61,43.66,1447.8,5.6,3.54,58.83,Low
RRA-01298,2025-08-10,Mumbai,Vashi Ward,Sion Panvel Highway,19.080777,72.991668,49.68,72.38,1933.5,15.5,30.05,64.06,Critical
RRA-01299,2025-09-26,Delhi,Dhaula Kuan Ward,Outer Ring Road,28.599701,77.15716,13.05,51.38,2736.7,27.2,26.55,32.72,Critical
RRA-01300,2025-06-13,Chennai,Teynampet Ward,Anna Salai,13.043754,80.244545,7.01,45.65,2393.2,26.0,17.18,24.53,Critical
RRA-01301,2025-12-12,Chennai,Tambaram Ward,GST Road,12.927599,80.097871,17.9,60.26,786.7,27.5,23.63,8.73,Critical
RRA-01302,2025-07-16,Chennai,Neelankarai Ward,East Coast Road,12.962149,80.249522,8.07,42.23,1149.6,26.6,16.76,44.7,High
RRA-01303,2025-09-10,Mumbai,Vashi Ward,Sion Panvel Highway,19.074652,73.003926,22.59,59.51,521.6,15.5,10.48,64.06,Medium
RRA-01304,2025-09-24,Delhi,Nangloi Ward,Rohtak Road,28.676488,77.054916,24.24,64.53,1175.7,7.7,27.18,55.52,Medium
RRA-01305,2025-03-06,Bangalore,Kengeri Ward,Mysore Road,12.909111,77.487271,7.8,49.65,1395.5,10.9,5.59,33.33,Low
RRA-01306,2025-08-13,Bangalore,Bellandur Ward,Sarjapur Road,12.89971,77.685871,45.96,67.93,986.4,21.0,,33.19,High
RRA-01307,2025-07-30,Hyderabad,Banjara Hills Ward,Banjara Hills Road No 12,17.424737,78.427872,37.74,71.29,1172.8,24.5,9.69,34.45,Critical
RRA-01308,2025-01-24,Bangalore,Marathahalli Ward,Outer Ring Road,12.966808,77.691984,4.78,53.54,2725.5,15.6,14.2,54.34,Medium
RRA-01309,2025-11-05,Delhi,Azadpur Ward,GT Karnal Road,28.711072,77.180444,,46.67,2028.7,8.5,10.0,55.67,Low
RRA-01310,2025-10-10,Bangalore,Whitefield Ward,Whitefield Main Road,12.975037,77.748662,7.96,57.03,2104.5,9.0,7.51,34.76,Medium
RRA-01311,2025-03-17,Bangalore,Kengeri Ward,Mysore Road,12.910271,77.487419,3.05,48.44,2245.4,10.9,14.35,33.33,Medium
RRA-01312,2025-07-08,Mumbai,Ghatkopar Ward,LBS Marg,19.076794,72.916646,73.31,92.05,2055.6,8.0,21.95,64.75,Critical
RRA-01313,2025-12-15,Delhi,Dwarka Ward,NH48 Highway,28.59551,77.050055,9.16,,2057.9,3.7,18.27,33.75,Medium
RRA-01314,2025-11-05,Chennai,Neelankarai Ward,East Coast Road,12.958665,80.263906,51.19,80.65,6171.735511203136,26.6,23.24,44.7,Critical
RRA-01315,2025-08-21,Delhi,Nizamuddin Ward,Mathura Road,28.588114,77.250531,35.17,80.66,1691.8,15.6,4.49,61.4,Medium
RRA-01316,2025-12-26,Bangalore,Kengeri Ward,Mysore Road,12.901035,77.486858,2.73,43.35,820.6,10.9,14.69,33.33,Low
RRA-01317,2025-03-30,Mumbai,Ghatkopar Ward,LBS Marg,19.088554,72.910746,15.99,43.86,1624.8,8.0,2.69,64.75,Low
RRA-01318,2025-02-16,Delhi,Nizamuddin Ward,Mathura Road,28.587251,77.247913,9.3,42.85,1755.4,15.6,5.72,61.4,Medium
RRA-01319,2025-07-03,Bangalore,Electronic City Ward,Hosur Road,12.83728,77.658879,37.93,64.02,1205.6,3.2,7.75,45.63,Low
RRA-01320,2025-04-15,Bangalore,Kengeri Ward,Mysore Road,12.902313,77.483773,7.1,40.97,1521.5,10.9,6.0,33.33,Low
RRA-01321,2025-04-15,Mumbai,Malad Ward,Link Road,19.193545,72.851405,15.19,39.82,794.3,27.8,8.3,34.41,Medium
RRA-01322,2025-04-29,Delhi,Laxmi Nagar Ward,Vikas Marg,28.63019,77.274645,15.06,50.24,2302.8,9.6,23.39,24.48,High
RRA-01323,2025-02-24,Bangalore,Bannerghatta Ward,Bannerghatta Road,12.893962,77.589426,8.29,42.85,1066.4,27.2,14.75,33.99,High
RRA-01324,2025-02-05,Bangalore,Electronic City Ward,Hosur Road,12.848378,77.649386,7.36,45.76,1556.6,3.2,12.08,45.63,Low
RRA-01325,2025-07-29,Bangalore,Bellandur Ward,Sarjapur Road,12.909503,77.690463,38.81,65.42,375.9,21.0,12.44,33.19,High
RRA-01326,2025-06-04,Pune,Vadgaon Sheri Ward,Nagar Road,18.5607,73.91729,32.57,67.61,434.5,27.7,7.78,20.82,High
RRA-01327,2025-02-03,Delhi,Dhaula Kuan Ward,Outer Ring Road,28.594213,77.166314,6.01,45.87,1176.6,27.2,10.76,32.72,Medium
RRA-01328,2025-04-26,Hyderabad,Banjara Hills Ward,Banjara Hills Road No 12,17.422557,78.432842,8.54,44.18,1106.6,24.5,23.95,34.45,High
RRA-01329,2025-11-16,Bangalore,HAL Ward,Old Airport Road,12.948302,77.661274,21.07,63.51,2336.8,5.6,12.43,58.83,Medium
RRA-01330,2025-06-06,Delhi,Dwarka Ward,NH48 Highway,28.593823,77.043733,27.69,66.97,1015.0,3.7,2.87,33.75,Low
RRA-01331,2025-08-23,Mumbai,Ghatkopar Ward,LBS Marg,19.096396,72.904079,27.16,66.72,1893.6,8.0,11.6,64.75,Medium
RRA-01332,2025-03-11,Chennai,Teynampet Ward,Anna Salai,13.038241,80.246734,5.56,43.89,2310.3,26.0,4.25,24.53,High
RRA-01333,2025-03-05,Bangalore,Whitefield Ward,Whitefield Main Road,12.95867,77.748806,4.86,39.14,1964.8,9.0,8.57,34.76,Low
RRA-01334,2025-04-17,Mumbai,Bandra Ward,SV Road,19.058315,72.82524,16.53,52.49,1303.4,13.0,10.98,25.17,Medium
RRA-01335,2025-09-24,Delhi,Dwarka Ward,NH48 Highway,28.585444,77.035315,18.23,64.34,2457.9,3.7,3.56,33.75,Medium
RRA-01336,2025-05-19,Mumbai,Malad Ward,Link Road,19.191196,72.856358,47.44,65.68,332.9,27.8,26.14,34.41,Critical
RRA-01337,2025-06-30,Hyderabad,Uppal Ward,Uppal Road,17.402962,78.560942,34.01,67.7,1942.9,22.8,18.45,33.72,Critical
RRA-01338,2025-05-04,Mumbai,Chembur Ward,Eastern Express Highway,19.048286,72.90542,28.62,61.44,1180.4,22.7,20.84,49.17,High
RRA-01339,2025-07-13,Mumbai,Thane Ward,Ghodbunder Road,19.239348,72.976399,58.88,85.62,1997.3,18.8,13.55,60.54,Critical
RRA-01340,2025-11-08,Bangalore,Bellandur Ward,Sarjapur Road,12.914525,77.689995,4.66,,612.4,21.0,7.28,33.19,Medium
RRA-01341,2025-08-23,Chennai,Neelankarai Ward,East Coast Road,12.948146,80.267289,13.04,54.35,1127.5,26.6,4.63,44.7,Medium
RRA-01342,2025-06-21,Hyderabad,Banjara Hills Ward,Banjara Hills Road No 12,17.411888,78.426839,29.2,54.07,3774.4,24.5,19.43,34.45,Critical
RRA-01343,2025-02-27,Delhi,Dhaula Kuan Ward,Outer Ring Road,28.593648,77.160152,4.8,37.57,1140.4,27.2,9.54,32.72,Medium
RRA-01344,2025-03-31,Mumbai,Vashi Ward,Sion Panvel Highway,19.076772,72.988469,16.32,56.4,1475.2,15.5,16.69,64.06,Medium
RRA-01345,2025-09-09,Delhi,Nangloi Ward,Rohtak Road,28.690143,77.058127,20.44,58.07,100.0,7.7,8.48,55.52,Low
RRA-01346,2025-02-11,Mumbai,Chembur Ward,Eastern Express Highway,19.052999,72.911218,17.6,,1468.9,22.7,24.53,49.17,High
RRA-01347,2025-06-03,Pune,Vadgaon Sheri Ward,Nagar Road,18.563991,73.902836,27.14,68.6,431.6,27.7,,20.82,High
RRA-01348,2025-11-15,Chennai,Teynampet Ward,Anna Salai,13.03756,80.245345,28.11,,2763.5,26.0,22.01,24.53,Critical
RRA-01349,2025-11-27,Hyderabad,Uppal Ward,Uppal Road,17.405838,78.568409,4.85,54.85,900.3,22.8,14.28,33.72,Medium
RRA-01350,2025-10-01,Delhi,Dwarka Ward,NH48 Highway,28.597519,77.033928,11.07,54.29,1285.3,3.7,6.27,33.75,Low
RRA-01351,2025-12-05,Delhi,Dwarka Ward,NH48 Highway,28.59185,77.03912,15.09,58.69,700.3,3.7,5.59,33.75,Low
RRA-01352,2025-07-31,Hyderabad,Gachibowli Ward,Outer Ring Road,17.439983,78.375655,43.18,77.46,802.3,11.2,11.54,21.41,High
RRA-01353,2025-10-01,Bangalore,Whitefield Ward,Whitefield Main Road,12.968219,77.749928,23.45,66.7,878.1,9.0,7.57,34.76,Low
RRA-01354,2025-10-23,Chennai,Teynampet Ward,Anna Salai,13.038866,80.241365,34.42,70.18,2221.5,26.0,12.85,24.53,Critical
RRA-01355,2025-03-23,Bangalore,Bannerghatta Ward,Bannerghatta Road,12.902009,77.594996,10.6,44.74,2076.7,27.2,6.66,33.99,High
RRA-01356,2025-05-04,Bangalore,Whitefield Ward,Whitefield Main Road,12.971211,77.743142,14.09,50.28,2376.0,9.0,4.87,34.76,Medium
RRA-01357,2025-07-08,Chennai,Neelankarai Ward,East Coast Road,12.946431,80.260957,4.25,52.15,1064.1,26.6,11.03,44.7,Medium
RRA-01358,2025-03-10,Chennai,Tambaram Ward,GST Road,12.926296,80.105636,3.35,45.06,8874.635674410687,27.5,,8.73,Critical
RRA-01359,2025-04-28,Delhi,Azadpur Ward,GT Karnal Road,28.711274,77.174645,13.35,57.67,389.5,8.5,,55.67,Low
RRA-01360,2025-10-09,Pune,Bibwewadi Ward,Pune Satara Road,18.480097,73.861298,15.12,55.1,1212.4,27.2,12.61,53.6,High
RRA-01361,2025-06-18,Chennai,Neelankarai Ward,East Coast Road,12.966018,80.268262,11.07,47.25,1642.4,26.6,4.08,44.7,Medium
RRA-01362,2025-08-26,Mumbai,Andheri Ward,Western Express Highway,19.126913,72.849854,27.26,68.63,1354.5,18.2,8.34,59.23,Medium
RRA-01363,2025-01-19,Bangalore,HAL Ward,Old Airport Road,12.955592,77.650275,7.15,55.76,1463.7,5.6,2.0,58.83,Low
RRA-01364,2025-09-02,Mumbai,Chembur Ward,Eastern Express Highway,19.057634,72.900314,31.49,63.43,1420.7,22.7,10.83,49.17,High
RRA-01365,2025-09-22,Delhi,Azadpur Ward,GT Karnal Road,28.708192,77.173666,13.05,58.12,1399.3,8.5,,55.67,Medium
RRA-01366,2025-06-04,Mumbai,Andheri Ward,Western Express Highway,19.126108,72.84506,63.69,79.97,1343.9,18.2,16.34,59.23,Critical
RRA-01367,2025-11-23,Bangalore,Bannerghatta Ward,Bannerghatta Road,12.905131,77.581686,23.35,67.06,118.1,27.2,19.72,33.99,High
RRA-01368,2025-03-22,Bangalore,HAL Ward,Old Airport Road,12.967345,77.641412,2.97,49.42,100.0,5.6,8.87,58.83,Low
RRA-01369,2025-11-05,Bangalore,Peenya Ward,Tumkur Road,13.027995,77.510436,4.06,44.7,753.6,7.4,8.65,84.46,Low
RRA-01370,2025-09-08,Chennai,Teynampet Ward,Anna Salai,13.049845,80.245992,27.73,61.68,1159.6,26.0,20.94,24.53,Critical
RRA-01371,2025-04-20,Bangalore,Whitefield Ward,Whitefield Main Road,12.959079,77.76735,8.33,56.32,2434.6,9.0,12.9,34.76,Medium
RRA-01372,2025-02-09,Mumbai,Ghatkopar Ward,LBS Marg,19.078161,72.919698,6.75,45.16,278.9,8.0,10.43,64.75,Low
RRA-01373,2025-04-18,Pune,Bibwewadi Ward,Pune Satara Road,18.462651,73.857622,8.33,43.52,1474.2,27.2,3.14,53.6,Medium
RRA-01374,2025-05-02,Mumbai,Ghatkopar Ward,LBS Marg,19.094063,72.903447,26.07,57.12,1471.3,8.0,15.21,64.75,Medium
RRA-01375,2025-03-21,Pune,Katraj Ward,Katraj Dehu Road Bypass,18.450123,73.856751,16.13,51.12,1936.5,27.9,10.11,10.35,Critical
RRA-01376,2025-10-29,Mumbai,Bandra Ward,SV Road,19.056906,72.834932,16.19,52.97,2446.1,13.0,7.19,25.17,Medium
RRA-01377,2025-03-02,Mumbai,Chembur Ward,Eastern Express Highway,19.05113,72.894111,7.48,41.63,332.8,22.7,19.05,49.17,Medium
RRA-01378,2025-04-05,Chennai,Tambaram Ward,GST Road,12.932503,80.091637,7.85,47.55,1029.8,27.5,17.08,8.73,High
RRA-01379,2025-01-01,Mumbai,Thane Ward,Ghodbunder Road,19.241099,72.975741,5.78,,877.5,18.8,4.65,60.54,Low
RRA-01380,2025-04-05,Mumbai,Malad Ward,Link Road,19.181132,72.847372,15.62,64.42,1552.0,27.8,14.42,34.41,High
RRA-01381,2025-04-19,Mumbai,Malad Ward,Link Road,19.20144,72.848543,19.91,57.02,1501.7,27.8,4.29,34.41,High
RRA-01382,2025-08-05,Bangalore,Peenya Ward,Tumkur Road,13.034381,77.527245,31.29,73.23,688.6,7.4,6.54,84.46,Low
RRA-01383,2025-11-08,Mumbai,Bandra Ward,SV Road,19.062514,72.84272,5.57,64.65,205.6,13.0,13.05,25.17,Low
RRA-01384,2025-04-08,Delhi,Dwarka Ward,NH48 Highway,28.592537,77.056265,10.68,57.66,403.5,3.7,4.98,33.75,Low
RRA-01385,2025-07-23,Mumbai,Malad Ward,Link Road,19.19726,72.851805,66.83,87.75,1130.3,27.8,9.72,34.41,Critical
RRA-01386,2025-08-17,Hyderabad,Gachibowli Ward,Outer Ring Road,17.448475,78.370802,46.07,88.29,2033.0,11.2,14.14,21.41,Critical
RRA-01387,2025-04-05,Pune,Vadgaon Sheri Ward,Nagar Road,18.556001,73.91217,,46.26,826.2,27.7,22.71,20.82,High
RRA-01388,2025-10-23,Bangalore,Kengeri Ward,Mysore Road,12.896931,77.482641,22.36,67.9,880.0,10.9,30.57,33.33,Medium
RRA-01389,2025-12-06,Delhi,Azadpur Ward,GT Karnal Road,28.715096,77.182925,4.88,47.79,947.5,8.5,15.19,55.67,Low
RRA-01390,2025-08-13,Bangalore,Peenya Ward,Tumkur Road,13.031121,77.526296,35.28,69.83,890.7,7.4,8.7,84.46,Low
RRA-01391,2025-07-17,Chennai,Tambaram Ward,GST Road,12.916957,80.106926,7.31,42.14,1620.1,27.5,8.49,8.73,High
RRA-01392,2025-04-06,Delhi,Nangloi Ward,Rohtak Road,28.679978,77.063067,11.87,59.6,1525.1,7.7,8.58,55.52,Low
RRA-01393,2025-05-09,Delhi,Nangloi Ward,Rohtak Road,28.678199,77.049198,12.27,51.12,1222.5,7.7,4.14,55.52,Low
RRA-01394,2025-05-25,Delhi,Dwarka Ward,NH48 Highway,28.580515,77.054013,29.36,53.41,265.3,3.7,16.34,33.75,Low
RRA-01395,2025-02-09,Hyderabad,Uppal Ward,Uppal Road,17.402377,78.562677,4.4,57.47,688.9,22.8,18.71,33.72,Medium
RRA-01396,2025-01-28,Chennai,Teynampet Ward,Anna Salai,13.047222,80.240284,5.95,47.88,1671.7,26.0,7.26,24.53,High
RRA-01397,2025-03-26,Mumbai,Ghatkopar Ward,LBS Marg,19.08327,72.901226,13.0,48.06,746.8,8.0,6.85,64.75,Low
RRA-01398,2025-08-07,Chennai,Neelankarai Ward,East Coast Road,12.965257,80.272402,10.21,67.38,1275.9,26.6,15.58,44.7,High
RRA-01399,2025-03-16,Pune,Vadgaon Sheri Ward,Nagar Road,18.553977,73.91323,14.06,65.86,1303.5,27.7,8.98,20.82,High
RRA-01400,2025-05-07,Bangalore,Electronic City Ward,Hosur Road,12.843851,77.667447,17.9,40.41,2296.7,3.2,5.19,45.63,Low
RRA-01401,2025-04-22,Mumbai,Malad Ward,Link Road,19.198407,72.849563,28.31,66.73,1906.4,27.8,8.2,34.41,Critical
RRA-01402,2025-09-13,Hyderabad,Banjara Hills Ward,Banjara Hills Road No 12,17.402923,78.433324,21.65,64.75,8255.079213826588,24.5,19.14,34.45,Critical
RRA-01403,2025-07-02,Mumbai,Thane Ward,Ghodbunder Road,19.247377,72.973519,62.96,84.34,1410.3,18.8,7.23,60.54,Critical
RRA-01404,2025-01-15,Pune,Katraj Ward,Katraj Dehu Road Bypass,18.449339,73.866435,7.99,51.55,2845.7,27.9,8.97,10.35,Critical
RRA-01405,2025-05-15,Bangalore,Electronic City Ward,Hosur Road,12.852326,77.657788,22.62,53.15,1262.7,3.2,5.89,45.63,Low
RRA-01406,2025-02-27,Hyderabad,Gachibowli Ward,Outer Ring Road,17.444091,78.367736,13.62,54.56,1601.4,11.2,8.28,21.41,Medium
RRA-01407,2025-10-20,Pune,Baner Ward,Baner Road,18.555927,73.794874,7.53,58.21,1011.0,6.4,5.4,70.82,Low
RRA-01408,2025-12-13,Bangalore,HAL Ward,Old Airport Road,12.965087,77.642717,5.63,37.17,1876.9,5.6,17.02,58.83,Low
RRA-01409,2025-09-01,Hyderabad,Gachibowli Ward,Outer Ring Road,17.441504,78.375001,34.11,59.0,1084.8,11.2,9.29,21.41,Medium
RRA-01410,2025-12-26,Hyderabad,Hussain Sagar Ward,Tank Bund Road,17.431736,78.46882,12.24,54.77,2134.7,22.2,7.53,26.42,High
RRA-01411,2025-09-10,Chennai,Koyambedu Ward,Poonamallee High Road,13.073807,80.189779,24.12,,1412.0,2.5,8.04,52.88,Low
RRA-01412,2025-07-07,Bangalore,Whitefield Ward,Whitefield Main Road,12.976694,77.746259,40.48,69.32,1162.2,9.0,13.21,34.76,Medium
RRA-01413,2025-06-29,Chennai,Koyambedu Ward,Poonamallee High Road,13.061162,80.188522,14.56,48.18,1927.7,2.5,9.92,52.88,Low
RRA-01414,2025-06-25,Mumbai,Ghatkopar Ward,LBS Marg,19.087052,72.910428,63.73,81.71,1338.9,8.0,31.13,64.75,Critical
RRA-01415,2025-10-15,Chennai,Sholinganallur Ward,Old Mahabalipuram Road,12.896127,80.219606,33.22,59.26,758.1,8.9,5.96,46.95,Low
RRA-01416,2025-02-08,Bangalore,HAL Ward,Old Airport Road,12.959946,77.657938,15.12,50.32,1717.5,5.6,10.96,58.83,Low
RRA-01417,2025-12-24,Pune,Katraj Ward,Katraj Dehu Road Bypass,18.453881,73.876403,7.25,44.69,1730.7,27.9,12.62,10.35,High
RRA-01418,2025-04-10,Chennai,Koyambedu Ward,Poonamallee High Road,13.061385,80.197486,11.75,47.85,1139.0,2.5,10.14,52.88,Low
RRA-01419,2025-08-30,Bangalore,Bellandur Ward,Sarjapur Road,12.915411,77.689781,22.35,62.58,1256.8,21.0,4.47,33.19,Medium
RRA-01420,2025-06-01,Hyderabad,Banjara Hills Ward,Banjara Hills Road No 12,17.426841,78.439329,13.94,48.94,1480.5,24.5,10.38,34.45,High
RRA-01421,2025-02-26,Pune,Baner Ward,Baner Road,18.550791,73.789048,11.74,59.03,,6.4,9.61,70.82,Low
RRA-01422,2025-01-15,Mumbai,Andheri Ward,Western Express Highway,19.127387,72.844058,9.98,55.17,725.3,18.2,5.98,59.23,Low
RRA-01423,2025-02-09,Bangalore,Peenya Ward,Tumkur Road,13.033971,77.511655,2.91,41.56,1596.5,7.4,6.99,84.46,Low
RRA-01424,2025-05-12,Chennai,Sholinganallur Ward,Old Mahabalipuram Road,12.904556,80.231961,15.12,57.98,1927.4,8.9,8.29,46.95,Medium
RRA-01425,2025-12-30,Delhi,Dhaula Kuan Ward,Outer Ring Road,28.598192,77.150604,6.0,52.69,1813.2,27.2,9.46,32.72,High
RRA-01426,2025-12-16,Delhi,Nangloi Ward,Rohtak Road,28.680839,77.055657,6.91,38.36,861.5,7.7,12.23,55.52,Low
RRA-01427,2025-10-15,Bangalore,Kengeri Ward,Mysore Road,12.905782,77.48308,15.3,,1854.4,10.9,7.6,33.33,Medium
RRA-01428,2025-07-21,Hyderabad,Gachibowli Ward,Outer Ring Road,17.443625,78.374515,39.7,70.4,2290.9,11.2,8.36,21.41,High
RRA-01429,2025-12-10,Pune,Katraj Ward,Katraj Dehu Road Bypass,18.450062,73.866532,9.53,52.18,,27.9,9.02,10.35,High
RRA-01430,2025-06-25,Bangalore,Electronic City Ward,Hosur Road,12.844733,77.654359,32.55,62.78,432.2,3.2,18.02,45.63,Low
RRA-01431,2025-09-19,Bangalore,Electronic City Ward,Hosur Road,12.838677,77.653685,14.23,53.05,1779.6,3.2,2.0,45.63,Low
RRA-01432,2025-09-23,Bangalore,Whitefield Ward,Whitefield Main Road,12.984581,77.749347,21.67,56.28,1520.3,9.0,10.74,34.76,Medium
RRA-01433,2025-09-05,Delhi,Dhaula Kuan Ward,Outer Ring Road,28.600222,77.161458,23.64,56.66,1979.1,27.2,20.42,32.72,Critical
RRA-01434,2025-10-30,Hyderabad,Banjara Hills Ward,Banjara Hills Road No 12,17.419758,78.428089,8.45,57.12,1226.3,24.5,12.01,34.45,High
RRA-01435,2025-12-11,Mumbai,Andheri Ward,Western Express Highway,19.114815,72.839809,18.34,55.14,1023.8,18.2,6.24,59.23,Medium
RRA-01436,2025-09-15,Bangalore,Peenya Ward,Tumkur Road,13.034809,77.515386,16.06,61.22,,7.4,33.92,84.46,Medium
RRA-01437,2025-06-01,Hyderabad,Banjara Hills Ward,Banjara Hills Road No 12,17.401214,78.431296,25.83,64.47,873.9,24.5,10.34,34.45,High
RRA-01438,2025-08-23,Hyderabad,Uppal Ward,Uppal Road,17.403573,78.547175,28.9,71.47,717.4,22.8,13.62,33.72,High
RRA-01439,2025-04-23,Bangalore,Bannerghatta Ward,Bannerghatta Road,12.901799,77.597761,7.95,52.91,2132.0,27.2,17.72,33.99,High
RRA-01440,2025-11-07,Mumbai,Bandra Ward,SV Road,19.06859,72.834662,8.67,47.59,,13.0,10.96,25.17,Medium
RRA-01441,2025-06-16,Pune,Vadgaon Sheri Ward,Nagar Road,18.554414,73.919753,41.84,74.68,2387.6,27.7,7.11,20.82,Critical
RRA-01442,2025-08-01,Hyderabad,Uppal Ward,Uppal Road,17.412502,78.55389,37.07,63.9,760.7,22.8,10.71,33.72,High
RRA-01443,2025-04-17,Hyderabad,Banjara Hills Ward,Banjara Hills Road No 12,17.417479,78.436759,11.55,46.6,1705.4,24.5,19.78,34.45,High
RRA-01444,2025-10-02,Delhi,Laxmi Nagar Ward,Vikas Marg,28.63479,77.272822,15.28,54.31,1243.7,9.6,8.36,24.48,Low
RRA-01445,2025-08-09,Mumbai,Andheri Ward,Western Express Highway,19.122195,72.84604,40.01,66.72,1445.7,18.2,10.7,59.23,High
RRA-01446,2025-11-02,Bangalore,Electronic City Ward,Hosur Road,12.844037,77.650955,5.52,43.7,883.1,3.2,17.59,45.63,Low
RRA-01447,2025-12-13,Pune,Baner Ward,Baner Road,18.560004,73.803208,6.07,60.92,160.6,6.4,4.98,70.82,Low
RRA-01448,2025-04-29,Chennai,Teynampet Ward,Anna Salai,13.048535,80.238707,17.13,50.11,1916.1,26.0,16.84,24.53,Critical
RRA-01449,2025-12-30,Pune,Baner Ward,Baner Road,18.554029,73.783713,11.99,54.75,1518.8,6.4,23.82,70.82,Medium
RRA-01450,2025-06-28,Mumbai,Ghatkopar Ward,LBS Marg,19.088471,72.900766,61.41,77.53,1733.0,8.0,15.29,64.75,High
RRA-01451,2025-12-05,Pune,Vadgaon Sheri Ward,Nagar Road,18.568215,73.910878,5.88,49.5,1190.0,27.7,13.7,20.82,High
RRA-01452,2025-06-11,Bangalore,Marathahalli Ward,Outer Ring Road,12.960113,77.691895,26.38,58.95,520.5,15.6,5.19,54.34,Medium
RRA-01453,2025-08-12,Hyderabad,Uppal Ward,Uppal Road,17.399367,78.55751,35.22,74.03,1667.3,22.8,9.0,33.72,High
RRA-01454,2025-07-23,Delhi,Dhaula Kuan Ward,Outer Ring Road,28.594783,77.156593,47.3,75.44,1917.6,27.2,16.68,32.72,Critical
RRA-01455,2025-04-24,Delhi,Nangloi Ward,Rohtak Road,28.681532,77.056831,9.12,46.57,886.2,7.7,33.76,55.52,Medium
RRA-01456,2025-05-14,Delhi,Dwarka Ward,NH48 Highway,28.59502,77.045624,11.08,51.85,820.0,3.7,4.82,33.75,Low
RRA-01457,2025-01-27,Hyderabad,Gachibowli Ward,Outer Ring Road,17.443094,78.36749,5.44,53.94,2105.9,11.2,16.74,21.41,Medium
RRA-01458,2025-12-19,Chennai,Neelankarai Ward,East Coast Road,12.958926,80.250981,15.51,54.85,2136.5,26.6,10.19,44.7,High
RRA-01459,2025-10-22,Bangalore,Whitefield Ward,Whitefield Main Road,12.961307,77.755867,10.87,45.87,1130.3,9.0,25.07,34.76,Medium
RRA-01460,2025-02-08,Bangalore,Whitefield Ward,Whitefield Main Road,12.980419,77.757491,19.57,55.72,1650.9,9.0,,34.76,Medium
RRA-01461,2025-06-18,Bangalore,Bellandur Ward,Sarjapur Road,12.9096,77.685321,30.59,60.3,1346.2,21.0,6.17,33.19,High
RRA-01462,2025-01-23,Bangalore,Whitefield Ward,Whitefield Main Road,12.974534,77.750759,7.38,40.77,2496.3,9.0,18.6,34.76,Medium
RRA-01463,2025-09-06,Chennai,Teynampet Ward,Anna Salai,13.039784,80.241202,22.89,61.48,987.6,26.0,7.49,24.53,High
RRA-01464,2025-09-01,Pune,Bibwewadi Ward,Pune Satara Road,18.462952,73.863363,20.08,,1243.6,27.2,2.86,53.6,Medium
RRA-01465,2025-10-23,Bangalore,Marathahalli Ward,Outer Ring Road,12.961873,77.688949,12.35,66.74,1931.1,15.6,22.23,54.34,High
RRA-01466,2025-07-09,Bangalore,HAL Ward,Old Airport Road,12.953195,77.648548,51.42,77.24,1240.2,5.6,6.62,58.83,Medium
RRA-01467,2025-10-22,Delhi,Laxmi Nagar Ward,Vikas Marg,28.632417,77.270429,5.34,41.72,1306.9,9.6,7.9,24.48,Low
RRA-01468,2025-12-16,Mumbai,Thane Ward,Ghodbunder Road,19.247551,72.973456,7.59,42.89,2088.7,18.8,11.37,60.54,Medium
RRA-01469,2025-07-01,Hyderabad,Gachibowli Ward,Outer Ring Road,17.44643,78.373153,,69.28,2009.9,11.2,3.98,21.41,High
RRA-01470,2025-01-17,Mumbai,Chembur Ward,Eastern Express Highway,19.056803,72.903125,12.56,49.93,1919.3,22.7,12.97,49.17,High
RRA-01471,2025-03-02,Delhi,Nangloi Ward,Rohtak Road,28.675005,77.056448,9.81,55.11,1278.8,7.7,7.37,55.52,Low
RRA-01472,2025-12-20,Bangalore,Bannerghatta Ward,Bannerghatta Road,12.88802,77.606442,7.87,52.79,1357.4,27.2,,33.99,Medium
RRA-01473,2025-04-11,Delhi,Azadpur Ward,GT Karnal Road,28.720869,77.169469,10.83,37.75,1507.5,8.5,12.87,55.67,Low
RRA-01474,2025-09-17,Bangalore,Peenya Ward,Tumkur Road,13.035772,77.516731,13.44,44.14,377.2,7.4,29.78,84.46,Low
RRA-01475,2025-12-21,Hyderabad,Banjara Hills Ward,Banjara Hills Road No 12,17.414934,78.435593,3.02,44.14,1603.1,24.5,10.81,34.45,Medium
RRA-01476,2025-02-23,Hyderabad,Banjara Hills Ward,Banjara Hills Road No 12,17.426342,78.434294,14.09,,1741.0,24.5,4.63,34.45,High
RRA-01477,2025-05-28,Pune,Katraj Ward,Katraj Dehu Road Bypass,18.450034,73.865615,26.14,56.48,952.1,27.9,7.2,10.35,High
RRA-01478,2025-01-06,Pune,Katraj Ward,Katraj Dehu Road Bypass,18.441202,73.858903,6.14,55.83,1109.4,27.9,12.66,10.35,High
RRA-01479,2025-10-18,Delhi,Dhaula Kuan Ward,Outer Ring Road,28.597108,77.164844,10.27,47.8,1715.2,27.2,11.6,32.72,High
RRA-01480,2025-12-07,Mumbai,Ghatkopar Ward,LBS Marg,19.08277,72.90077,12.86,55.95,1589.8,8.0,12.82,64.75,Low
RRA-01481,2025-10-09,Mumbai,Andheri Ward,Western Express Highway,19.118788,72.840757,13.59,46.02,1643.0,18.2,12.84,59.23,Medium
RRA-01482,2025-10-17,Bangalore,Peenya Ward,Tumkur Road,13.023598,77.518552,7.9,51.12,2129.1,7.4,7.86,84.46,Low
RRA-01483,2025-11-11,Mumbai,Ghatkopar Ward,LBS Marg,19.089138,72.9062,6.16,52.35,299.5,8.0,27.13,64.75,Low
RRA-01484,2025-06-22,Chennai,Sholinganallur Ward,Old Mahabalipuram Road,12.903861,80.230833,13.67,56.56,1154.6,8.9,8.52,46.95,Low
RRA-01485,2025-05-15,Pune,Baner Ward,Baner Road,18.559452,73.792998,16.85,46.34,1068.3,6.4,17.24,70.82,Low
RRA-01486,2025-12-18,Bangalore,Bellandur Ward,Sarjapur Road,12.910168,77.678887,13.59,63.17,705.3,21.0,24.67,33.19,High
RRA-01487,2025-09-15,Chennai,Neelankarai Ward,East Coast Road,12.954753,80.264141,26.82,61.36,1603.7,26.6,14.89,44.7,High
RRA-01488,2025-05-16,Bangalore,Electronic City Ward,Hosur Road,12.840165,77.656631,28.3,65.21,1989.9,3.2,9.64,45.63,Medium
RRA-01489,2025-06-10,Delhi,Nizamuddin Ward,Mathura Road,28.588313,77.24775,29.84,69.32,100.0,15.6,8.1,61.4,Low
RRA-01490,2025-10-31,Mumbai,Thane Ward,Ghodbunder Road,19.241223,72.973953,12.83,52.2,2571.0,18.8,12.65,60.54,High
RRA-01491,2025-11-01,Bangalore,Bannerghatta Ward,Bannerghatta Road,12.892567,77.600924,17.45,51.28,1129.2,27.2,15.38,33.99,High
RRA-01492,2025-10-29,Chennai,Neelankarai Ward,East Coast Road,12.950514,80.266206,32.35,64.35,2031.0,26.6,17.14,44.7,Critical
RRA-01493,2025-09-03,Mumbai,Malad Ward,Link Road,19.201915,72.852057,19.73,49.15,790.5,27.8,16.28,34.41,High
RRA-01494,2025-02-22,Mumbai,Vashi Ward,Sion Panvel Highway,19.071862,72.994198,11.98,59.99,2013.3,15.5,18.8,64.06,Medium
RRA-01495,2025-12-13,Delhi,Nizamuddin Ward,Mathura Road,28.587446,77.256521,13.32,49.9,1477.3,15.6,13.96,61.4,Medium
RRA-01496,2025-12-19,Delhi,Dhaula Kuan Ward,Outer Ring Road,28.600032,77.168753,4.6,48.7,1491.7,27.2,15.31,32.72,High
RRA-01497,2025-05-22,Mumbai,Ghatkopar Ward,LBS Marg,19.09359,72.919505,43.0,83.32,2052.9,8.0,17.79,64.75,High
RRA-01498,2025-11-05,Pune,Katraj Ward,Katraj Dehu Road Bypass,18.454488,73.866512,10.0,49.67,1176.1,27.9,6.39,10.35,High
RRA-01499,2025-02-19,Pune,Katraj Ward,Katraj Dehu Road Bypass,18.453191,73.850952,4.0,50.03,2158.2,27.9,4.07,10.35,High
RRA-01500,2025-11-10,Bangalore,Whitefield Ward,Whitefield Main Road,12.975494,77.743512,7.87,60.31,1124.8,9.0,5.7,34.76,Low
RRA-01501,2025-08-05,Delhi,Laxmi Nagar Ward,Vikas Marg,28.631257,77.273742,38.85,68.47,1288.9,9.6,8.95,24.48,Medium
RRA-01502,2025-03-29,Bangalore,Marathahalli Ward,Outer Ring Road,12.965061,77.702965,8.74,57.17,1364.9,15.6,8.12,54.34,Low
RRA-01503,2025-11-14,Chennai,Tambaram Ward,GST Road,12.928635,80.112048,30.99,78.22,1299.1,27.5,12.28,8.73,Critical
RRA-01504,2025-09-24,Mumbai,Bandra Ward,SV Road,19.060278,72.834946,,50.62,1450.3,13.0,15.42,25.17,Medium
RRA-01505,2025-12-04,Pune,Katraj Ward,Katraj Dehu Road Bypass,18.44778,73.8599,3.17,54.22,846.5,27.9,24.66,10.35,High
RRA-01506,2025-07-04,Mumbai,Chembur Ward,Eastern Express Highway,19.057553,72.900709,63.22,88.24,1518.9,22.7,14.7,49.17,Critical
RRA-01507,2025-09-21,Mumbai,Ghatkopar Ward,LBS Marg,19.08521,72.906616,12.35,66.77,1855.5,8.0,10.45,64.75,Medium
RRA-01508,2025-02-14,Delhi,Laxmi Nagar Ward,Vikas Marg,28.636122,77.275532,8.51,63.29,1464.0,9.6,3.3,24.48,Low
RRA-01509,2025-09-25,Bangalore,Bannerghatta Ward,Bannerghatta Road,12.904368,77.600757,10.45,61.87,2329.6,27.2,3.56,33.99,High
RRA-01510,2025-08-08,Delhi,Dwarka Ward,NH48 Highway,28.604025,77.038496,40.5,72.38,1827.3,3.7,,33.75,Medium
RRA-01511,2025-03-01,Mumbai,Chembur Ward,Eastern Express Highway,19.050052,72.901494,8.06,43.06,1227.0,22.7,15.74,49.17,Medium
RRA-01512,2025-07-11,Delhi,Dwarka Ward,NH48 Highway,28.591415,77.04569,42.54,74.69,1212.0,3.7,7.86,33.75,Medium
RRA-01513,2025-10-28,Bangalore,Kengeri Ward,Mysore Road,12.899502,77.480862,11.92,60.12,3138.1,10.9,9.65,33.33,High
RRA-01514,2025-04-17,Mumbai,Andheri Ward,Western Express Highway,19.116575,72.847784,20.28,46.85,2371.0,18.2,12.02,59.23,High
RRA-01515,2025-03-01,Hyderabad,Gachibowli Ward,Outer Ring Road,17.430982,78.378168,6.86,55.22,837.2,11.2,9.75,21.41,Low
RRA-01516,2025-06-14,Delhi,Dwarka Ward,NH48 Highway,28.599564,77.042916,30.06,69.69,3949.246916676524,3.7,9.95,33.75,Low
RRA-01517,2025-01-25,Mumbai,Malad Ward,Link Road,19.180438,72.837721,6.52,52.7,429.9,27.8,2.6,34.41,Medium
RRA-01518,2025-04-19,Delhi,Dhaula Kuan Ward,Outer Ring Road,28.590005,77.163164,6.86,51.79,1773.6,27.2,7.89,32.72,High
RRA-01519,2025-05-14,Bangalore,Electronic City Ward,Hosur Road,12.851621,77.655279,12.63,59.71,1431.7,3.2,14.02,45.63,Low
RRA-01520,2025-01-05,Mumbai,Ghatkopar Ward,LBS Marg,19.083491,72.910364,10.06,51.7,445.3,8.0,33.96,64.75,Medium
RRA-01521,2025-04-18,Mumbai,Vashi Ward,Sion Panvel Highway,19.070208,73.005587,17.69,55.42,979.6,15.5,15.3,64.06,Medium
RRA-01522,2025-10-22,Bangalore,Whitefield Ward,Whitefield Main Road,12.968111,77.751668,9.45,60.94,627.0,9.0,22.5,34.76,Medium
RRA-01523,2025-01-20,Delhi,Dhaula Kuan Ward,Outer Ring Road,28.597217,77.169837,8.23,48.18,,27.2,9.93,32.72,Medium
RRA-01524,2025-12-13,Bangalore,HAL Ward,Old Airport Road,12.943523,77.642549,6.16,54.9,1225.4,5.6,7.82,58.83,Low
RRA-01525,2025-09-07,Chennai,Teynampet Ward,Anna Salai,13.037669,80.241034,28.03,61.48,571.4,26.0,6.24,24.53,High
RRA-01526,2025-12-21,Mumbai,Vashi Ward,Sion Panvel Highway,19.081422,72.997992,8.24,41.93,570.2,15.5,15.46,64.06,Low
RRA-01527,2025-02-12,Mumbai,Ghatkopar Ward,LBS Marg,19.090357,72.910702,6.21,44.81,2674.6,8.0,15.68,64.75,Medium
RRA-01528,2025-11-09,Hyderabad,Banjara Hills Ward,Banjara Hills Road No 12,17.422413,78.437085,8.66,56.15,923.5,24.5,21.56,34.45,High
RRA-01529,2025-02-10,Mumbai,Andheri Ward,Western Express Highway,19.103365,72.839963,13.66,51.52,1330.0,18.2,14.88,59.23,Medium
RRA-01530,2025-07-16,Mumbai,Bandra Ward,SV Road,19.062298,72.822065,57.15,85.08,1175.8,13.0,16.98,25.17,Critical
RRA-01531,2025-05-03,Mumbai,Bandra Ward,SV Road,19.057291,72.838546,31.07,66.49,189.6,13.0,17.85,25.17,Medium
RRA-01532,2025-03-20,Delhi,Dwarka Ward,NH48 Highway,28.590744,77.051376,8.27,45.06,1073.5,3.7,12.35,33.75,Low
RRA-01533,2025-10-07,Hyderabad,Uppal Ward,Uppal Road,17.398685,78.566509,18.29,66.44,2587.7,22.8,13.71,33.72,Critical
RRA-01534,2025-02-24,Mumbai,Chembur Ward,Eastern Express Highway,19.05231,72.891185,15.08,58.91,1250.5,22.7,3.6,49.17,Medium
RRA-01535,2025-04-14,Delhi,Azadpur Ward,GT Karnal Road,28.70442,77.174581,,60.86,1068.7,8.5,16.27,55.67,Medium
RRA-01536,2025-04-26,Bangalore,Marathahalli Ward,Outer Ring Road,12.963402,77.700038,23.23,56.76,1032.7,15.6,15.39,54.34,Medium
RRA-01537,2025-10-22,Chennai,Sholinganallur Ward,Old Mahabalipuram Road,12.900358,80.235595,31.62,64.01,1776.9,8.9,11.96,46.95,Medium
RRA-01538,2025-03-01,Bangalore,Electronic City Ward,Hosur Road,12.851926,77.656443,7.01,46.06,1483.8,3.2,7.38,45.63,Low
RRA-01539,2025-10-09,Mumbai,Chembur Ward,Eastern Express Highway,19.051427,72.890938,16.03,53.75,139.8,22.7,6.17,49.17,Medium
RRA-01540,2025-03-23,Mumbai,Ghatkopar Ward,LBS Marg,19.089251,72.91425,8.6,41.31,,8.0,7.23,64.75,Low
RRA-01541,2025-01-16,Mumbai,Andheri Ward,Western Express Highway,19.126002,72.841125,10.58,42.21,1107.7,18.2,10.59,59.23,Medium
RRA-01542,2025-01-11,Delhi,Dhaula Kuan Ward,Outer Ring Road,28.595006,77.165846,3.71,40.78,980.9,27.2,12.32,32.72,Medium
RRA-01543,2025-12-02,Bangalore,Marathahalli Ward,Outer Ring Road,12.946912,77.688695,3.38,46.94,1838.0,15.6,10.09,54.34,Medium
RRA-01544,2025-03-04,Mumbai,Andheri Ward,Western Express Highway,19.129101,72.845768,8.76,61.35,817.0,18.2,13.49,59.23,Medium
RRA-01545,2025-10-02,Bangalore,HAL Ward,Old Airport Road,12.958518,77.642277,9.56,53.35,739.2,5.6,7.74,58.83,Low
RRA-01546,2025-08-03,Mumbai,Thane Ward,Ghodbunder Road,19.234615,72.976575,49.47,80.96,,18.8,11.74,60.54,High
RRA-01547,2025-01-13,Mumbai,Vashi Ward,Sion Panvel Highway,19.078158,72.998845,13.84,53.52,1001.3,15.5,8.84,64.06,Low
RRA-01548,2025-12-22,Mumbai,Ghatkopar Ward,LBS Marg,19.08684,72.892955,12.81,51.47,1780.9,8.0,9.34,64.75,Low
RRA-01549,2025-06-13,Mumbai,Vashi Ward,Sion Panvel Highway,19.074228,72.991655,62.76,79.42,1378.4,15.5,10.67,64.06,High
RRA-01550,2025-08-26,Bangalore,Bannerghatta Ward,Bannerghatta Road,12.886587,77.594203,35.69,71.4,1092.6,27.2,4.36,33.99,High
RRA-01551,2025-03-09,Delhi,Dwarka Ward,NH48 Highway,28.589593,77.045859,7.02,47.74,635.1,3.7,,33.75,Low
RRA-01552,2025-10-04,Bangalore,HAL Ward,Old Airport Road,12.969989,77.646742,29.34,64.95,1499.0,5.6,17.65,58.83,Medium
RRA-01553,2025-08-02,Delhi,Dhaula Kuan Ward,Outer Ring Road,28.585519,77.164812,38.73,81.7,1728.2,27.2,20.8,32.72,Critical
RRA-01554,2025-09-25,Hyderabad,Hussain Sagar Ward,Tank Bund Road,17.421439,78.465988,22.87,54.24,1522.7,22.2,7.82,26.42,High
RRA-01555,2025-12-25,Hyderabad,Gachibowli Ward,Outer Ring Road,17.44682,78.381946,11.46,49.33,1526.6,11.2,6.44,21.41,Medium
RRA-01556,2025-10-24,Hyderabad,Hussain Sagar Ward,Tank Bund Road,17.423156,78.47218,15.83,,1227.5,22.2,16.69,26.42,High
RRA-01557,2025-11-08,Delhi,Laxmi Nagar Ward,Vikas Marg,28.632534,77.280984,9.51,56.34,677.7,9.6,,24.48,Low
RRA-01558,2025-01-01,Bangalore,Electronic City Ward,Hosur Road,12.857798,77.658718,12.01,49.49,1315.4,3.2,7.16,45.63,Low
RRA-01559,2025-08-07,Chennai,Koyambedu Ward,Poonamallee High Road,13.062761,80.206244,7.94,48.47,1593.2,2.5,11.72,52.88,Low
RRA-01560,2025-01-13,Hyderabad,Hussain Sagar Ward,Tank Bund Road,17.420116,78.480353,4.95,44.01,2104.4,22.2,6.47,26.42,Medium
RRA-01561,2025-02-25,Delhi,Azadpur Ward,GT Karnal Road,28.701577,77.173332,9.4,49.85,667.4,8.5,7.61,55.67,Low
RRA-01562,2025-10-25,Mumbai,Vashi Ward,Sion Panvel Highway,19.07306,73.006089,12.99,45.43,2140.1,15.5,28.52,64.06,High
RRA-01563,2025-08-06,Hyderabad,Uppal Ward,Uppal Road,17.404432,78.558017,38.43,80.51,2237.0,22.8,18.77,33.72,Critical
RRA-01564,2025-09-14,Chennai,Teynampet Ward,Anna Salai,13.041062,80.245342,23.65,64.25,1780.9,26.0,12.37,24.53,Critical
RRA-01565,2025-10-16,Mumbai,Malad Ward,Link Road,19.184472,72.852733,9.6,50.33,1008.6,27.8,24.71,34.41,High
RRA-01566,2025-12-18,Mumbai,Thane Ward,Ghodbunder Road,19.244344,72.968992,6.8,47.5,533.7,18.8,13.34,60.54,Low
RRA-01567,2025-11-24,Bangalore,Kengeri Ward,Mysore Road,12.904071,77.486996,6.08,54.71,1650.7,10.9,22.37,33.33,Medium
RRA-01568,2025-06-28,Mumbai,Vashi Ward,Sion Panvel Highway,19.076008,72.996015,84.39,98.81,1870.9,15.5,8.74,64.06,Critical
RRA-01569,2025-02-11,Bangalore,Bannerghatta Ward,Bannerghatta Road,12.904608,77.601409,6.33,59.37,995.5,27.2,21.54,33.99,High
RRA-01570,2025-07-19,Hyderabad,Hussain Sagar Ward,Tank Bund Road,17.434061,78.464638,38.67,59.13,592.2,22.2,6.23,26.42,High
RRA-01571,2025-07-15,Delhi,Nangloi Ward,Rohtak Road,28.680593,77.060367,42.52,,1326.4,7.7,3.38,55.52,Medium
RRA-01572,2025-09-07,Delhi,Azadpur Ward,GT Karnal Road,28.709391,77.167858,21.91,60.86,2056.4,8.5,16.99,55.67,Medium
RRA-01573,2025-09-09,Hyderabad,Uppal Ward,Uppal Road,17.397737,78.56121,24.68,55.43,894.8,22.8,13.44,33.72,High
RRA-01574,2025-07-02,Bangalore,Whitefield Ward,Whitefield Main Road,12.963517,77.755484,38.43,49.36,857.2,9.0,21.68,34.76,Medium
RRA-01575,2025-02-21,Delhi,Dhaula Kuan Ward,Outer Ring Road,28.585943,77.167408,7.83,50.01,1062.7,27.2,7.62,32.72,Medium
RRA-01576,2025-10-23,Delhi,Laxmi Nagar Ward,Vikas Marg,28.631875,77.288251,7.05,55.05,1976.4,9.6,15.15,24.48,Medium
RRA-01577,2025-10-02,Delhi,Dhaula Kuan Ward,Outer Ring Road,28.592713,77.166826,27.93,70.51,1473.1,27.2,15.72,32.72,Critical
RRA-01578,2025-08-21,Mumbai,Bandra Ward,SV Road,19.067677,72.833801,30.65,55.52,1665.8,13.0,7.49,25.17,Medium
RRA-01579,2025-06-14,Hyderabad,Hussain Sagar Ward,Tank Bund Road,17.425004,78.463048,,59.67,825.8,22.2,23.06,26.42,High
RRA-01580,2025-11-21,Hyderabad,Gachibowli Ward,Outer Ring Road,17.455458,78.379561,4.57,50.31,1898.3,11.2,8.61,21.41,Medium
RRA-01581,2025-10-09,Chennai,Tambaram Ward,GST Road,12.926398,80.095445,33.74,58.59,1240.6,27.5,12.89,8.73,Critical
RRA-01582,2025-10-13,Mumbai,Malad Ward,Link Road,19.185453,72.848988,9.46,47.21,683.4,27.8,45.0,34.41,Critical
RRA-01583,2025-10-10,Bangalore,Bellandur Ward,Sarjapur Road,12.910238,77.681012,18.89,63.76,965.3,21.0,6.75,33.19,Medium
RRA-01584,2025-09-03,Hyderabad,Uppal Ward,Uppal Road,17.399626,78.560551,38.25,75.06,714.8,22.8,13.23,33.72,High
RRA-01585,2025-09-20,Pune,Vadgaon Sheri Ward,Nagar Road,18.553858,73.91783,18.46,39.6,933.9,27.7,10.76,20.82,High
RRA-01586,2025-06-10,Chennai,Neelankarai Ward,East Coast Road,12.953283,80.255334,13.59,42.77,653.5,26.6,,44.7,Medium
RRA-01587,2025-09-12,Hyderabad,Banjara Hills Ward,Banjara Hills Road No 12,17.414512,78.444449,24.81,72.84,1176.1,24.5,11.9,34.45,High
RRA-01588,2025-12-18,Delhi,Azadpur Ward,GT Karnal Road,28.704279,77.18396,12.64,47.84,1300.7,8.5,9.6,55.67,Low
RRA-01589,2025-09-05,Delhi,Laxmi Nagar Ward,Vikas Marg,28.637071,77.277996,21.37,49.27,517.1,9.6,28.35,24.48,Medium
RRA-01590,2025-01-29,Mumbai,Thane Ward,Ghodbunder Road,19.240509,72.984811,11.77,47.27,985.4,18.8,3.56,60.54,Low
RRA-01591,2025-07-06,Mumbai,Thane Ward,Ghodbunder Road,19.241259,72.973962,61.8,95.47,723.7,18.8,9.57,60.54,High
RRA-01592,2025-07-18,Delhi,Dhaula Kuan Ward,Outer Ring Road,28.579716,77.162829,,62.49,2087.1,27.2,22.09,32.72,Critical
RRA-01593,2025-09-21,Delhi,Dhaula Kuan Ward,Outer Ring Road,28.590008,77.168426,13.54,,1258.9,27.2,13.85,32.72,High
RRA-01594,2025-11-08,Bangalore,Peenya Ward,Tumkur Road,13.033337,77.503167,4.05,53.24,884.0,7.4,7.1,84.46,Low
RRA-01595,2025-12-13,Delhi,Nizamuddin Ward,Mathura Road,28.578389,77.249078,5.17,65.63,1946.3,15.6,13.94,61.4,Medium
RRA-01596,2025-11-15,Pune,Vadgaon Sheri Ward,Nagar Road,18.553933,73.915848,4.51,52.5,1792.1,27.7,12.24,20.82,High
RRA-01597,2025-06-15,Chennai,Tambaram Ward,GST Road,12.923916,80.091143,14.8,49.42,1174.7,27.5,14.66,8.73,High
RRA-01598,2025-04-16,Delhi,Laxmi Nagar Ward,Vikas Marg,28.62791,77.271504,13.74,58.48,927.2,9.6,,24.48,Low
RRA-01599,2025-10-11,Mumbai,Bandra Ward,SV Road,19.06467,72.82739,9.64,54.2,765.5,13.0,6.18,25.17,Low
RRA-01600,2025-09-12,Bangalore,HAL Ward,Old Airport Road,12.960695,77.653434,18.98,52.35,1965.8,5.6,15.08,58.83,Medium
RRA-01601,2025-06-19,Hyderabad,Gachibowli Ward,Outer Ring Road,17.450176,78.366836,,58.27,1826.4,11.2,9.1,21.41,Medium
RRA-01602,2025-12-26,Delhi,Nizamuddin Ward,Mathura Road,28.588449,77.248798,2.94,43.29,1279.2,15.6,11.84,61.4,Low
RRA-01603,2025-02-06,Mumbai,Ghatkopar Ward,LBS Marg,19.085992,72.906941,,48.42,886.0,8.0,15.78,64.75,Low
RRA-01604,2025-08-24,Chennai,Tambaram Ward,GST Road,12.924093,80.099396,19.47,54.68,1559.4,27.5,14.09,8.73,High
RRA-01605,2025-08-29,Bangalore,Peenya Ward,Tumkur Road,13.035658,77.525785,22.89,61.75,1153.2,7.4,13.23,84.46,Low
RRA-01606,2025-11-17,Bangalore,Bellandur Ward,Sarjapur Road,12.905769,77.686458,3.45,45.82,1088.4,21.0,6.12,33.19,Medium
RRA-01607,2025-02-19,Delhi,Dwarka Ward,NH48 Highway,28.602405,77.049836,13.24,44.75,1771.1,3.7,10.21,33.75,Low
RRA-01608,2025-03-14,Mumbai,Andheri Ward,Western Express Highway,19.124781,72.85715,9.6,51.54,489.2,18.2,14.51,59.23,Low
RRA-01609,2025-08-19,Hyderabad,Gachibowli Ward,Outer Ring Road,17.445499,78.37872,34.28,59.71,1287.4,11.2,18.44,21.41,High
RRA-01610,2025-08-11,Hyderabad,Gachibowli Ward,Outer Ring Road,17.454258,78.375319,34.94,58.01,2442.9,11.2,4.18,21.41,High
RRA-01611,2025-06-29,Delhi,Laxmi Nagar Ward,Vikas Marg,28.630387,77.272975,33.31,59.35,1971.0,9.6,23.28,24.48,High
RRA-01612,2025-07-23,Mumbai,Malad Ward,Link Road,19.187378,72.853612,65.28,98.73,1282.1,27.8,18.8,34.41,Critical
RRA-01613,2025-03-05,Pune,Katraj Ward,Katraj Dehu Road Bypass,18.451253,73.85631,7.68,48.24,1574.9,27.9,7.48,10.35,High
RRA-01614,2025-08-24,Bangalore,Electronic City Ward,Hosur Road,12.847886,77.663374,28.14,68.92,1603.3,3.2,11.09,45.63,Medium
RRA-01615,2025-03-26,Bangalore,Whitefield Ward,Whitefield Main Road,12.975237,77.751541,13.72,50.84,625.0,9.0,9.8,34.76,Low
RRA-01616,2025-09-25,Delhi,Nangloi Ward,Rohtak Road,28.684574,77.049267,17.54,59.15,4377.319581063614,7.7,5.73,55.52,Low
RRA-01617,2025-12-29,Bangalore,Electronic City Ward,Hosur Road,12.844394,77.663333,11.16,53.29,1079.5,3.2,2.24,45.63,Low
RRA-01618,2025-12-14,Hyderabad,Uppal Ward,Uppal Road,17.400636,78.556522,3.4,51.17,1348.1,22.8,7.1,33.72,Medium
RRA-01619,2025-07-07,Bangalore,Whitefield Ward,Whitefield Main Road,12.964595,77.750082,36.91,65.4,1320.3,9.0,14.4,34.76,Medium
RRA-01620,2025-10-27,Bangalore,Marathahalli Ward,Outer Ring Road,12.951656,77.70108,5.78,46.36,2327.9,15.6,18.01,54.34,Medium
RRA-01621,2025-10-14,Delhi,Nizamuddin Ward,Mathura Road,28.585109,77.266261,9.02,49.14,1301.1,15.6,3.69,61.4,Low
RRA-01622,2025-12-11,Delhi,Laxmi Nagar Ward,Vikas Marg,28.636012,77.275753,7.88,54.69,862.3,9.6,25.34,24.48,Medium
RRA-01623,2025-08-19,Delhi,Nangloi Ward,Rohtak Road,28.671572,77.057743,31.94,64.4,981.7,7.7,16.9,55.52,Medium
RRA-01624,2025-01-01,Delhi,Laxmi Nagar Ward,Vikas Marg,28.618081,77.281906,3.72,46.52,125.8,9.6,17.1,24.48,Low
RRA-01625,2025-09-19,Delhi,Laxmi Nagar Ward,Vikas Marg,28.633697,77.275279,12.97,54.32,1505.1,9.6,7.78,24.48,Medium
RRA-01626,2025-06-04,Hyderabad,Gachibowli Ward,Outer Ring Road,17.446773,78.376775,24.12,62.31,338.6,11.2,18.67,21.41,Medium
RRA-01627,2025-03-20,Delhi,Azadpur Ward,GT Karnal Road,28.708849,77.18322,14.95,,1915.6,8.5,5.2,55.67,Low
RRA-01628,2025-03-02,Delhi,Dwarka Ward,NH48 Highway,28.591377,77.057358,4.17,49.79,1850.0,3.7,14.38,33.75,Low
RRA-01629,2025-07-06,Pune,Bibwewadi Ward,Pune Satara Road,18.464838,73.870363,39.49,74.39,1894.3,27.2,18.38,53.6,Critical
RRA-01630,2025-06-19,Delhi,Dwarka Ward,NH48 Highway,28.597675,77.045885,32.58,69.79,1804.5,3.7,3.22,33.75,Medium
RRA-01631,2025-09-16,Mumbai,Andheri Ward,Western Express Highway,19.131595,72.836531,27.18,60.1,1177.4,18.2,19.24,59.23,High
RRA-01632,2025-09-28,Bangalore,Marathahalli Ward,Outer Ring Road,12.962219,77.701677,19.46,63.45,1626.9,15.6,9.11,54.34,Medium
RRA-01633,2025-10-26,Pune,Bibwewadi Ward,Pune Satara Road,18.459831,73.857362,9.35,45.35,1409.5,27.2,26.1,53.6,High
RRA-01634,2025-06-19,Bangalore,Electronic City Ward,Hosur Road,12.842121,77.651048,25.88,60.78,1018.6,3.2,16.88,45.63,Low
RRA-01635,2025-05-16,Bangalore,Bellandur Ward,Sarjapur Road,12.90703,77.680395,,47.22,1976.3,21.0,19.07,33.19,High
RRA-01636,2025-07-21,Delhi,Dhaula Kuan Ward,Outer Ring Road,28.59219,77.167053,41.26,68.11,1661.0,27.2,,32.72,Critical
RRA-01637,2025-01-25,Pune,Vadgaon Sheri Ward,Nagar Road,18.571164,73.912463,4.62,45.97,2101.0,27.7,7.72,20.82,High
RRA-01638,2025-07-03,Delhi,Dwarka Ward,NH48 Highway,28.596659,77.049579,37.4,65.5,1926.2,3.7,5.98,33.75,Medium
RRA-01639,2025-04-28,Bangalore,Kengeri Ward,Mysore Road,12.898622,77.481952,9.64,48.75,1417.9,10.9,11.48,33.33,Low
RRA-01640,2025-05-26,Chennai,Sholinganallur Ward,Old Mahabalipuram Road,12.90757,80.221608,4.68,53.18,2569.2,8.9,19.77,46.95,Medium
RRA-01641,2025-08-29,Bangalore,Peenya Ward,Tumkur Road,13.03118,77.520941,28.99,63.32,2014.2,7.4,13.21,84.46,Medium
RRA-01642,2025-07-15,Mumbai,Thane Ward,Ghodbunder Road,19.240051,72.971274,70.57,94.91,2302.2,18.8,7.07,60.54,Critical
RRA-01643,2025-11-05,Pune,Vadgaon Sheri Ward,Nagar Road,18.54994,73.919636,7.16,44.68,1749.2,27.7,5.92,20.82,High
RRA-01644,2025-07-04,Mumbai,Vashi Ward,Sion Panvel Highway,19.072661,72.998126,61.64,76.73,733.2,15.5,10.17,64.06,High
RRA-01645,2025-12-22,Hyderabad,Gachibowli Ward,Outer Ring Road,17.43941,78.373161,17.12,51.81,1291.0,11.2,15.42,21.41,Medium
RRA-01646,2025-01-24,Mumbai,Malad Ward,Link Road,19.194437,72.850493,8.36,58.62,1220.9,27.8,15.28,34.41,High
RRA-01647,2025-03-22,Bangalore,Kengeri Ward,Mysore Road,12.901905,77.488137,9.96,53.13,1445.6,10.9,23.36,33.33,Medium
RRA-01648,2025-12-14,Bangalore,Bannerghatta Ward,Bannerghatta Road,12.897415,77.595963,4.56,43.78,1012.3,27.2,4.0,33.99,Medium
RRA-01649,2025-06-23,Bangalore,Marathahalli Ward,Outer Ring Road,12.958815,77.693332,29.93,49.55,917.6,15.6,5.98,54.34,Medium
RRA-01650,2025-05-01,Bangalore,Bannerghatta Ward,Bannerghatta Road,12.898351,77.601673,15.57,58.15,1882.9,27.2,2.33,33.99,High
RRA-01651,2025-01-09,Mumbai,Malad Ward,Link Road,19.196574,72.847947,8.49,50.56,1133.5,27.8,35.27,34.41,Critical
RRA-01652,2025-04-24,Bangalore,Peenya Ward,Tumkur Road,13.02584,77.518403,6.33,52.26,724.0,7.4,15.43,84.46,Low
RRA-01653,2025-05-03,Bangalore,Bannerghatta Ward,Bannerghatta Road,12.897179,77.601064,16.32,59.69,702.5,27.2,26.03,33.99,High
RRA-01654,2025-06-21,Bangalore,Peenya Ward,Tumkur Road,13.028635,77.516431,30.33,73.03,1196.0,7.4,17.42,84.46,Medium
RRA-01655,2025-08-08,Hyderabad,Banjara Hills Ward,Banjara Hills Road No 12,17.420231,78.441138,39.02,66.65,1889.3,24.5,18.15,34.45,Critical
RRA-01656,2025-09-05,Chennai,Koyambedu Ward,Poonamallee High Road,13.06914,80.193201,16.17,65.52,2737.7,2.5,,52.88,Medium
RRA-01657,2025-02-25,Bangalore,Kengeri Ward,Mysore Road,12.915955,77.479971,3.62,37.45,1206.8,10.9,,33.33,Low
RRA-01658,2025-10-25,Hyderabad,Gachibowli Ward,Outer Ring Road,17.451057,78.386615,8.16,64.96,,11.2,11.57,21.41,Medium
RRA-01659,2025-02-24,Delhi,Nangloi Ward,Rohtak Road,28.686699,77.054273,18.08,60.38,1970.6,7.7,19.3,55.52,Medium
RRA-01660,2025-10-13,Pune,Bibwewadi Ward,Pune Satara Road,18.475823,73.86793,9.24,53.61,2024.8,27.2,11.79,53.6,High
RRA-01661,2025-05-13,Mumbai,Thane Ward,Ghodbunder Road,19.22969,72.981607,48.97,62.26,696.1,18.8,17.43,60.54,High
RRA-01662,2025-07-31,Mumbai,Thane Ward,Ghodbunder Road,19.241154,72.980027,45.43,73.73,1144.1,18.8,8.73,60.54,High
RRA-01663,2025-12-02,Bangalore,Peenya Ward,Tumkur Road,13.026,77.519619,8.01,49.54,1398.3,7.4,23.98,84.46,Low
RRA-01664,2025-03-21,Pune,Vadgaon Sheri Ward,Nagar Road,18.556038,73.91693,12.1,53.84,1135.6,27.7,6.59,20.82,High
RRA-01665,2025-01-23,Mumbai,Bandra Ward,SV Road,19.063951,72.831323,11.58,62.43,1221.9,13.0,20.28,25.17,Medium
RRA-01666,2025-10-08,Mumbai,Chembur Ward,Eastern Express Highway,19.053929,72.891829,11.44,57.76,1708.8,22.7,20.93,49.17,High
RRA-01667,2025-09-03,Mumbai,Thane Ward,Ghodbunder Road,19.246296,72.977355,36.87,67.0,614.7,18.8,6.02,60.54,Medium
RRA-01668,2025-11-10,Chennai,Koyambedu Ward,Poonamallee High Road,13.076947,80.198767,33.25,76.43,,2.5,31.82,52.88,High
RRA-01669,2025-05-20,Hyderabad,Uppal Ward,Uppal Road,17.402681,78.555845,13.61,62.51,1156.8,22.8,4.42,33.72,Medium
RRA-01670,2025-09-06,Pune,Bibwewadi Ward,Pune Satara Road,18.4627,73.854046,22.06,57.47,2177.9,27.2,12.7,53.6,High
RRA-01671,2025-05-25,Mumbai,Malad Ward,Link Road,19.192216,72.85373,52.26,,1364.3,27.8,13.05,34.41,Critical
RRA-01672,2025-05-29,Mumbai,Andheri Ward,Western Express Highway,19.116923,72.852137,47.33,79.37,2231.5,18.2,10.02,59.23,High
RRA-01673,2025-03-16,Delhi,Laxmi Nagar Ward,Vikas Marg,28.634693,77.275263,5.28,43.86,1143.0,9.6,6.9,24.48,Low
RRA-01674,2025-05-19,Chennai,Sholinganallur Ward,Old Mahabalipuram Road,12.896355,80.23068,4.75,56.83,1301.4,8.9,11.57,46.95,Low
RRA-01675,2025-05-01,Hyderabad,Gachibowli Ward,Outer Ring Road,17.443934,78.380394,8.02,51.59,2516.9,11.2,16.53,21.41,Medium
RRA-01676,2025-02-06,Hyderabad,Hussain Sagar Ward,Tank Bund Road,17.430098,78.476151,2.94,41.9,3352.2,22.2,11.44,26.42,High
RRA-01677,2025-12-10,Bangalore,Marathahalli Ward,Outer Ring Road,12.960996,77.707006,4.52,36.11,956.7,15.6,6.32,54.34,Low
RRA-01678,2025-12-04,Delhi,Azadpur Ward,GT Karnal Road,28.696842,77.173685,5.23,41.57,2021.4,8.5,9.06,55.67,Low
RRA-01679,2025-09-09,Delhi,Dhaula Kuan Ward,Outer Ring Road,28.584608,77.168602,29.98,65.61,3080.1,27.2,9.67,32.72,Critical
RRA-01680,2025-06-19,Delhi,Dhaula Kuan Ward,Outer Ring Road,28.599664,77.170078,36.57,64.02,503.6,27.2,11.27,32.72,High
RRA-01681,2025-08-23,Bangalore,Marathahalli Ward,Outer Ring Road,12.953546,77.700458,32.99,62.11,910.7,15.6,7.41,54.34,Medium
RRA-01682,2025-01-06,Bangalore,Marathahalli Ward,Outer Ring Road,12.961875,77.699481,4.27,56.62,2107.5,15.6,9.73,54.34,Medium
RRA-01683,2025-02-04,Bangalore,Kengeri Ward,Mysore Road,12.910229,77.491746,8.75,48.18,222.2,10.9,5.91,33.33,Low
RRA-01684,2025-05-14,Bangalore,Bannerghatta Ward,Bannerghatta Road,12.899497,77.592431,15.05,56.7,2069.9,27.2,8.86,33.99,High
RRA-01685,2025-11-05,Pune,Vadgaon Sheri Ward,Nagar Road,18.54748,73.910447,13.05,55.39,830.0,27.7,16.6,20.82,High
RRA-01686,2025-10-10,Bangalore,Kengeri Ward,Mysore Road,12.909022,77.473707,16.11,54.0,,10.9,8.66,33.33,Medium
RRA-01687,2025-02-19,Delhi,Nizamuddin Ward,Mathura Road,28.586967,77.259854,11.99,51.65,,15.6,15.0,61.4,Medium
RRA-01688,2025-03-04,Chennai,Tambaram Ward,GST Road,12.921928,80.100847,4.56,53.56,1496.5,27.5,5.45,8.73,High
RRA-01689,2025-08-01,Hyderabad,Uppal Ward,Uppal Road,17.399189,78.554481,37.53,,987.6,22.8,7.64,33.72,High
RRA-01690,2025-07-01,Pune,Vadgaon Sheri Ward,Nagar Road,18.555096,73.909971,37.59,61.76,1717.9,27.7,18.55,20.82,Critical
RRA-01691,2025-03-11,Chennai,Neelankarai Ward,East Coast Road,12.954674,80.25024,5.51,52.75,619.3,26.6,7.3,44.7,Medium
RRA-01692,2025-06-10,Mumbai,Ghatkopar Ward,LBS Marg,19.080752,72.903074,73.53,69.62,2561.6,8.0,13.1,64.75,Critical
RRA-01693,2025-07-10,Delhi,Dhaula Kuan Ward,Outer Ring Road,28.583497,77.164598,42.55,75.56,1792.9,27.2,4.34,32.72,Critical
RRA-01694,2025-02-06,Bangalore,Marathahalli Ward,Outer Ring Road,12.96338,77.692412,8.9,49.55,336.7,15.6,16.82,54.34,Low
RRA-01695,2025-06-14,Mumbai,Ghatkopar Ward,LBS Marg,19.094545,72.906414,61.38,80.7,1200.7,8.0,5.08,64.75,Medium
RRA-01696,2025-01-25,Chennai,Sholinganallur Ward,Old Mahabalipuram Road,12.914112,80.23261,13.57,51.0,2398.4,8.9,4.02,46.95,Medium
RRA-01697,2025-02-22,Pune,Katraj Ward,Katraj Dehu Road Bypass,18.458876,73.848152,8.13,50.25,1423.1,27.9,12.31,10.35,High
RRA-01698,2025-05-21,Bangalore,Peenya Ward,Tumkur Road,13.031598,77.521779,,52.32,2941.9,7.4,20.41,84.46,Medium
RRA-01699,2025-04-20,Bangalore,Marathahalli Ward,Outer Ring Road,12.95552,77.704519,18.88,59.36,1660.9,15.6,13.46,54.34,Medium
RRA-01700,2025-01-31,Mumbai,Bandra Ward,SV Road,19.057113,72.83442,7.92,50.42,1300.9,13.0,25.52,25.17,Medium
RRA-01701,2025-02-18,Mumbai,Malad Ward,Link Road,19.182658,72.857311,10.15,51.85,1798.4,27.8,14.95,34.41,High
RRA-01702,2025-06-03,Mumbai,Andheri Ward,Western Express Highway,19.129237,72.836792,61.69,85.77,11318.39443343162,18.2,6.5,59.23,Critical
RRA-01703,2025-08-15,Pune,Vadgaon Sheri Ward,Nagar Road,18.554882,73.912705,38.38,72.8,726.6,27.7,7.16,20.82,High
RRA-01704,2025-09-27,Chennai,Teynampet Ward,Anna Salai,13.044868,80.233878,27.01,61.39,444.4,26.0,14.85,24.53,High
RRA-01705,2025-11-02,Chennai,Tambaram Ward,GST Road,12.925788,80.100661,49.17,73.66,449.8,27.5,11.02,8.73,Critical
RRA-01706,2025-11-06,Mumbai,Andheri Ward,Western Express Highway,19.112772,72.855362,16.99,67.52,2248.5,18.2,9.79,59.23,High
RRA-01707,2025-09-01,Delhi,Nangloi Ward,Rohtak Road,28.673528,77.04676,25.82,51.6,1784.0,7.7,,55.52,Medium
RRA-01708,2025-01-12,Chennai,Teynampet Ward,Anna Salai,13.032744,80.243539,3.54,39.82,684.4,26.0,18.62,24.53,Medium
RRA-01709,2025-03-05,Delhi,Dhaula Kuan Ward,Outer Ring Road,28.590651,77.171528,9.67,52.32,485.9,27.2,11.91,32.72,Medium
RRA-01710,2025-11-14,Mumbai,Thane Ward,Ghodbunder Road,19.248705,72.980836,23.01,53.69,2163.9,18.8,21.64,60.54,High
RRA-01711,2025-05-05,Bangalore,Bellandur Ward,Sarjapur Road,12.907108,77.68649,11.89,48.08,1178.3,21.0,28.66,33.19,High
RRA-01712,2025-10-21,Mumbai,Thane Ward,Ghodbunder Road,19.242306,72.979373,12.73,58.38,843.9,18.8,19.74,60.54,Medium
RRA-01713,2025-10-22,Chennai,Koyambedu Ward,Poonamallee High Road,13.068289,80.19312,43.44,67.51,1864.8,2.5,5.72,52.88,Medium
RRA-01714,2025-11-06,Bangalore,Peenya Ward,Tumkur Road,13.029409,77.536538,20.33,58.39,596.7,7.4,20.65,84.46,Low
RRA-01715,2025-05-21,Delhi,Dhaula Kuan Ward,Outer Ring Road,28.589701,77.158788,28.92,60.46,1016.5,27.2,9.98,32.72,High
RRA-01716,2025-04-30,Mumbai,Thane Ward,Ghodbunder Road,19.237143,72.989916,26.49,54.94,1099.5,18.8,14.32,60.54,Medium
RRA-01717,2025-02-13,Pune,Baner Ward,Baner Road,18.559377,73.78172,5.71,54.37,1596.9,6.4,5.31,70.82,Low
RRA-01718,2025-08-17,Mumbai,Chembur Ward,Eastern Express Highway,19.051359,72.903296,37.01,59.29,1067.3,22.7,15.88,49.17,High
RRA-01719,2025-10-27,Pune,Vadgaon Sheri Ward,Nagar Road,18.55004,73.916128,5.05,41.46,484.9,27.7,18.36,20.82,High
RRA-01720,2025-08-01,Hyderabad,Banjara Hills Ward,Banjara Hills Road No 12,17.407749,78.430593,49.11,78.37,1515.4,24.5,17.28,34.45,Critical
RRA-01721,2025-12-27,Mumbai,Malad Ward,Link Road,19.182538,72.835027,8.93,63.42,317.0,27.8,7.76,34.41,Medium
RRA-01722,2025-01-05,Mumbai,Andheri Ward,Western Express Highway,19.109263,72.849916,8.03,43.99,866.3,18.2,22.9,59.23,Medium
RRA-01723,2025-12-23,Chennai,Neelankarai Ward,East Coast Road,12.960373,80.263674,17.75,52.95,1750.6,26.6,7.59,44.7,High
RRA-01724,2025-03-30,Delhi,Dhaula Kuan Ward,Outer Ring Road,28.595459,77.155012,5.98,46.77,1157.4,27.2,14.31,32.72,Medium
RRA-01725,2025-03-02,Hyderabad,Hussain Sagar Ward,Tank Bund Road,17.43131,78.461839,4.69,50.1,1306.2,22.2,6.81,26.42,Medium
RRA-01726,2025-11-11,Mumbai,Thane Ward,Ghodbunder Road,19.23745,72.978323,17.23,60.49,637.5,18.8,17.8,60.54,Medium
RRA-01727,2025-09-13,Chennai,Tambaram Ward,GST Road,12.925604,80.096534,19.71,65.55,1520.4,27.5,6.42,8.73,High
RRA-01728,2025-10-08,Bangalore,Bannerghatta Ward,Bannerghatta Road,12.903882,77.600021,8.13,41.47,1407.9,27.2,14.48,33.99,High
RRA-01729,2025-01-28,Delhi,Laxmi Nagar Ward,Vikas Marg,28.637036,77.275802,6.49,55.53,1329.8,9.6,18.07,24.48,Medium
RRA-01730,2025-07-27,Hyderabad,Banjara Hills Ward,Banjara Hills Road No 12,17.403755,78.438734,39.24,73.98,1472.5,24.5,9.65,34.45,Critical
RRA-01731,2025-09-12,Mumbai,Bandra Ward,SV Road,19.047271,72.824159,21.77,59.39,100.0,13.0,9.2,25.17,Low
RRA-01732,2025-01-07,Hyderabad,Hussain Sagar Ward,Tank Bund Road,17.416854,78.461568,6.56,61.07,842.7,22.2,8.96,26.42,Medium
RRA-01733,2025-06-25,Hyderabad,Gachibowli Ward,Outer Ring Road,17.444922,78.383768,26.46,61.95,874.3,11.2,7.56,21.41,Medium
RRA-01734,2025-11-05,Mumbai,Malad Ward,Link Road,19.191782,72.840432,14.24,49.69,1206.5,27.8,13.5,34.41,High
RRA-01735,2025-04-22,Mumbai,Malad Ward,Link Road,19.184781,72.850529,25.0,63.42,1028.2,27.8,18.94,34.41,Critical
RRA-01736,2025-07-22,Bangalore,Peenya Ward,Tumkur Road,13.030577,77.524456,,65.33,537.9,7.4,16.98,84.46,Low
RRA-01737,2025-02-02,Delhi,Dwarka Ward,NH48 Highway,28.585555,77.051575,4.48,52.58,1539.1,3.7,14.47,33.75,Low
RRA-01738,2025-09-10,Hyderabad,Uppal Ward,Uppal Road,17.398128,78.556801,21.85,56.82,1867.8,22.8,17.61,33.72,High
RRA-01739,2025-09-01,Chennai,Neelankarai Ward,East Coast Road,12.961411,80.271364,34.8,64.16,1295.7,26.6,11.37,44.7,High
RRA-01740,2025-03-15,Mumbai,Chembur Ward,Eastern Express Highway,19.05027,72.897685,11.69,55.05,1303.2,22.7,2.81,49.17,Medium
RRA-01741,2025-12-11,Mumbai,Andheri Ward,Western Express Highway,19.11472,72.840875,14.38,41.75,2514.7,18.2,17.85,59.23,High
RRA-01742,2025-01-06,Mumbai,Bandra Ward,SV Road,19.062695,72.830774,7.92,55.03,724.4,13.0,3.58,25.17,Low
RRA-01743,2025-11-14,Delhi,Dhaula Kuan Ward,Outer Ring Road,28.585638,77.160277,18.54,51.11,1818.1,27.2,11.54,32.72,High
RRA-01744,2025-07-16,Hyderabad,Hussain Sagar Ward,Tank Bund Road,17.431631,78.470478,40.91,71.38,2473.4,22.2,12.94,26.42,Critical
RRA-01745,2025-09-13,Mumbai,Andheri Ward,Western Express Highway,19.110695,72.858256,18.02,55.64,1476.6,18.2,19.94,59.23,Medium
RRA-01746,2025-12-28,Hyderabad,Hussain Sagar Ward,Tank Bund Road,17.42417,78.46815,31.92,68.71,988.3,22.2,16.82,26.42,Critical
RRA-01747,2025-04-06,Chennai,Teynampet Ward,Anna Salai,13.04484,80.243306,3.07,53.64,1579.4,26.0,18.39,24.53,High
RRA-01748,2025-08-19,Bangalore,Bannerghatta Ward,Bannerghatta Road,12.892814,77.60372,30.18,58.32,1044.0,27.2,17.13,33.99,Critical
RRA-01749,2025-02-24,Hyderabad,Hussain Sagar Ward,Tank Bund Road,17.425053,78.47456,3.04,45.64,290.4,22.2,9.91,26.42,Medium
RRA-01750,2025-10-30,Bangalore,Marathahalli Ward,Outer Ring Road,12.962226,77.696065,14.38,,1473.9,15.6,15.67,54.34,Medium
RRA-01751,2025-12-29,Bangalore,Peenya Ward,Tumkur Road,13.034524,77.525787,,57.39,2151.5,7.4,7.77,84.46,Low
RRA-01752,2025-03-20,Mumbai,Vashi Ward,Sion Panvel Highway,19.067903,72.992653,9.71,42.12,2561.2,15.5,9.95,64.06,Medium
RRA-01753,2025-01-09,Bangalore,Bannerghatta Ward,Bannerghatta Road,12.894262,77.598535,6.24,53.57,815.6,27.2,11.28,33.99,Medium
RRA-01754,2025-05-29,Mumbai,Andheri Ward,Western Express Highway,19.130885,72.84769,53.15,76.43,1273.4,18.2,7.96,59.23,High
RRA-01755,2025-03-09,Bangalore,HAL Ward,Old Airport Road,12.961132,77.656929,8.43,49.13,1626.0,5.6,17.57,58.83,Low
RRA-01756,2025-07-31,Delhi,Dhaula Kuan Ward,Outer Ring Road,28.586618,77.174303,43.84,72.29,2202.1,27.2,8.04,32.72,Critical
RRA-01757,2025-06-22,Pune,Bibwewadi Ward,Pune Satara Road,18.464588,73.859536,,63.01,405.7,27.2,12.48,53.6,High
RRA-01758,2025-05-09,Pune,Bibwewadi Ward,Pune Satara Road,18.467542,73.854953,26.48,55.1,1669.3,27.2,9.96,53.6,High
RRA-01759,2025-10-02,Chennai,Neelankarai Ward,East Coast Road,12.945803,80.256381,30.19,71.73,719.1,26.6,12.1,44.7,High
RRA-01760,2025-05-28,Pune,Bibwewadi Ward,Pune Satara Road,18.470083,73.865619,36.11,71.55,953.1,27.2,5.86,53.6,High
RRA-01761,2025-04-23,Mumbai,Thane Ward,Ghodbunder Road,19.228039,72.980604,23.21,43.52,1580.8051174930813,18.8,14.48,60.54,Medium
RRA-01762,2025-10-17,Delhi,Nizamuddin Ward,Mathura Road,28.591943,77.249951,11.7,50.58,2345.8,15.6,18.84,61.4,High
RRA-01763,2025-12-02,Pune,Vadgaon Sheri Ward,Nagar Road,18.561655,73.912412,6.37,59.44,2168.1,27.7,,20.82,Critical
RRA-01764,2025-10-04,Hyderabad,Hussain Sagar Ward,Tank Bund Road,17.416968,78.471541,15.71,55.58,1060.9,22.2,17.45,26.42,High
RRA-01765,2025-09-23,Mumbai,Ghatkopar Ward,LBS Marg,19.083444,72.906463,15.11,48.17,2045.7,8.0,20.49,64.75,Medium
RRA-01766,2025-10-05,Hyderabad,Banjara Hills Ward,Banjara Hills Road No 12,17.418282,78.439322,15.56,50.32,2800.8,24.5,12.82,34.45,Critical
RRA-01767,2025-08-29,Delhi,Azadpur Ward,GT Karnal Road,28.702178,77.175168,37.91,69.23,1640.9,8.5,11.58,55.67,Medium
RRA-01768,2025-12-29,Chennai,Koyambedu Ward,Poonamallee High Road,13.068406,80.205427,15.04,55.34,279.9,2.5,12.05,52.88,Low
RRA-01769,2025-05-06,Bangalore,Electronic City Ward,Hosur Road,12.850932,77.643559,20.76,56.44,1150.7,3.2,16.54,45.63,Low
RRA-01770,2025-10-12,Mumbai,Malad Ward,Link Road,19.188054,72.853845,15.54,54.65,1745.5,27.8,8.04,34.41,High
RRA-01771,2025-09-10,Mumbai,Thane Ward,Ghodbunder Road,19.245897,72.974897,22.56,61.75,2356.6,18.8,7.02,60.54,High
RRA-01772,2025-03-23,Mumbai,Andheri Ward,Western Express Highway,19.117842,72.84097,9.79,52.23,1733.7,18.2,22.67,59.23,High
RRA-01773,2025-02-04,Chennai,Tambaram Ward,GST Road,12.927939,80.10338,6.52,60.62,901.4,27.5,9.24,8.73,High
RRA-01774,2025-11-17,Mumbai,Vashi Ward,Sion Panvel Highway,19.08085,72.99397,10.49,48.1,1785.7,15.5,16.75,64.06,Medium
RRA-01775,2025-03-20,Delhi,Nangloi Ward,Rohtak Road,28.671809,77.057004,5.17,46.7,1991.9,7.7,,55.52,Medium
RRA-01776,2025-02-16,Delhi,Laxmi Nagar Ward,Vikas Marg,28.648392,77.277903,8.37,57.5,2323.1,9.6,10.17,24.48,Medium
RRA-01777,2025-12-18,Pune,Bibwewadi Ward,Pune Satara Road,18.47554,73.856402,4.94,44.32,1902.8,27.2,13.43,53.6,High
RRA-01778,2025-08-24,Pune,Katraj Ward,Katraj Dehu Road Bypass,18.464771,73.856814,29.56,59.65,865.9,27.9,9.04,10.35,High
RRA-01779,2025-04-14,Pune,Bibwewadi Ward,Pune Satara Road,18.46978,73.860759,11.36,44.78,745.9,27.2,30.66,53.6,High
RRA-01780,2025-04-16,Hyderabad,Uppal Ward,Uppal Road,17.41056,78.5577,10.15,52.81,2326.6,22.8,11.07,33.72,High
RRA-01781,2025-12-16,Bangalore,Whitefield Ward,Whitefield Main Road,12.952264,77.743137,8.13,53.21,1691.7,9.0,11.02,34.76,Medium
RRA-01782,2025-09-15,Mumbai,Chembur Ward,Eastern Express Highway,19.060823,72.899082,14.34,51.87,1095.7,22.7,8.56,49.17,Medium
RRA-01783,2025-06-08,Bangalore,Electronic City Ward,Hosur Road,12.835595,77.655229,25.56,60.64,2299.2,3.2,16.39,45.63,Medium
RRA-01784,2025-11-28,Hyderabad,Banjara Hills Ward,Banjara Hills Road No 12,17.413741,78.432466,3.94,35.18,1005.0,24.5,6.57,34.45,Medium
RRA-01785,2025-12-16,Pune,Baner Ward,Baner Road,18.559946,73.783309,4.74,49.47,826.7,6.4,15.75,70.82,Low
RRA-01786,2025-05-11,Delhi,Nizamuddin Ward,Mathura Road,28.59424,77.259578,24.87,52.77,3140.8,15.6,13.03,61.4,High
RRA-01787,2025-06-02,Mumbai,Andheri Ward,Western Express Highway,19.125374,72.845941,55.13,67.85,1354.3,18.2,17.54,59.23,Critical
RRA-01788,2025-03-26,Chennai,Koyambedu Ward,Poonamallee High Road,13.076927,80.196071,9.45,61.16,2079.3,2.5,14.57,52.88,Low
RRA-01789,2025-12-20,Bangalore,Electronic City Ward,Hosur Road,12.851716,77.664156,11.14,56.11,1390.8,3.2,6.88,45.63,Low
RRA-01790,2025-11-07,Chennai,Neelankarai Ward,East Coast Road,12.955594,80.251856,32.37,73.91,2525.9,26.6,5.0,44.7,Critical
RRA-01791,2025-11-04,Mumbai,Bandra Ward,SV Road,19.054842,72.833488,11.46,58.61,2140.7,13.0,24.1,25.17,High
RRA-01792,2025-05-30,Bangalore,Bellandur Ward,Sarjapur Road,12.909995,77.67239,21.72,61.69,1187.0,21.0,12.0,33.19,High
RRA-01793,2025-02-07,Mumbai,Andheri Ward,Western Express Highway,19.111619,72.849506,5.38,54.1,1262.7,18.2,13.05,59.23,Medium
RRA-01794,2025-05-21,Chennai,Neelankarai Ward,East Coast Road,12.956615,80.253863,4.26,51.7,1099.0,26.6,11.06,44.7,Medium
RRA-01795,2025-06-26,Delhi,Nizamuddin Ward,Mathura Road,28.590023,77.250419,43.64,79.95,,15.6,9.47,61.4,High
RRA-01796,2025-03-22,Mumbai,Chembur Ward,Eastern Express Highway,19.058211,72.901803,13.47,45.38,981.7,22.7,15.59,49.17,Medium
RRA-01797,2025-04-01,Chennai,Neelankarai Ward,East Coast Road,12.964453,80.262258,8.28,47.38,1388.7,26.6,7.47,44.7,Medium
RRA-01798,2025-06-15,Bangalore,Bannerghatta Ward,Bannerghatta Road,12.895525,77.592278,26.73,60.9,648.8,27.2,27.77,33.99,Critical
RRA-01799,2025-07-29,Mumbai,Bandra Ward,SV Road,19.055912,72.82486,56.0,72.9,2086.6,13.0,12.67,25.17,Critical
RRA-01800,2025-03-06,Bangalore,Whitefield Ward,Whitefield Main Road,12.968223,77.736835,18.36,51.62,1016.7,9.0,20.81,34.76,Medium
RRA-01801,2025-10-25,Bangalore,Electronic City Ward,Hosur Road,12.843352,77.660381,8.46,46.02,1320.5,3.2,7.52,45.63,Low
RRA-01802,2025-02-13,Bangalore,Bannerghatta Ward,Bannerghatta Road,12.900171,77.592517,9.38,59.38,453.9,27.2,8.44,33.99,Medium
RRA-01803,2025-07-12,Delhi,Dwarka Ward,NH48 Highway,28.587001,77.050807,36.75,69.71,100.0,3.7,13.74,33.75,Low
RRA-01804,2025-12-25,Bangalore,Bannerghatta Ward,Bannerghatta Road,12.892631,77.596917,6.2,53.88,1332.5,27.2,12.31,33.99,High
RRA-01805,2025-05-15,Chennai,Tambaram Ward,GST Road,12.927901,80.105119,12.74,53.84,1983.2,27.5,13.07,8.73,Critical
RRA-01806,2025-07-14,Delhi,Laxmi Nagar Ward,Vikas Marg,28.636784,77.27351,38.96,68.97,2222.1,9.6,5.13,24.48,High
RRA-01807,2025-05-31,Delhi,Dhaula Kuan Ward,Outer Ring Road,28.58192,77.154446,24.63,55.02,1011.6,27.2,5.04,32.72,High
RRA-01808,2025-05-15,Delhi,Dhaula Kuan Ward,Outer Ring Road,28.582581,77.16581,17.45,53.82,1221.9,27.2,26.46,32.72,Critical
RRA-01809,2025-01-03,Hyderabad,Uppal Ward,Uppal Road,17.403327,78.564531,8.94,53.11,2658.7,22.8,10.73,33.72,High
RRA-01810,2025-01-22,Pune,Baner Ward,Baner Road,18.566539,73.786012,23.93,64.97,1745.4,6.4,9.67,70.82,Medium
RRA-01811,2025-12-21,Hyderabad,Banjara Hills Ward,Banjara Hills Road No 12,17.398096,78.435074,17.64,59.55,743.0,24.5,17.59,34.45,High
RRA-01812,2025-02-15,Hyderabad,Uppal Ward,Uppal Road,17.411809,78.555958,5.98,36.24,971.0,22.8,17.59,33.72,Medium
RRA-01813,2025-12-12,Mumbai,Malad Ward,Link Road,19.192405,72.846523,9.27,55.42,1876.2,27.8,19.58,34.41,Critical
RRA-01814,2025-02-16,Chennai,Neelankarai Ward,East Coast Road,12.965547,80.26136,3.68,54.18,2302.0,26.6,10.97,44.7,High
RRA-01815,2025-02-09,Mumbai,Chembur Ward,Eastern Express Highway,19.055599,72.897554,13.02,44.25,2377.9,22.7,11.25,49.17,High
RRA-01816,2025-06-05,Bangalore,HAL Ward,Old Airport Road,12.944785,77.640857,23.83,55.78,1194.6,5.6,8.93,58.83,Low
RRA-01817,2025-04-16,Delhi,Laxmi Nagar Ward,Vikas Marg,28.619008,77.275161,10.49,56.49,846.1,9.6,8.88,24.48,Low
RRA-01818,2025-12-20,Delhi,Nizamuddin Ward,Mathura Road,28.570505,77.259101,6.94,48.7,1744.9,15.6,11.74,61.4,Medium
RRA-01819,2025-12-18,Bangalore,Electronic City Ward,Hosur Road,12.83657,77.662375,7.07,,2641.1,3.2,12.44,45.63,Low
RRA-01820,2025-05-30,Hyderabad,Gachibowli Ward,Outer Ring Road,17.437878,78.377198,13.47,55.71,1855.6,11.2,13.05,21.41,Medium
RRA-01821,2025-06-16,Mumbai,Andheri Ward,Western Express Highway,19.115366,72.85057,63.08,78.61,1215.1,18.2,16.24,59.23,Critical
RRA-01822,2025-08-21,Bangalore,Bellandur Ward,Sarjapur Road,12.911552,77.685215,29.21,54.51,1131.6,21.0,17.52,33.19,High
RRA-01823,2025-12-01,Hyderabad,Hussain Sagar Ward,Tank Bund Road,17.429293,78.465042,5.75,36.69,1442.5,22.2,6.27,26.42,Medium
RRA-01824,2025-07-05,Pune,Baner Ward,Baner Road,18.568326,73.78039,44.21,59.32,2161.9,6.4,25.0,70.82,High
RRA-01825,2025-06-29,Mumbai,Ghatkopar Ward,LBS Marg,19.099202,72.902072,64.34,89.27,2148.9,8.0,13.34,64.75,High
RRA-01826,2025-12-10,Bangalore,Peenya Ward,Tumkur Road,13.025086,77.529191,4.92,41.29,2562.2,7.4,17.07,84.46,Low
RRA-01827,2025-09-11,Mumbai,Ghatkopar Ward,LBS Marg,19.089184,72.910048,20.22,62.54,1361.2,8.0,10.85,64.75,Low
RRA-01828,2025-02-01,Mumbai,Bandra Ward,SV Road,19.048694,72.824677,11.86,57.75,1390.6,13.0,8.8,25.17,Medium
RRA-01829,2025-04-12,Bangalore,HAL Ward,Old Airport Road,12.949543,77.654884,6.79,50.21,1297.7,5.6,4.41,58.83,Low
RRA-01830,2025-01-23,Chennai,Teynampet Ward,Anna Salai,13.047331,80.244247,4.41,36.07,1361.7,26.0,12.97,24.53,High
RRA-01831,2025-11-27,Hyderabad,Gachibowli Ward,Outer Ring Road,17.444231,78.382981,21.55,54.25,2570.8,11.2,7.66,21.41,Medium
RRA-01832,2025-08-20,Pune,Baner Ward,Baner Road,18.56504,73.783358,32.21,69.31,1190.3,6.4,18.65,70.82,Medium
RRA-01833,2025-09-08,Mumbai,Vashi Ward,Sion Panvel Highway,19.073372,72.98289,20.45,53.74,2747.8,15.5,7.45,64.06,Medium
RRA-01834,2025-04-02,Chennai,Tambaram Ward,GST Road,12.920636,80.108056,14.94,47.68,2744.1,27.5,12.48,8.73,Critical
RRA-01835,2025-04-05,Chennai,Neelankarai Ward,East Coast Road,12.963939,80.244382,6.31,36.6,1391.5,26.6,18.73,44.7,High
RRA-01836,2025-10-06,Mumbai,Thane Ward,Ghodbunder Road,19.239305,72.975942,8.73,42.22,778.6,18.8,10.37,60.54,Low
RRA-01837,2025-03-20,Bangalore,Bannerghatta Ward,Bannerghatta Road,12.907209,77.59065,9.98,56.83,793.0,27.2,9.82,33.99,Medium
RRA-01838,2025-04-04,Mumbai,Ghatkopar Ward,LBS Marg,19.097098,72.904804,20.24,63.69,1195.5,8.0,4.33,64.75,Low
RRA-01839,2025-09-04,Delhi,Dwarka Ward,NH48 Highway,28.594641,77.03978,25.5,61.35,1590.9,3.7,4.88,33.75,Low
RRA-01840,2025-10-26,Delhi,Nangloi Ward,Rohtak Road,28.677986,77.053571,4.87,35.51,2185.2,7.7,10.58,55.52,Low
RRA-01841,2025-09-04,Delhi,Azadpur Ward,GT Karnal Road,28.713711,77.165662,27.91,57.28,1400.3,8.5,13.94,55.67,Medium
RRA-01842,2025-07-18,Delhi,Nizamuddin Ward,Mathura Road,28.593013,77.247791,39.79,73.54,2020.0,15.6,6.78,61.4,High
RRA-01843,2025-06-30,Hyderabad,Uppal Ward,Uppal Road,17.394469,78.559015,37.58,58.14,1307.0,22.8,8.61,33.72,High
RRA-01844,2025-01-11,Pune,Baner Ward,Baner Road,18.562672,73.781436,5.42,44.17,1704.7,6.4,6.88,70.82,Low
RRA-01845,2025-05-25,Chennai,Koyambedu Ward,Poonamallee High Road,13.068288,80.201648,11.55,53.08,1473.6,2.5,21.07,52.88,Low
RRA-01846,2025-03-30,Delhi,Dhaula Kuan Ward,Outer Ring Road,28.594253,77.15457,14.94,41.3,995.5,27.2,15.51,32.72,High
RRA-01847,2025-04-15,Delhi,Nangloi Ward,Rohtak Road,28.680785,77.05547,8.18,54.74,2207.0,7.7,2.52,55.52,Low
RRA-01848,2025-11-29,Chennai,Neelankarai Ward,East Coast Road,12.944119,80.249949,23.86,65.9,2015.0,26.6,10.58,44.7,Critical
RRA-01849,2025-09-16,Chennai,Tambaram Ward,GST Road,12.929503,80.099769,25.44,62.28,1684.4,27.5,12.33,8.73,Critical
RRA-01850,2025-09-07,Delhi,Dwarka Ward,NH48 Highway,28.590884,77.047249,20.31,56.98,1045.7,3.7,12.36,33.75,Low
RRA-01851,2025-09-27,Hyderabad,Uppal Ward,Uppal Road,17.40032,78.557408,18.23,56.88,509.7,22.8,7.4,33.72,Medium
RRA-01852,2025-05-22,Bangalore,Bannerghatta Ward,Bannerghatta Road,12.898683,77.602983,14.63,57.72,841.5,27.2,28.43,33.99,High
RRA-01853,2025-05-09,Chennai,Tambaram Ward,GST Road,12.922892,80.095119,20.06,58.08,1213.3,27.5,11.51,8.73,High
RRA-01854,2025-04-30,Mumbai,Bandra Ward,SV Road,19.054888,72.83431,30.92,66.2,1577.5,13.0,11.58,25.17,High
RRA-01855,2025-09-21,Mumbai,Chembur Ward,Eastern Express Highway,19.058451,72.896706,14.76,60.2,1160.9,22.7,17.47,49.17,High
RRA-01856,2025-03-18,Chennai,Sholinganallur Ward,Old Mahabalipuram Road,12.897851,80.223687,7.26,61.3,1022.0,8.9,4.1,46.95,Low
RRA-01857,2025-11-11,Delhi,Azadpur Ward,GT Karnal Road,28.716143,77.174466,5.16,49.03,1538.0,8.5,20.1,55.67,Medium
RRA-01858,2025-03-29,Mumbai,Andheri Ward,Western Express Highway,19.12661,72.840611,11.18,50.61,1737.8,18.2,4.79,59.23,Medium
RRA-01859,2025-10-27,Pune,Bibwewadi Ward,Pune Satara Road,18.479003,73.864128,12.56,51.1,2627.5,27.2,5.16,53.6,High
RRA-01860,2025-11-26,Mumbai,Malad Ward,Link Road,19.184772,72.854592,7.21,44.73,535.9,27.8,13.25,34.41,Medium
RRA-01861,2025-06-22,Pune,Bibwewadi Ward,Pune Satara Road,18.47219,73.852834,36.77,66.8,1452.5,27.2,26.2,53.6,Critical
RRA-01862,2025-08-24,Hyderabad,Banjara Hills Ward,Banjara Hills Road No 12,17.418155,78.437562,30.52,72.58,1070.5,24.5,15.12,34.45,High
RRA-01863,2025-03-26,Bangalore,Marathahalli Ward,Outer Ring Road,12.957703,77.694614,9.83,41.74,1368.2,15.6,17.5,54.34,Medium
RRA-01864,2025-10-14,Chennai,Teynampet Ward,Anna Salai,13.038107,80.237298,30.56,53.52,980.2,26.0,12.42,24.53,High
RRA-01865,2025-05-24,Pune,Baner Ward,Baner Road,18.556808,73.774013,27.96,56.97,2415.6,6.4,13.27,70.82,Medium
RRA-01866,2025-07-08,Mumbai,Andheri Ward,Western Express Highway,19.127318,72.839329,63.3,,1634.0,18.2,6.9,59.23,Critical
RRA-01867,2025-09-07,Delhi,Azadpur Ward,GT Karnal Road,28.715396,77.171295,21.5,59.24,1662.1,8.5,18.22,55.67,Medium
RRA-01868,2025-09-07,Chennai,Sholinganallur Ward,Old Mahabalipuram Road,12.906199,80.229864,,57.89,1649.7,8.9,5.12,46.95,Low
RRA-01869,2025-11-08,Delhi,Dwarka Ward,NH48 Highway,28.597999,77.046074,9.26,48.37,1248.7,3.7,14.78,33.75,Low
RRA-01870,2025-10-13,Chennai,Tambaram Ward,GST Road,12.932798,80.081358,33.12,59.11,1207.9,27.5,8.38,8.73,Critical
RRA-01871,2025-10-19,Chennai,Koyambedu Ward,Poonamallee High Road,13.071173,80.185963,35.18,60.0,762.0,2.5,6.87,52.88,Low
RRA-01872,2025-09-26,Chennai,Teynampet Ward,Anna Salai,13.048543,80.255306,29.73,66.78,1871.4,26.0,7.03,24.53,Critical
RRA-01873,2025-11-13,Chennai,Sholinganallur Ward,Old Mahabalipuram Road,12.893231,80.216806,30.82,67.64,646.8,8.9,,46.95,Low
RRA-01874,2025-10-12,Delhi,Laxmi Nagar Ward,Vikas Marg,28.640217,77.285933,5.69,46.46,1066.9,9.6,16.49,24.48,Low
RRA-01875,2025-02-13,Mumbai,Vashi Ward,Sion Panvel Highway,19.076091,73.003713,9.6,49.95,1772.9,15.5,9.0,64.06,Medium
RRA-01876,2025-04-20,Pune,Katraj Ward,Katraj Dehu Road Bypass,18.467562,73.867977,13.97,65.66,726.1,27.9,10.27,10.35,High
RRA-01877,2025-11-24,Bangalore,Marathahalli Ward,Outer Ring Road,12.962963,77.698283,6.67,42.33,945.2,15.6,13.53,54.34,Low
RRA-01878,2025-09-01,Mumbai,Malad Ward,Link Road,19.186303,72.851118,20.6,55.38,1142.7,27.8,3.37,34.41,High
RRA-01879,2025-03-25,Pune,Katraj Ward,Katraj Dehu Road Bypass,18.451226,73.855332,9.7,43.95,,27.9,5.91,10.35,Medium
RRA-01880,2025-02-02,Hyderabad,Hussain Sagar Ward,Tank Bund Road,17.416016,78.484315,2.72,51.05,942.0,22.2,4.17,26.42,Medium
RRA-01881,2025-04-09,Mumbai,Chembur Ward,Eastern Express Highway,19.062765,72.898647,22.95,64.43,513.7,22.7,8.98,49.17,Medium
RRA-01882,2025-10-20,Chennai,Teynampet Ward,Anna Salai,13.039243,80.234723,36.82,62.34,397.1,26.0,12.3,24.53,High
RRA-01883,2025-10-12,Chennai,Koyambedu Ward,Poonamallee High Road,13.06767,80.189933,32.01,65.01,571.3,2.5,6.15,52.88,Low
RRA-01884,2025-02-19,Delhi,Dhaula Kuan Ward,Outer Ring Road,28.606692,77.164719,4.32,49.46,577.1,27.2,13.99,32.72,Medium
RRA-01885,2025-07-22,Mumbai,Thane Ward,Ghodbunder Road,19.233569,72.977781,53.0,,1212.0,18.8,8.73,60.54,High
RRA-01886,2025-02-21,Delhi,Dhaula Kuan Ward,Outer Ring Road,28.596618,77.161679,2.81,46.79,1666.8,27.2,10.03,32.72,High
RRA-01887,2025-10-31,Bangalore,Bannerghatta Ward,Bannerghatta Road,12.889342,77.598852,6.15,49.61,,27.2,11.82,33.99,High
RRA-01888,2025-07-11,Chennai,Teynampet Ward,Anna Salai,13.046957,80.247126,12.2,57.17,1075.5,26.0,10.94,24.53,High
RRA-01889,2025-01-23,Bangalore,Whitefield Ward,Whitefield Main Road,12.969789,77.75084,17.96,64.94,1123.2,9.0,18.33,34.76,Medium
RRA-01890,2025-06-27,Chennai,Sholinganallur Ward,Old Mahabalipuram Road,12.895479,80.216092,4.49,49.01,1702.4,8.9,8.16,46.95,Low
RRA-01891,2025-06-26,Hyderabad,Uppal Ward,Uppal Road,17.395358,78.551007,28.34,66.92,1978.7,22.8,4.41,33.72,High
RRA-01892,2025-11-11,Bangalore,Kengeri Ward,Mysore Road,12.910627,77.478245,7.92,49.29,1493.9,10.9,6.45,33.33,Low
RRA-01893,2025-02-22,Mumbai,Ghatkopar Ward,LBS Marg,19.084955,72.906835,8.85,54.02,2176.3,8.0,16.55,64.75,Medium
RRA-01894,2025-08-28,Chennai,Tambaram Ward,GST Road,12.934318,80.088715,23.81,58.3,1161.7,27.5,6.06,8.73,High
RRA-01895,2025-01-31,Mumbai,Malad Ward,Link Road,19.181301,72.855696,6.97,46.24,1913.6,27.8,5.39,34.41,High
RRA-01896,2025-08-12,Pune,Vadgaon Sheri Ward,Nagar Road,18.560907,73.905787,28.48,61.83,991.6,27.7,7.22,20.82,High
RRA-01897,2025-04-26,Bangalore,Kengeri Ward,Mysore Road,12.904258,77.48594,9.08,52.05,1477.5,10.9,12.68,33.33,Medium
RRA-01898,2025-08-24,Mumbai,Malad Ward,Link Road,19.184327,72.853616,30.81,61.52,2207.9,27.8,15.32,34.41,Critical
RRA-01899,2025-11-10,Delhi,Laxmi Nagar Ward,Vikas Marg,28.631579,77.280395,10.2,49.68,1642.6,9.6,10.82,24.48,Medium
RRA-01900,2025-01-17,Mumbai,Ghatkopar Ward,LBS Marg,19.08642,72.901692,13.44,58.82,1019.1,8.0,19.92,64.75,Low
RRA-01901,2025-09-21,Pune,Bibwewadi Ward,Pune Satara Road,18.465477,73.85571,10.87,49.02,551.9,27.2,14.6,53.6,Medium
RRA-01902,2025-11-15,Bangalore,Bannerghatta Ward,Bannerghatta Road,12.911254,77.595266,4.11,49.26,1157.5,27.2,2.0,33.99,Medium
RRA-01903,2025-06-06,Pune,Baner Ward,Baner Road,18.562395,73.778272,32.25,71.74,7155.1111845615505,6.4,11.29,70.82,Medium
RRA-01904,2025-07-27,Chennai,Koyambedu Ward,Poonamallee High Road,13.075506,80.196617,9.5,61.45,1532.7,2.5,15.71,52.88,Low
RRA-01905,2025-02-02,Hyderabad,Hussain Sagar Ward,Tank Bund Road,17.419248,78.47206,8.37,47.82,1302.3,22.2,14.65,26.42,High
RRA-01906,2025-12-04,Pune,Bibwewadi Ward,Pune Satara Road,18.456111,73.858473,15.65,46.23,463.6,27.2,12.01,53.6,Medium
RRA-01907,2025-04-27,Delhi,Dhaula Kuan Ward,Outer Ring Road,28.592085,77.165567,12.33,61.2,722.6,27.2,4.04,32.72,Medium
RRA-01908,2025-04-06,Mumbai,Ghatkopar Ward,LBS Marg,19.085744,72.896886,21.68,62.94,1814.7,8.0,16.74,64.75,Medium
RRA-01909,2025-12-16,Delhi,Nangloi Ward,Rohtak Road,28.680176,77.059896,20.79,57.53,,7.7,14.17,55.52,Medium
RRA-01910,2025-10-06,Chennai,Tambaram Ward,GST Road,12.922296,80.096498,34.04,68.31,1385.5,27.5,5.13,8.73,Critical
RRA-01911,2025-08-26,Delhi,Dhaula Kuan Ward,Outer Ring Road,28.588509,77.172623,33.16,56.87,2004.4,27.2,13.09,32.72,Critical
RRA-01912,2025-09-30,Bangalore,Kengeri Ward,Mysore Road,12.903863,77.483391,22.82,61.16,698.8,10.9,14.76,33.33,Medium
RRA-01913,2025-05-26,Delhi,Laxmi Nagar Ward,Vikas Marg,28.626812,77.262374,33.53,60.46,1055.0,9.6,18.95,24.48,Medium
RRA-01914,2025-03-27,Chennai,Sholinganallur Ward,Old Mahabalipuram Road,12.89898,80.230955,6.34,48.86,2137.5,8.9,12.91,46.95,Medium
RRA-01915,2025-01-28,Bangalore,Bellandur Ward,Sarjapur Road,12.908509,77.6799,6.52,45.77,1077.3,21.0,3.27,33.19,Medium
RRA-01916,2025-03-08,Bangalore,Whitefield Ward,Whitefield Main Road,12.964716,77.741892,9.1,50.32,,9.0,14.21,34.76,Low
RRA-01917,2025-06-10,Mumbai,Andheri Ward,Western Express Highway,19.124199,72.843371,55.96,,1048.8,18.2,,59.23,High
RRA-01918,2025-12-22,Mumbai,Bandra Ward,SV Road,19.063373,72.82861,15.98,50.32,1216.9,13.0,8.79,25.17,Medium
RRA-01919,2025-09-14,Chennai,Neelankarai Ward,East Coast Road,12.951875,80.248668,20.19,47.61,586.9,26.6,13.6,44.7,Medium
RRA-01920,2025-12-19,Bangalore,Marathahalli Ward,Outer Ring Road,12.961604,77.688357,4.49,47.03,2324.4,15.6,4.89,54.34,Medium
RRA-01921,2025-07-22,Pune,Vadgaon Sheri Ward,Nagar Road,18.547581,73.911024,45.95,77.81,1147.1,27.7,11.95,20.82,Critical
RRA-01922,2025-11-23,Bangalore,HAL Ward,Old Airport Road,12.960614,77.652252,6.97,48.24,2419.4,5.6,14.69,58.83,Medium
RRA-01923,2025-12-20,Bangalore,HAL Ward,Old Airport Road,12.95854,77.65819,3.46,45.21,2075.3,5.6,10.7,58.83,Low
RRA-01924,2025-10-28,Chennai,Sholinganallur Ward,Old Mahabalipuram Road,12.900236,80.21926,38.13,63.61,2199.1,8.9,15.35,46.95,High
RRA-01925,2025-12-13,Delhi,Laxmi Nagar Ward,Vikas Marg,28.629748,77.277198,2.95,45.04,1532.5,9.6,10.57,24.48,Medium
RRA-01926,2025-05-25,Hyderabad,Gachibowli Ward,Outer Ring Road,17.45078,78.384896,12.36,48.16,1008.9,11.2,20.6,21.41,Medium
RRA-01927,2025-03-31,Bangalore,Kengeri Ward,Mysore Road,12.926639,77.487181,15.87,66.22,951.7,10.9,6.64,33.33,Medium
RRA-01928,2025-12-11,Mumbai,Chembur Ward,Eastern Express Highway,19.064875,72.903251,9.33,53.58,2174.0,22.7,8.32,49.17,Medium
RRA-01929,2025-08-03,Hyderabad,Banjara Hills Ward,Banjara Hills Road No 12,17.410325,78.431998,38.77,74.28,619.5,24.5,10.11,34.45,High
RRA-01930,2025-08-24,Pune,Bibwewadi Ward,Pune Satara Road,18.454237,73.861849,31.06,71.82,100.0,27.2,9.13,53.6,Medium
RRA-01931,2025-12-16,Hyderabad,Hussain Sagar Ward,Tank Bund Road,17.433695,78.480851,6.57,44.34,1032.5,22.2,21.69,26.42,High
RRA-01932,2025-10-14,Bangalore,Kengeri Ward,Mysore Road,12.912054,77.492009,12.97,45.96,2215.3,10.9,6.88,33.33,Medium
RRA-01933,2025-10-29,Bangalore,Kengeri Ward,Mysore Road,12.9044,77.487348,4.14,45.14,1500.9,10.9,8.55,33.33,Low
RRA-01934,2025-10-14,Mumbai,Vashi Ward,Sion Panvel Highway,19.07633,73.007861,9.2,45.94,,15.5,14.06,64.06,Low
RRA-01935,2025-06-15,Bangalore,Marathahalli Ward,Outer Ring Road,12.964976,77.702947,29.92,68.78,1383.0,15.6,9.79,54.34,Medium
RRA-01936,2025-06-19,Delhi,Azadpur Ward,GT Karnal Road,28.716128,77.165497,34.46,62.65,2398.2,8.5,8.44,55.67,Medium
RRA-01937,2025-07-10,Chennai,Sholinganallur Ward,Old Mahabalipuram Road,12.89023,80.231049,13.4,53.0,1788.5,8.9,6.37,46.95,Medium
RRA-01938,2025-11-29,Delhi,Azadpur Ward,GT Karnal Road,28.715795,77.177441,9.87,52.73,699.0,8.5,,55.67,Medium
RRA-01939,2025-02-09,Pune,Vadgaon Sheri Ward,Nagar Road,18.549361,73.910103,19.62,62.26,553.1,27.7,,20.82,High
RRA-01940,2025-05-05,Mumbai,Malad Ward,Link Road,19.188318,72.848714,34.74,58.17,725.8,27.8,,34.41,High
RRA-01941,2025-12-12,Delhi,Azadpur Ward,GT Karnal Road,28.711919,77.169587,2.78,47.03,1282.3,8.5,6.22,55.67,Low
RRA-01942,2025-04-04,Mumbai,Thane Ward,Ghodbunder Road,19.231478,72.980928,13.2,47.6,521.2,18.8,3.34,60.54,Low
RRA-01943,2025-07-08,Bangalore,HAL Ward,Old Airport Road,12.959486,77.653212,32.08,68.37,1538.8,5.6,,58.83,Medium
RRA-01944,2025-01-28,Hyderabad,Gachibowli Ward,Outer Ring Road,17.441202,78.368613,6.07,50.62,732.0,11.2,18.04,21.41,Medium
RRA-01945,2025-11-27,Chennai,Sholinganallur Ward,Old Mahabalipuram Road,12.908199,80.228407,24.93,49.55,979.6,8.9,7.51,46.95,Low
RRA-01946,2025-04-18,Delhi,Nangloi Ward,Rohtak Road,28.680312,77.054478,,51.24,1259.1,7.7,14.58,55.52,Low
RRA-01947,2025-08-04,Mumbai,Bandra Ward,SV Road,19.056251,72.833274,,77.58,1917.5,13.0,27.71,25.17,Critical
RRA-01948,2025-11-24,Mumbai,Vashi Ward,Sion Panvel Highway,19.076659,73.002264,9.84,51.84,2038.5,15.5,16.6,64.06,Medium
RRA-01949,2025-12-06,Delhi,Dwarka Ward,NH48 Highway,28.589289,77.047861,12.47,49.91,833.2,3.7,9.28,33.75,Low
RRA-01950,2025-07-10,Chennai,Tambaram Ward,GST Road,12.926684,80.094823,6.85,49.65,573.2,27.5,8.43,8.73,Medium
RRA-01951,2025-10-14,Pune,Katraj Ward,Katraj Dehu Road Bypass,18.460917,73.872273,8.15,47.62,2037.7,27.9,8.08,10.35,High
RRA-01952,2025-08-19,Bangalore,Whitefield Ward,Whitefield Main Road,12.960478,77.750834,28.34,45.27,,9.0,27.94,34.76,High
RRA-01953,2025-03-12,Chennai,Teynampet Ward,Anna Salai,13.047614,80.24074,6.28,44.89,2350.4,26.0,19.06,24.53,Critical
RRA-01954,2025-02-05,Hyderabad,Hussain Sagar Ward,Tank Bund Road,17.434608,78.475093,8.53,41.63,871.6,22.2,7.57,26.42,Medium
RRA-01955,2025-08-09,Pune,Katraj Ward,Katraj Dehu Road Bypass,18.448794,73.862778,30.23,63.96,1195.7,27.9,14.8,10.35,Critical
RRA-01956,2025-03-23,Hyderabad,Banjara Hills Ward,Banjara Hills Road No 12,17.416265,78.438517,4.56,50.24,1616.2,24.5,15.91,34.45,High
RRA-01957,2025-10-27,Bangalore,Bannerghatta Ward,Bannerghatta Road,12.893932,77.5914,9.89,46.69,1909.6,27.2,20.39,33.99,Critical
RRA-01958,2025-11-13,Mumbai,Andheri Ward,Western Express Highway,19.125666,72.853377,13.3,56.41,1237.7,18.2,15.59,59.23,Medium
RRA-01959,2025-05-22,Hyderabad,Uppal Ward,Uppal Road,17.390076,78.555876,17.48,53.33,2607.4,22.8,5.47,33.72,High
RRA-01960,2025-06-07,Mumbai,Malad Ward,Link Road,19.186346,72.838094,62.52,81.93,474.1,27.8,4.36,34.41,Critical
RRA-01961,2025-06-13,Pune,Bibwewadi Ward,Pune Satara Road,18.468073,73.856355,36.95,70.62,891.3,27.2,8.98,53.6,High
RRA-01962,2025-03-16,Bangalore,Bellandur Ward,Sarjapur Road,12.905157,77.677701,14.23,55.32,1452.7,21.0,8.46,33.19,Medium
RRA-01963,2025-05-09,Bangalore,Marathahalli Ward,Outer Ring Road,12.957392,77.698344,20.17,60.16,2503.2,15.6,18.7,54.34,High
RRA-01964,2025-11-27,Mumbai,Chembur Ward,Eastern Express Highway,19.049458,72.900752,7.37,44.98,1326.5,22.7,7.59,49.17,Medium
RRA-01965,2025-06-05,Chennai,Neelankarai Ward,East Coast Road,12.966441,80.268844,5.52,39.37,1875.3,26.6,12.92,44.7,High
RRA-01966,2025-04-04,Pune,Katraj Ward,Katraj Dehu Road Bypass,18.45557,73.864013,7.01,48.35,619.0,27.9,14.15,10.35,High
RRA-01967,2025-10-24,Hyderabad,Gachibowli Ward,Outer Ring Road,17.449901,78.375262,11.05,46.41,1387.5,11.2,18.12,21.41,Medium
RRA-01968,2025-05-16,Pune,Vadgaon Sheri Ward,Nagar Road,18.570557,73.930656,,54.19,1223.6,27.7,3.51,20.82,High
RRA-01969,2025-11-21,Mumbai,Ghatkopar Ward,LBS Marg,19.091346,72.915472,6.53,54.01,823.8,8.0,16.08,64.75,Low
RRA-01970,2025-08-09,Bangalore,Marathahalli Ward,Outer Ring Road,12.960989,77.707397,38.45,78.94,,15.6,14.31,54.34,High
RRA-01971,2025-10-26,Bangalore,Electronic City Ward,Hosur Road,12.841566,77.661859,5.11,52.13,1358.0,3.2,30.54,45.63,Medium
RRA-01972,2025-01-12,Delhi,Azadpur Ward,GT Karnal Road,28.713295,77.162894,5.54,46.55,656.5,8.5,10.94,55.67,Low
RRA-01973,2025-03-06,Pune,Katraj Ward,Katraj Dehu Road Bypass,18.45094,73.859446,4.91,45.33,533.4,27.9,10.09,10.35,Medium
RRA-01974,2025-03-18,Delhi,Azadpur Ward,GT Karnal Road,28.712136,77.183987,5.48,48.72,906.8,8.5,3.63,55.67,Low
RRA-01975,2025-06-18,Delhi,Nizamuddin Ward,Mathura Road,28.588136,77.249899,31.97,60.53,1841.0,15.6,,61.4,Medium
RRA-01976,2025-10-23,Mumbai,Ghatkopar Ward,LBS Marg,19.084076,72.911774,15.72,57.74,1320.5,8.0,2.26,64.75,Low
RRA-01977,2025-03-30,Mumbai,Thane Ward,Ghodbunder Road,19.238187,72.977677,11.45,56.14,2260.4,18.8,16.34,60.54,High
RRA-01978,2025-08-13,Delhi,Nizamuddin Ward,Mathura Road,28.584076,77.270982,37.67,68.37,542.8,15.6,11.73,61.4,Medium
RRA-01979,2025-02-25,Delhi,Dwarka Ward,NH48 Highway,28.589054,77.052053,13.42,33.04,2106.1,3.7,6.5,33.75,Low
RRA-01980,2025-09-15,Bangalore,HAL Ward,Old Airport Road,12.962703,77.647798,,70.8,613.0,5.6,10.38,58.83,Low
RRA-01981,2025-11-04,Delhi,Nizamuddin Ward,Mathura Road,28.581818,77.253008,16.65,57.55,1112.7,15.6,6.21,61.4,Medium
RRA-01982,2025-08-24,Bangalore,Marathahalli Ward,Outer Ring Road,12.967478,77.701449,31.84,68.36,1741.0,15.6,16.03,54.34,High
RRA-01983,2025-10-22,Bangalore,HAL Ward,Old Airport Road,12.958546,77.653043,6.53,37.48,1801.0,5.6,14.02,58.83,Low
RRA-01984,2025-08-23,Mumbai,Bandra Ward,SV Road,19.067207,72.824828,29.36,64.75,1860.2,13.0,10.26,25.17,High
RRA-01985,2025-10-03,Chennai,Tambaram Ward,GST Road,12.933904,80.095134,28.91,58.65,2024.3,27.5,19.97,8.73,Critical
RRA-01986,2025-06-27,Mumbai,Thane Ward,Ghodbunder Road,19.249364,72.979689,60.25,85.08,1189.8,18.8,3.8,60.54,High
RRA-01987,2025-03-03,Bangalore,Electronic City Ward,Hosur Road,12.846222,77.650994,5.58,44.67,1480.4,3.2,9.51,45.63,Low
RRA-01988,2025-07-23,Mumbai,Malad Ward,Link Road,19.180571,72.840055,53.64,78.22,1372.1,27.8,8.71,34.41,Critical
RRA-01989,2025-11-27,Bangalore,Bannerghatta Ward,Bannerghatta Road,12.899285,77.593414,4.45,45.5,2181.8,27.2,7.81,33.99,High
RRA-01990,2025-05-21,Bangalore,Bannerghatta Ward,Bannerghatta Road,12.904551,77.599184,16.96,54.9,4167.112924794009,27.2,29.07,33.99,Critical
RRA-01991,2025-08-03,Chennai,Sholinganallur Ward,Old Mahabalipuram Road,12.894074,80.224604,6.41,52.57,1850.7,8.9,,46.95,Medium
RRA-01992,2025-08-17,Mumbai,Chembur Ward,Eastern Express Highway,19.057744,72.905373,31.76,63.95,1203.9,22.7,,49.17,High
RRA-01993,2025-06-19,Bangalore,Bannerghatta Ward,Bannerghatta Road,12.898483,77.590446,35.73,72.0,955.0,27.2,,33.99,Critical
RRA-01994,2025-01-06,Chennai,Sholinganallur Ward,Old Mahabalipuram Road,12.90089,80.224942,10.34,46.64,580.1,8.9,10.03,46.95,Low
RRA-01995,2025-05-31,Delhi,Laxmi Nagar Ward,Vikas Marg,28.633118,77.280512,34.86,73.08,1352.7,9.6,23.82,24.48,High
RRA-01996,2025-06-01,Bangalore,Whitefield Ward,Whitefield Main Road,12.972275,77.751498,23.36,59.66,1999.1,9.0,8.48,34.76,Medium
RRA-01997,2025-11-19,Bangalore,Bellandur Ward,Sarjapur Road,12.906602,77.680678,5.27,50.16,1872.0,21.0,12.92,33.19,Medium
RRA-01998,2025-05-01,Bangalore,HAL Ward,Old Airport Road,12.973631,77.647198,15.99,66.81,2042.1,5.6,7.83,58.83,Medium
RRA-01999,2025-10-22,Pune,Baner Ward,Baner Road,18.552022,73.783902,12.81,54.47,1296.1,6.4,17.22,70.82,Low
RRA-02000,2025-04-03,Bangalore,Peenya Ward,Tumkur Road,13.034529,77.530669,8.35,44.79,1765.0,7.4,4.63,84.46,Low
RRA-02001,2025-08-20,Delhi,Nizamuddin Ward,Mathura Road,28.591981,77.264913,28.43,64.85,666.8,15.6,15.6,61.4,Medium
RRA-02002,2025-12-11,Hyderabad,Hussain Sagar Ward,Tank Bund Road,17.432729,78.461757,6.92,56.63,2978.7,22.2,10.98,26.42,High
RRA-02003,2025-05-03,Mumbai,Bandra Ward,SV Road,19.057259,72.829193,31.84,60.23,1797.1,13.0,8.18,25.17,High
RRA-02004,2025-09-24,Mumbai,Chembur Ward,Eastern Express Highway,19.047886,72.897825,11.19,49.83,1064.6,22.7,6.31,49.17,Medium
RRA-02005,2025-11-02,Mumbai,Andheri Ward,Western Express Highway,19.119839,72.844013,12.66,54.35,,18.2,17.9,59.23,Medium
RRA-02006,2025-08-05,Pune,Baner Ward,Baner Road,18.551236,73.791917,32.17,67.25,2707.4,6.4,6.8,70.82,Medium
RRA-02007,2025-02-12,Mumbai,Bandra Ward,SV Road,19.073737,72.816123,15.92,49.04,662.1,13.0,11.82,25.17,Medium
RRA-02008,2025-09-10,Pune,Baner Ward,Baner Road,18.561463,73.774655,15.61,59.26,849.4,6.4,5.84,70.82,Low
RRA-02009,2025-01-05,Chennai,Sholinganallur Ward,Old Mahabalipuram Road,12.894998,80.223619,27.93,59.23,2089.6,8.9,11.17,46.95,Medium
RRA-02010,2025-08-05,Mumbai,Ghatkopar Ward,LBS Marg,19.089984,72.902899,42.87,66.99,2917.9,8.0,21.62,64.75,Critical
RRA-02011,2025-04-09,Mumbai,Andheri Ward,Western Express Highway,19.11501,72.851748,13.95,60.55,780.7,18.2,19.0,59.23,Medium
RRA-02012,2025-11-04,Delhi,Laxmi Nagar Ward,Vikas Marg,28.633853,77.278991,6.5,47.29,650.7,9.6,11.99,24.48,Low
RRA-02013,2025-11-17,Pune,Bibwewadi Ward,Pune Satara Road,18.463465,73.862129,3.57,51.55,1084.8,27.2,,53.6,Medium
RRA-02014,2025-01-12,Bangalore,HAL Ward,Old Airport Road,12.960173,77.641526,3.48,48.93,1822.3,5.6,7.98,58.83,Low
RRA-02015,2025-11-25,Hyderabad,Gachibowli Ward,Outer Ring Road,17.444011,78.382244,4.67,54.22,1452.3,11.2,7.98,21.41,Medium
RRA-02016,2025-08-03,Delhi,Azadpur Ward,GT Karnal Road,28.710199,77.172313,39.2,80.15,511.0,8.5,7.48,55.67,Medium
RRA-02017,2025-06-30,Hyderabad,Gachibowli Ward,Outer Ring Road,17.443904,78.374607,40.28,74.87,1982.5,11.2,10.2,21.41,High
RRA-02018,2025-09-01,Chennai,Sholinganallur Ward,Old Mahabalipuram Road,12.89887,80.217948,15.91,58.58,1214.7,8.9,9.49,46.95,Low
RRA-02019,2025-09-30,Chennai,Koyambedu Ward,Poonamallee High Road,13.063932,80.197805,34.07,72.11,1787.0,2.5,8.38,52.88,Medium
RRA-02020,2025-04-18,Mumbai,Thane Ward,Ghodbunder Road,19.234456,72.974042,18.38,59.6,631.7,18.8,14.02,60.54,Medium
RRA-02021,2025-02-17,Delhi,Laxmi Nagar Ward,Vikas Marg,28.627471,77.280917,7.79,53.81,872.0,9.6,18.05,24.48,Medium
RRA-02022,2025-01-01,Bangalore,Electronic City Ward,Hosur Road,12.843304,77.657571,4.35,48.14,1810.2,3.2,8.34,45.63,Low
RRA-02023,2025-12-05,Delhi,Nangloi Ward,Rohtak Road,28.67376,77.055735,4.86,56.19,2504.4,7.7,24.44,55.52,Medium
RRA-02024,2025-11-06,Delhi,Azadpur Ward,GT Karnal Road,28.699031,77.177647,3.27,48.98,214.6,8.5,20.09,55.67,Low
RRA-02025,2025-02-07,Mumbai,Thane Ward,Ghodbunder Road,19.246495,72.976369,5.69,46.23,585.9,18.8,9.72,60.54,Low
RRA-02026,2025-06-23,Chennai,Koyambedu Ward,Poonamallee High Road,13.06392,80.201445,7.77,50.0,1550.9,2.5,3.64,52.88,Low
RRA-02027,2025-11-18,Chennai,Neelankarai Ward,East Coast Road,12.963183,80.260853,36.82,56.89,1801.6,26.6,26.22,44.7,Critical
RRA-02028,2025-12-14,Chennai,Koyambedu Ward,Poonamallee High Road,13.072609,80.198503,29.95,46.97,1697.8,2.5,19.51,52.88,Medium
RRA-02029,2025-07-16,Hyderabad,Gachibowli Ward,Outer Ring Road,17.433421,78.372193,34.56,76.48,1286.7,11.2,11.71,21.41,High
RRA-02030,2025-10-21,Mumbai,Andheri Ward,Western Express Highway,19.123814,72.85035,7.99,51.4,1999.4,18.2,7.36,59.23,Medium
RRA-02031,2025-05-20,Pune,Bibwewadi Ward,Pune Satara Road,18.469063,73.857637,23.85,51.63,877.3,27.2,14.13,53.6,High
RRA-02032,2025-01-04,Delhi,Laxmi Nagar Ward,Vikas Marg,28.625151,77.272132,10.24,46.83,1945.1,9.6,29.37,24.48,High
RRA-02033,2025-06-19,Delhi,Nangloi Ward,Rohtak Road,28.67803,77.057667,32.74,56.86,1249.9,7.7,27.02,55.52,Medium
RRA-02034,2025-05-07,Mumbai,Vashi Ward,Sion Panvel Highway,19.077338,73.003764,28.67,71.76,2278.0,15.5,8.72,64.06,High
RRA-02035,2025-10-30,Hyderabad,Hussain Sagar Ward,Tank Bund Road,17.428293,78.484044,7.41,61.63,1039.5,22.2,7.39,26.42,Medium
RRA-02036,2025-02-10,Chennai,Sholinganallur Ward,Old Mahabalipuram Road,12.898316,80.231214,10.59,47.23,1369.3,8.9,12.46,46.95,Medium
RRA-02037,2025-02-22,Mumbai,Ghatkopar Ward,LBS Marg,19.086113,72.905671,10.2,57.29,535.8,8.0,33.67,64.75,Medium
RRA-02038,2025-02-09,Hyderabad,Gachibowli Ward,Outer Ring Road,17.450974,78.371864,7.89,53.47,1814.3,11.2,11.25,21.41,Medium
RRA-02039,2025-07-28,Pune,Bibwewadi Ward,Pune Satara Road,18.475833,73.871388,34.13,54.81,1700.0,27.2,9.32,53.6,High
RRA-02040,2025-03-13,Delhi,Azadpur Ward,GT Karnal Road,28.708603,77.170776,4.72,49.09,481.8,8.5,16.54,55.67,Low
RRA-02041,2025-09-10,Bangalore,Marathahalli Ward,Outer Ring Road,12.966618,77.697124,23.62,62.34,908.5,15.6,29.24,54.34,High
RRA-02042,2025-02-22,Delhi,Nizamuddin Ward,Mathura Road,28.582266,77.263325,7.43,51.29,1515.7,15.6,15.35,61.4,Medium
RRA-02043,2025-04-30,Mumbai,Thane Ward,Ghodbunder Road,19.22756,72.982926,34.05,60.05,1239.3,18.8,7.78,60.54,Medium
RRA-02044,2025-02-27,Bangalore,Electronic City Ward,Hosur Road,12.846343,77.657589,6.85,45.9,810.1,3.2,13.89,45.63,Low
RRA-02045,2025-05-27,Bangalore,Bannerghatta Ward,Bannerghatta Road,12.894611,77.597243,18.71,55.69,1570.3,27.2,10.64,33.99,High
RRA-02046,2025-06-21,Mumbai,Bandra Ward,SV Road,19.063373,72.82836,60.61,90.45,1504.4,13.0,4.23,25.17,High
RRA-02047,2025-10-24,Pune,Vadgaon Sheri Ward,Nagar Road,18.558799,73.914606,5.23,48.92,2353.0,27.7,6.56,20.82,High
RRA-02048,2025-02-24,Chennai,Koyambedu Ward,Poonamallee High Road,13.071511,80.188024,8.81,45.81,1081.7,2.5,34.15,52.88,Medium
RRA-02049,2025-01-14,Bangalore,Kengeri Ward,Mysore Road,12.906727,77.478355,10.78,55.49,2118.9,10.9,22.86,33.33,High
RRA-02050,2025-05-27,Mumbai,Andheri Ward,Western Express Highway,19.119076,72.842643,44.78,72.55,1608.4,18.2,17.56,59.23,High
RRA-02051,2025-02-15,Delhi,Laxmi Nagar Ward,Vikas Marg,28.625912,77.275215,7.63,56.03,1654.6,9.6,13.21,24.48,Medium
RRA-02052,2025-09-27,Mumbai,Thane Ward,Ghodbunder Road,19.250338,72.983654,12.57,53.9,656.6,18.8,5.82,60.54,Low
RRA-02053,2025-12-25,Pune,Baner Ward,Baner Road,18.556983,73.781967,,52.72,688.5,6.4,8.68,70.82,Low
RRA-02054,2025-03-13,Pune,Katraj Ward,Katraj Dehu Road Bypass,18.44931,73.866647,9.15,48.81,1589.6,27.9,11.51,10.35,High
RRA-02055,2025-07-10,Hyderabad,Uppal Ward,Uppal Road,17.391331,78.559393,35.14,,1646.8,22.8,8.91,33.72,High
RRA-02056,2025-02-06,Chennai,Tambaram Ward,GST Road,12.923828,80.096564,6.01,43.0,1653.4,27.5,13.56,8.73,High
RRA-02057,2025-10-11,Bangalore,Whitefield Ward,Whitefield Main Road,12.968897,77.757537,9.28,57.72,1480.2,9.0,14.02,34.76,Medium
RRA-02058,2025-11-18,Bangalore,Bannerghatta Ward,Bannerghatta Road,12.900906,77.602151,11.03,60.41,872.9,27.2,28.64,33.99,High
RRA-02059,2025-11-06,Hyderabad,Gachibowli Ward,Outer Ring Road,17.447535,78.373273,4.39,43.84,1240.7,11.2,10.63,21.41,Medium
RRA-02060,2025-09-06,Hyderabad,Uppal Ward,Uppal Road,17.408252,78.561384,33.16,58.98,1612.2,22.8,8.54,33.72,High
RRA-02061,2025-06-11,Delhi,Nangloi Ward,Rohtak Road,28.675273,77.046564,26.53,64.08,226.3,7.7,7.66,55.52,Low
RRA-02062,2025-08-17,Mumbai,Chembur Ward,Eastern Express Highway,19.054033,72.912656,52.83,74.5,2496.7,22.7,24.31,49.17,Critical
RRA-02063,2025-04-11,Mumbai,Vashi Ward,Sion Panvel Highway,19.072789,73.002564,19.27,58.44,1508.9,15.5,3.16,64.06,Medium
RRA-02064,2025-07-30,Bangalore,Peenya Ward,Tumkur Road,13.03203,77.517611,34.42,77.81,908.9,7.4,5.62,84.46,Low
RRA-02065,2025-11-09,Mumbai,Andheri Ward,Western Express Highway,19.117867,72.847843,24.87,62.9,1754.4,18.2,8.05,59.23,Medium
RRA-02066,2025-10-08,Delhi,Nizamuddin Ward,Mathura Road,28.593671,77.246326,10.66,55.54,2396.2,15.6,9.53,61.4,Medium
RRA-02067,2025-08-21,Bangalore,Marathahalli Ward,Outer Ring Road,12.960669,77.699085,26.8,66.19,100.0,15.6,10.38,54.34,Medium
RRA-02068,2025-03-03,Delhi,Laxmi Nagar Ward,Vikas Marg,28.629889,77.279611,13.61,50.48,2031.0,9.6,7.82,24.48,Medium
RRA-02069,2025-12-01,Pune,Vadgaon Sheri Ward,Nagar Road,18.56278,73.915631,4.76,52.73,1581.9,27.7,14.36,20.82,High
RRA-02070,2025-02-14,Chennai,Koyambedu Ward,Poonamallee High Road,13.064038,80.191826,6.22,48.34,1246.7,2.5,9.62,52.88,Low
RRA-02071,2025-09-29,Pune,Katraj Ward,Katraj Dehu Road Bypass,18.439325,73.858808,10.84,53.6,3207.9,27.9,4.6,10.35,Critical
RRA-02072,2025-03-05,Delhi,Dwarka Ward,NH48 Highway,28.597135,77.043535,10.17,48.82,1492.2,3.7,17.98,33.75,Low
RRA-02073,2025-07-14,Bangalore,Bannerghatta Ward,Bannerghatta Road,12.908011,77.593558,32.45,68.72,1527.3,27.2,16.16,33.99,Critical
RRA-02074,2025-08-31,Hyderabad,Uppal Ward,Uppal Road,17.403116,78.554348,26.51,73.49,688.7,22.8,3.23,33.72,Medium
RRA-02075,2025-11-29,Mumbai,Ghatkopar Ward,LBS Marg,19.06939,72.904886,,62.75,1729.6,8.0,8.33,64.75,Low
RRA-02076,2025-03-04,Pune,Katraj Ward,Katraj Dehu Road Bypass,18.451538,73.873657,8.04,47.38,1031.4,27.9,11.89,10.35,High
RRA-02077,2025-02-21,Chennai,Tambaram Ward,GST Road,12.92623,80.102566,12.84,61.45,2598.0,27.5,,8.73,Critical
RRA-02078,2025-07-25,Chennai,Sholinganallur Ward,Old Mahabalipuram Road,12.903887,80.219744,5.61,42.91,,8.9,8.79,46.95,Low
RRA-02079,2025-02-19,Mumbai,Malad Ward,Link Road,19.190341,72.850271,,52.64,11483.49601770815,27.8,5.87,34.41,Critical
RRA-02080,2025-04-09,Chennai,Tambaram Ward,GST Road,12.919327,80.096979,16.2,58.31,866.8,27.5,12.43,8.73,High
RRA-02081,2025-01-27,Bangalore,Kengeri Ward,Mysore Road,12.916588,77.4772,5.8,51.58,900.2,10.9,11.35,33.33,Low
RRA-02082,2025-07-29,Bangalore,Bellandur Ward,Sarjapur Road,12.911192,77.682075,35.54,74.1,791.1,21.0,9.63,33.19,High
RRA-02083,2025-08-18,Bangalore,Marathahalli Ward,Outer Ring Road,12.953594,77.705466,31.83,62.28,1287.1,15.6,9.84,54.34,Medium
RRA-02084,2025-05-14,Mumbai,Chembur Ward,Eastern Express Highway,19.047463,72.903826,40.58,71.71,2808.9,22.7,8.04,49.17,Critical
RRA-02085,2025-01-24,Chennai,Koyambedu Ward,Poonamallee High Road,13.072297,80.197036,10.23,46.42,1182.3,2.5,9.35,52.88,Low
RRA-02086,2025-05-17,Pune,Bibwewadi Ward,Pune Satara Road,18.469448,73.863126,25.05,67.44,840.4,27.2,21.74,53.6,High
RRA-02087,2025-07-05,Bangalore,Whitefield Ward,Whitefield Main Road,12.965046,77.75098,38.03,69.82,1990.2,9.0,22.07,34.76,High
RRA-02088,2025-01-23,Delhi,Azadpur Ward,GT Karnal Road,28.716562,77.168989,4.68,,894.7,8.5,10.51,55.67,Low
RRA-02089,2025-08-19,Mumbai,Ghatkopar Ward,LBS Marg,19.084535,72.909768,31.93,49.93,1329.5,8.0,17.5,64.75,Medium
RRA-02090,2025-02-06,Delhi,Nangloi Ward,Rohtak Road,28.684758,77.05917,9.85,58.13,2450.5,7.7,16.74,55.52,Medium
RRA-02091,2025-03-01,Bangalore,Bellandur Ward,Sarjapur Road,12.912251,77.676441,16.65,54.52,1990.3,21.0,8.69,33.19,High
RRA-02092,2025-08-06,Chennai,Sholinganallur Ward,Old Mahabalipuram Road,12.909746,80.226719,8.04,53.0,888.2,8.9,11.7,46.95,Low
RRA-02093,2025-10-07,Mumbai,Bandra Ward,SV Road,19.060886,72.830883,20.2,42.7,1315.2,13.0,3.17,25.17,Medium
RRA-02094,2025-02-11,Bangalore,Peenya Ward,Tumkur Road,13.036339,77.526635,18.82,54.31,2978.2,7.4,11.5,84.46,Medium
RRA-02095,2025-12-20,Chennai,Teynampet Ward,Anna Salai,13.033356,80.24005,,60.69,2404.3,26.0,5.06,24.53,Critical
RRA-02096,2025-10-23,Bangalore,Bellandur Ward,Sarjapur Road,12.912534,77.679818,,56.33,645.3,21.0,10.94,33.19,Medium
RRA-02097,2025-06-15,Mumbai,Ghatkopar Ward,LBS Marg,19.094456,72.90198,62.06,74.06,2897.2,8.0,12.62,64.75,Critical
RRA-02098,2025-11-17,Hyderabad,Banjara Hills Ward,Banjara Hills Road No 12,17.417916,78.443399,7.31,44.94,2961.7,24.5,28.89,34.45,Critical
RRA-02099,2025-10-25,Pune,Katraj Ward,Katraj Dehu Road Bypass,18.451879,73.864199,4.04,50.03,431.8,27.9,8.92,10.35,Medium
RRA-02100,2025-07-09,Hyderabad,Gachibowli Ward,Outer Ring Road,17.44837,78.371934,36.65,,915.9,11.2,9.27,21.41,Medium
RRA-02101,2025-12-13,Mumbai,Malad Ward,Link Road,19.172086,72.848116,10.63,51.11,703.7,27.8,6.95,34.41,Medium
RRA-02102,2025-11-14,Bangalore,HAL Ward,Old Airport Road,12.953714,77.656707,15.84,55.18,2432.5,5.6,9.34,58.83,Medium
RRA-02103,2025-02-15,Pune,Baner Ward,Baner Road,18.557565,73.785084,5.6,58.7,685.6,6.4,12.77,70.82,Low
RRA-02104,2025-04-26,Bangalore,Peenya Ward,Tumkur Road,13.029999,77.509516,10.13,52.28,365.3,7.4,17.41,84.46,Low
RRA-02105,2025-11-21,Hyderabad,Banjara Hills Ward,Banjara Hills Road No 12,17.410204,78.435811,7.97,49.98,100.0,24.5,13.91,34.45,Medium
RRA-02106,2025-01-31,Hyderabad,Banjara Hills Ward,Banjara Hills Road No 12,17.413725,78.430962,4.26,44.3,2223.9,24.5,15.01,34.45,High
RRA-02107,2025-08-25,Mumbai,Vashi Ward,Sion Panvel Highway,19.079678,73.003849,30.71,70.12,1609.8,15.5,7.41,64.06,Medium
RRA-02108,2025-01-10,Pune,Katraj Ward,Katraj Dehu Road Bypass,18.454098,73.872298,4.68,47.57,1143.0,27.9,4.57,10.35,Medium
RRA-02109,2025-01-05,Chennai,Sholinganallur Ward,Old Mahabalipuram Road,12.902819,80.235064,6.37,55.68,1575.3,8.9,12.16,46.95,Low
RRA-02110,2025-05-16,Bangalore,Electronic City Ward,Hosur Road,12.842624,77.667437,17.58,56.89,2150.3,3.2,12.52,45.63,Medium
RRA-02111,2025-11-07,Delhi,Dwarka Ward,NH48 Highway,28.592611,77.054415,25.41,68.41,1186.5,3.7,15.1,33.75,Medium
RRA-02112,2025-10-30,Delhi,Azadpur Ward,GT Karnal Road,28.711411,77.173806,15.13,48.51,361.6,8.5,17.79,55.67,Low
RRA-02113,2025-08-17,Bangalore,Whitefield Ward,Whitefield Main Road,12.975757,77.752706,28.4,55.65,2214.4,9.0,13.2,34.76,Medium
RRA-02114,2025-10-01,Delhi,Nangloi Ward,Rohtak Road,28.691744,77.057598,28.21,58.79,987.2,7.7,9.59,55.52,Low
RRA-02115,2025-06-20,Hyderabad,Banjara Hills Ward,Banjara Hills Road No 12,17.406794,78.429459,29.31,65.94,1183.0,24.5,16.34,34.45,Critical
RRA-02116,2025-08-09,Bangalore,Electronic City Ward,Hosur Road,12.845286,77.654476,30.83,68.24,2589.9,3.2,5.64,45.63,Medium
RRA-02117,2025-11-27,Bangalore,Peenya Ward,Tumkur Road,13.025509,77.516035,15.69,54.83,1087.3,7.4,10.64,84.46,Low
RRA-02118,2025-02-23,Delhi,Nizamuddin Ward,Mathura Road,28.596073,77.247236,9.94,60.61,1100.1,15.6,17.5,61.4,Medium
RRA-02119,2025-06-03,Delhi,Dhaula Kuan Ward,Outer Ring Road,28.596572,77.161283,22.24,55.76,476.9,27.2,11.13,32.72,Medium
RRA-02120,2025-06-11,Chennai,Tambaram Ward,GST Road,12.930001,80.098336,6.77,,7996.788848734179,27.5,8.57,8.73,High
RRA-02121,2025-09-19,Delhi,Dwarka Ward,NH48 Highway,28.60477,77.049137,19.58,59.98,1198.2,3.7,9.86,33.75,Low
RRA-02122,2025-04-09,Chennai,Tambaram Ward,GST Road,12.916578,80.108022,3.4,47.6,679.4,27.5,10.65,8.73,Medium
RRA-02123,2025-06-18,Bangalore,Peenya Ward,Tumkur Road,13.025151,77.524329,37.34,69.31,3979.0332849738365,7.4,8.72,84.46,Low
RRA-02124,2025-05-30,Hyderabad,Gachibowli Ward,Outer Ring Road,17.4398,78.378281,16.84,61.84,1672.4,11.2,3.97,21.41,Medium
RRA-02125,2025-11-17,Pune,Bibwewadi Ward,Pune Satara Road,18.473803,73.865937,4.41,53.5,571.5,27.2,17.09,53.6,Medium
RRA-02126,2025-10-06,Mumbai,Vashi Ward,Sion Panvel Highway,19.083129,73.001295,12.93,,1273.8,15.5,8.97,64.06,Medium
RRA-02127,2025-04-22,Pune,Baner Ward,Baner Road,18.560919,73.784787,11.77,49.21,1724.2,6.4,29.68,70.82,Medium
RRA-02128,2025-09-25,Delhi,Laxmi Nagar Ward,Vikas Marg,28.631419,77.282137,15.03,59.82,887.1,9.6,17.02,24.48,Medium
RRA-02129,2025-10-29,Delhi,Nizamuddin Ward,Mathura Road,28.584924,77.264598,4.88,52.01,100.0,15.6,20.66,61.4,Low
RRA-02130,2025-09-30,Hyderabad,Gachibowli Ward,Outer Ring Road,17.441696,78.385335,20.46,62.91,1658.6,11.2,2.0,21.41,Medium
RRA-02131,2025-06-08,Bangalore,Peenya Ward,Tumkur Road,13.029474,77.527335,21.0,50.32,994.3,7.4,10.23,84.46,Low
RRA-02132,2025-12-28,Chennai,Tambaram Ward,GST Road,12.921933,80.096294,32.99,57.02,867.0,27.5,12.67,8.73,Critical
RRA-02133,2025-08-13,Delhi,Nizamuddin Ward,Mathura Road,28.587785,77.263874,34.22,72.54,1765.7,15.6,12.87,61.4,High
RRA-02134,2025-06-02,Delhi,Dhaula Kuan Ward,Outer Ring Road,28.59471,77.162325,34.94,68.21,1320.1,27.2,15.45,32.72,Critical
RRA-02135,2025-04-28,Pune,Baner Ward,Baner Road,18.552414,73.788818,19.73,51.31,1581.9,6.4,4.67,70.82,Low
RRA-02136,2025-05-02,Bangalore,Peenya Ward,Tumkur Road,13.026996,77.511047,8.46,57.18,1569.9,7.4,13.06,84.46,Low
RRA-02137,2025-02-24,Delhi,Dwarka Ward,NH48 Highway,28.586513,77.058379,5.28,48.84,2715.5,3.7,19.73,33.75,Medium
RRA-02138,2025-08-20,Delhi,Dwarka Ward,NH48 Highway,28.596264,77.050173,40.21,62.09,438.2,3.7,9.95,33.75,Low
RRA-02139,2025-03-27,Chennai,Tambaram Ward,GST Road,12.929602,80.095276,9.44,51.85,1416.8,27.5,14.3,8.73,High
RRA-02140,2025-12-24,Delhi,Azadpur Ward,GT Karnal Road,28.718146,77.175107,9.26,51.99,2068.9,8.5,8.89,55.67,Medium
RRA-02141,2025-06-04,Pune,Katraj Ward,Katraj Dehu Road Bypass,18.446501,73.870504,30.39,75.37,2455.1,27.9,16.76,10.35,Critical
RRA-02142,2025-10-12,Hyderabad,Gachibowli Ward,Outer Ring Road,17.454409,78.376389,12.52,64.92,557.8,11.2,,21.41,Medium
RRA-02143,2025-01-23,Mumbai,Chembur Ward,Eastern Express Highway,19.052655,72.888785,17.73,72.76,1566.6,22.7,8.48,49.17,High
RRA-02144,2025-04-22,Mumbai,Chembur Ward,Eastern Express Highway,19.050357,72.899112,21.36,,1858.4,22.7,11.29,49.17,High
RRA-02145,2025-10-23,Bangalore,Electronic City Ward,Hosur Road,12.839997,77.658562,8.82,48.32,1188.3,3.2,17.55,45.63,Low
RRA-02146,2025-08-02,Delhi,Nangloi Ward,Rohtak Road,28.678494,77.057501,37.22,74.56,2916.8,7.7,,55.52,Critical
RRA-02147,2025-02-13,Bangalore,Peenya Ward,Tumkur Road,13.03328,77.520748,5.35,45.94,1364.6,7.4,11.46,84.46,Low
RRA-02148,2025-09-13,Delhi,Laxmi Nagar Ward,Vikas Marg,28.630963,77.272042,21.16,48.66,1940.6,9.6,14.22,24.48,Medium
RRA-02149,2025-07-13,Delhi,Nangloi Ward,Rohtak Road,28.680091,77.049226,42.52,73.92,1144.6,7.7,12.37,55.52,Medium
RRA-02150,2025-06-06,Bangalore,Electronic City Ward,Hosur Road,12.848205,77.65382,19.47,67.08,2101.8,3.2,16.09,45.63,Medium
RRA-02151,2025-04-24,Pune,Katraj Ward,Katraj Dehu Road Bypass,18.451855,73.871726,17.97,55.72,230.6,27.9,2.53,10.35,Medium
RRA-02152,2025-08-23,Mumbai,Vashi Ward,Sion Panvel Highway,19.066652,73.004297,31.81,57.97,603.9,15.5,9.29,64.06,Medium
RRA-02153,2025-10-16,Pune,Vadgaon Sheri Ward,Nagar Road,18.550314,73.913897,14.17,66.16,1582.5,27.7,12.51,20.82,High
RRA-02154,2025-04-10,Delhi,Azadpur Ward,GT Karnal Road,28.711199,77.170167,30.68,71.57,2056.7,8.5,22.86,55.67,High
RRA-02155,2025-10-20,Bangalore,Peenya Ward,Tumkur Road,13.024195,77.529085,16.23,,2392.5,7.4,29.42,84.46,Medium
RRA-02156,2025-07-17,Delhi,Dhaula Kuan Ward,Outer Ring Road,28.5934,77.167248,47.65,68.51,936.4,27.2,15.65,32.72,Critical
RRA-02157,2025-10-03,Bangalore,Electronic City Ward,Hosur Road,12.831423,77.651773,12.63,52.58,2249.9,3.2,4.92,45.63,Low
RRA-02158,2025-11-14,Bangalore,HAL Ward,Old Airport Road,12.963996,77.645896,6.14,49.51,1615.9,5.6,14.74,58.83,Low
RRA-02159,2025-04-17,Pune,Vadgaon Sheri Ward,Nagar Road,18.552832,73.913977,18.42,55.29,959.3,27.7,10.94,20.82,High
RRA-02160,2025-02-14,Mumbai,Ghatkopar Ward,LBS Marg,19.081422,72.91001,9.88,57.03,1047.0,8.0,15.49,64.75,Low
RRA-02161,2025-12-17,Delhi,Laxmi Nagar Ward,Vikas Marg,28.63625,77.272378,10.81,53.71,2009.4,9.6,5.48,24.48,Medium
RRA-02162,2025-03-06,Bangalore,Whitefield Ward,Whitefield Main Road,12.976113,77.75278,4.38,66.53,2008.1,9.0,11.1,34.76,Medium
RRA-02163,2025-05-01,Pune,Baner Ward,Baner Road,18.559129,73.778783,15.27,67.31,1216.9,6.4,5.8,70.82,Low
RRA-02164,2025-06-06,Chennai,Teynampet Ward,Anna Salai,13.039114,80.245953,9.63,48.22,1678.8,26.0,5.78,24.53,High
RRA-02165,2025-01-17,Hyderabad,Banjara Hills Ward,Banjara Hills Road No 12,17.404524,78.427818,10.98,44.39,1371.4,24.5,,34.45,High
RRA-02166,2025-12-26,Hyderabad,Gachibowli Ward,Outer Ring Road,17.437682,78.381242,10.54,51.89,1355.6,11.2,4.84,21.41,Low
RRA-02167,2025-12-20,Delhi,Dwarka Ward,NH48 Highway,28.600052,77.045404,8.28,61.47,1323.1,3.7,15.48,33.75,Low
RRA-02168,2025-09-18,Delhi,Laxmi Nagar Ward,Vikas Marg,28.634527,77.279204,16.13,49.38,367.3,9.6,7.15,24.48,Low
RRA-02169,2025-03-13,Mumbai,Bandra Ward,SV Road,19.058905,72.835387,18.49,56.17,1413.6,13.0,12.88,25.17,Medium
RRA-02170,2025-05-16,Bangalore,HAL Ward,Old Airport Road,12.961258,77.641534,17.86,59.0,1625.3,5.6,14.06,58.83,Low
RRA-02171,2025-04-25,Delhi,Dwarka Ward,NH48 Highway,28.587112,77.053641,20.95,51.55,1127.3,3.7,,33.75,Low
RRA-02172,2025-04-14,Chennai,Teynampet Ward,Anna Salai,13.037682,80.239593,8.16,56.41,1187.5,26.0,2.0,24.53,Medium
RRA-02173,2025-06-03,Mumbai,Ghatkopar Ward,LBS Marg,19.099365,72.902998,55.69,83.38,1473.0,8.0,12.36,64.75,High
RRA-02174,2025-06-04,Mumbai,Vashi Ward,Sion Panvel Highway,19.058985,72.995364,59.09,79.1,1487.7,15.5,12.3,64.06,High
RRA-02175,2025-10-25,Chennai,Tambaram Ward,GST Road,12.928471,80.098861,40.4,70.84,1687.9,27.5,6.92,8.73,Critical
RRA-02176,2025-01-20,Bangalore,Electronic City Ward,Hosur Road,12.850825,77.659232,10.22,51.14,570.4,3.2,16.25,45.63,Low
RRA-02177,2025-04-21,Bangalore,Kengeri Ward,Mysore Road,12.911721,77.493111,5.82,40.88,2859.2,10.9,9.36,33.33,Medium
RRA-02178,2025-12-12,Pune,Bibwewadi Ward,Pune Satara Road,18.469642,73.867506,10.57,54.23,713.2,27.2,9.15,53.6,Medium
RRA-02179,2025-10-19,Mumbai,Andheri Ward,Western Express Highway,19.121313,72.843808,7.19,48.34,2468.8,18.2,9.03,59.23,Medium
RRA-02180,2025-02-07,Bangalore,Whitefield Ward,Whitefield Main Road,12.963459,77.755187,13.27,55.04,1211.7,9.0,18.17,34.76,Medium
RRA-02181,2025-12-03,Mumbai,Bandra Ward,SV Road,19.066996,72.83108,6.64,47.46,1120.0,13.0,17.04,25.17,Medium
RRA-02182,2025-01-27,Bangalore,Bellandur Ward,Sarjapur Road,12.904256,77.676113,3.98,42.63,1845.9,21.0,7.86,33.19,Medium
RRA-02183,2025-11-06,Hyderabad,Gachibowli Ward,Outer Ring Road,17.438588,78.378791,29.02,57.09,829.6,11.2,7.07,21.41,Medium
RRA-02184,2025-10-13,Bangalore,Bellandur Ward,Sarjapur Road,12.907812,77.688828,14.37,52.89,625.0,21.0,9.4,33.19,Medium
RRA-02185,2025-05-19,Mumbai,Andheri Ward,Western Express Highway,19.1204,72.84876,38.83,53.44,2010.7,18.2,23.72,59.23,Critical
RRA-02186,2025-03-19,Delhi,Dwarka Ward,NH48 Highway,28.604868,77.041531,4.78,46.68,1635.3,3.7,19.32,33.75,Low
RRA-02187,2025-01-17,Bangalore,Marathahalli Ward,Outer Ring Road,12.954438,77.705975,5.85,39.46,1202.9,15.6,10.68,54.34,Low
RRA-02188,2025-05-08,Chennai,Tambaram Ward,GST Road,12.91533,80.101007,11.21,60.14,1422.5,27.5,16.19,8.73,High
RRA-02189,2025-08-11,Chennai,Sholinganallur Ward,Old Mahabalipuram Road,12.888044,80.23361,9.25,47.65,2383.3,8.9,5.93,46.95,Medium
RRA-02190,2025-11-11,Mumbai,Chembur Ward,Eastern Express Highway,19.04911,72.879147,8.58,56.29,940.0,22.7,13.46,49.17,Medium
RRA-02191,2025-11-20,Hyderabad,Hussain Sagar Ward,Tank Bund Road,17.424487,78.477068,5.96,60.27,,22.2,21.56,26.42,Medium
RRA-02192,2025-06-02,Mumbai,Ghatkopar Ward,LBS Marg,19.091839,72.910805,51.55,87.45,590.0,8.0,4.19,64.75,Medium
RRA-02193,2025-11-08,Bangalore,Kengeri Ward,Mysore Road,12.903063,77.493433,5.62,53.45,1165.3,10.9,2.5,33.33,Low
RRA-02194,2025-02-20,Bangalore,Peenya Ward,Tumkur Road,13.036437,77.518423,8.74,52.02,,7.4,6.53,84.46,Low
RRA-02195,2025-03-28,Delhi,Azadpur Ward,GT Karnal Road,28.714048,77.158646,5.99,56.01,,8.5,16.78,55.67,Low
RRA-02196,2025-09-13,Delhi,Nizamuddin Ward,Mathura Road,28.580254,77.256769,20.33,65.68,689.0,15.6,5.43,61.4,Low
RRA-02197,2025-09-18,Mumbai,Bandra Ward,SV Road,19.050222,72.821953,16.1,59.49,761.9,13.0,5.75,25.17,Medium
RRA-02198,2025-05-05,Mumbai,Andheri Ward,Western Express Highway,19.127707,72.838309,35.43,60.27,436.6,18.2,6.17,59.23,Medium
RRA-02199,2025-03-30,Mumbai,Ghatkopar Ward,LBS Marg,19.088345,72.905603,11.97,56.49,1613.2,8.0,27.66,64.75,Medium
RRA-02200,2025-10-22,Chennai,Sholinganallur Ward,Old Mahabalipuram Road,12.899152,80.23091,39.96,74.67,2043.0,8.9,12.39,46.95,High
RRA-02201,2025-06-26,Bangalore,Bellandur Ward,Sarjapur Road,12.909774,77.683218,33.13,74.41,1074.1,21.0,13.23,33.19,High
RRA-02202,2025-07-05,Bangalore,Kengeri Ward,Mysore Road,12.909327,77.482528,32.83,55.66,509.6,10.9,6.94,33.33,Low
RRA-02203,2025-06-25,Pune,Katraj Ward,Katraj Dehu Road Bypass,18.457718,73.862268,39.18,60.87,1080.7,27.9,10.59,10.35,Critical
RRA-02204,2025-09-16,Bangalore,Kengeri Ward,Mysore Road,12.901948,77.488856,22.52,51.17,2249.9,10.9,,33.33,Medium
RRA-02205,2025-08-19,Mumbai,Vashi Ward,Sion Panvel Highway,19.073493,73.003285,38.18,70.2,2345.1,15.5,8.31,64.06,High
RRA-02206,2025-01-02,Pune,Baner Ward,Baner Road,18.552946,73.791907,7.04,49.39,567.9,6.4,9.83,70.82,Low
RRA-02207,2025-09-03,Pune,Vadgaon Sheri Ward,Nagar Road,18.562975,73.906174,21.43,58.15,1956.3,27.7,15.05,20.82,Critical
RRA-02208,2025-10-29,Bangalore,Peenya Ward,Tumkur Road,13.026025,77.519199,29.15,75.3,1555.1,7.4,25.03,84.46,Medium
RRA-02209,2025-12-04,Chennai,Neelankarai Ward,East Coast Road,12.950506,80.259012,22.02,68.98,1599.7,26.6,14.83,44.7,Critical
RRA-02210,2025-12-20,Bangalore,Whitefield Ward,Whitefield Main Road,12.969434,77.755812,6.8,52.39,939.4,9.0,18.12,34.76,Low
RRA-02211,2025-02-28,Pune,Vadgaon Sheri Ward,Nagar Road,18.566909,73.907597,7.25,48.91,2709.5,27.7,9.28,20.82,Critical
RRA-02212,2025-12-11,Bangalore,Bellandur Ward,Sarjapur Road,12.913429,77.691806,7.84,43.11,2181.3,21.0,11.05,33.19,High
RRA-02213,2025-11-24,Hyderabad,Hussain Sagar Ward,Tank Bund Road,17.427706,78.469693,4.46,52.23,2723.1,22.2,9.24,26.42,High
RRA-02214,2025-02-26,Chennai,Tambaram Ward,GST Road,12.923799,80.102211,31.1,62.48,927.9,27.5,17.87,8.73,Critical
RRA-02215,2025-03-08,Hyderabad,Hussain Sagar Ward,Tank Bund Road,17.428987,78.48151,3.43,40.55,1184.7,22.2,16.96,26.42,Medium
RRA-02216,2025-08-22,Mumbai,Vashi Ward,Sion Panvel Highway,19.06469,73.004091,33.75,56.4,959.7,15.5,11.91,64.06,Medium
RRA-02217,2025-12-02,Bangalore,HAL Ward,Old Airport Road,12.951524,77.654357,6.0,50.23,1344.5,5.6,21.39,58.83,Low
RRA-02218,2025-08-25,Bangalore,Bellandur Ward,Sarjapur Road,12.91858,77.691357,31.27,55.62,945.9,21.0,10.75,33.19,High
RRA-02219,2025-11-09,Chennai,Koyambedu Ward,Poonamallee High Road,13.082886,80.191447,35.22,64.42,1002.0,2.5,16.46,52.88,Medium
RRA-02220,2025-12-05,Pune,Bibwewadi Ward,Pune Satara Road,18.466215,73.864635,9.67,54.29,1230.9,27.2,12.61,53.6,Medium
RRA-02221,2025-08-27,Bangalore,Bannerghatta Ward,Bannerghatta Road,12.902507,77.600814,22.82,52.61,1785.7,27.2,4.65,33.99,High
RRA-02222,2025-11-24,Delhi,Laxmi Nagar Ward,Vikas Marg,28.628626,77.278301,3.33,57.32,,9.6,,24.48,Medium
RRA-02223,2025-08-17,Chennai,Sholinganallur Ward,Old Mahabalipuram Road,12.900617,80.231985,18.84,53.28,953.7,8.9,10.51,46.95,Low
RRA-02224,2025-07-28,Bangalore,Bannerghatta Ward,Bannerghatta Road,12.88641,77.593384,35.95,68.6,1443.2,27.2,2.93,33.99,High
RRA-02225,2025-01-05,Mumbai,Ghatkopar Ward,LBS Marg,19.094458,72.90678,9.93,41.85,2770.3,8.0,15.25,64.75,Medium
RRA-02226,2025-10-26,Hyderabad,Gachibowli Ward,Outer Ring Road,17.441235,78.38138,8.54,54.61,394.3,11.2,20.4,21.41,Medium
RRA-02227,2025-03-24,Chennai,Sholinganallur Ward,Old Mahabalipuram Road,12.913772,80.226497,13.62,48.02,1567.7,8.9,17.99,46.95,Medium
RRA-02228,2025-12-13,Mumbai,Thane Ward,Ghodbunder Road,19.247612,72.984964,18.22,46.49,1483.6,18.8,9.2,60.54,Medium
RRA-02229,2025-03-28,Mumbai,Malad Ward,Link Road,19.180447,72.847536,12.96,64.03,1894.7,27.8,15.79,34.41,Critical
RRA-02230,2025-09-01,Pune,Katraj Ward,Katraj Dehu Road Bypass,18.450688,73.872428,28.09,55.91,790.6,27.9,8.69,10.35,High
RRA-02231,2025-03-25,Delhi,Dhaula Kuan Ward,Outer Ring Road,28.587764,77.160518,5.07,48.88,1807.6,27.2,10.79,32.72,High
RRA-02232,2025-09-12,Mumbai,Malad Ward,Link Road,19.1695,72.859701,15.82,61.59,1678.8,27.8,19.97,34.41,Critical
RRA-02233,2025-04-20,Bangalore,Peenya Ward,Tumkur Road,13.026696,77.521414,8.46,53.16,428.4,7.4,7.19,84.46,Low
RRA-02234,2025-01-15,Hyderabad,Uppal Ward,Uppal Road,17.39695,78.54815,3.57,48.27,721.0,22.8,12.12,33.72,Medium
RRA-02235,2025-02-16,Bangalore,Bellandur Ward,Sarjapur Road,12.911231,77.685142,13.85,56.74,809.9,21.0,4.61,33.19,Medium
RRA-02236,2025-11-14,Bangalore,Electronic City Ward,Hosur Road,12.8396,77.667209,7.32,56.57,787.7,3.2,11.57,45.63,Low
RRA-02237,2025-01-31,Chennai,Teynampet Ward,Anna Salai,13.050612,80.244905,4.32,50.18,1951.2,26.0,8.76,24.53,High
RRA-02238,2025-02-06,Chennai,Tambaram Ward,GST Road,12.92329,80.09529,15.17,47.25,1448.3,27.5,6.92,8.73,High
RRA-02239,2025-11-27,Hyderabad,Uppal Ward,Uppal Road,17.405539,78.557791,6.12,,1182.8,22.8,6.82,33.72,Medium
RRA-02240,2025-09-13,Bangalore,Bellandur Ward,Sarjapur Road,12.905749,77.670712,17.85,53.4,,21.0,,33.19,High
RRA-02241,2025-08-14,Hyderabad,Uppal Ward,Uppal Road,17.400686,78.548425,47.14,65.84,1801.2,22.8,10.13,33.72,Critical
RRA-02242,2025-11-17,Chennai,Teynampet Ward,Anna Salai,13.040328,80.241849,31.39,67.45,598.0,26.0,10.13,24.53,High
RRA-02243,2025-11-28,Pune,Bibwewadi Ward,Pune Satara Road,18.470834,73.860335,10.22,38.1,1081.5,27.2,10.79,53.6,Medium
RRA-02244,2025-05-08,Chennai,Sholinganallur Ward,Old Mahabalipuram Road,12.8955,80.219209,7.78,40.08,979.1,8.9,12.42,46.95,Low
RRA-02245,2025-08-26,Delhi,Azadpur Ward,GT Karnal Road,28.720336,77.167746,32.18,57.74,1433.7,8.5,13.66,55.67,Medium
RRA-02246,2025-02-17,Delhi,Dhaula Kuan Ward,Outer Ring Road,28.592519,77.169709,8.75,48.03,771.6,27.2,14.99,32.72,High
RRA-02247,2025-09-11,Delhi,Nizamuddin Ward,Mathura Road,28.591597,77.255906,21.61,65.13,720.9,15.6,13.07,61.4,Medium
RRA-02248,2025-04-27,Delhi,Nangloi Ward,Rohtak Road,28.688956,77.058248,8.98,51.71,1177.5,7.7,20.52,55.52,Low
RRA-02249,2025-08-31,Bangalore,Bannerghatta Ward,Bannerghatta Road,12.900176,77.607776,20.57,62.89,1441.8,27.2,6.38,33.99,High
RRA-02250,2025-09-07,Bangalore,Kengeri Ward,Mysore Road,12.902014,77.4824,28.6,65.06,2043.9,10.9,17.98,33.33,High
RRA-02251,2025-06-06,Mumbai,Ghatkopar Ward,LBS Marg,19.082558,72.90364,61.77,82.31,2216.8,8.0,22.04,64.75,Critical
RRA-02252,2025-08-21,Bangalore,Bannerghatta Ward,Bannerghatta Road,12.894513,77.59593,29.81,65.14,1049.5,27.2,14.77,33.99,High
RRA-02253,2025-12-31,Delhi,Dwarka Ward,NH48 Highway,28.594111,77.040744,16.44,52.64,3413.1,3.7,10.77,33.75,Medium
RRA-02254,2025-07-09,Hyderabad,Uppal Ward,Uppal Road,17.40198,78.553059,37.88,70.49,,22.8,10.42,33.72,Critical
RRA-02255,2025-05-01,Bangalore,Whitefield Ward,Whitefield Main Road,12.974475,77.753956,8.95,64.96,838.7,9.0,9.96,34.76,Low
RRA-02256,2025-11-26,Delhi,Nizamuddin Ward,Mathura Road,28.577745,77.258185,8.75,59.79,1145.0,15.6,14.7,61.4,Medium
RRA-02257,2025-02-12,Hyderabad,Gachibowli Ward,Outer Ring Road,17.442116,78.387546,6.35,40.99,1840.7,11.2,23.81,21.41,Medium
RRA-02258,2025-09-02,Mumbai,Chembur Ward,Eastern Express Highway,19.047086,72.910845,20.55,59.89,3241.3,22.7,29.33,49.17,Critical
RRA-02259,2025-06-29,Mumbai,Thane Ward,Ghodbunder Road,19.251673,72.981549,,82.59,1376.0,18.8,12.82,60.54,Critical
RRA-02260,2025-01-15,Pune,Bibwewadi Ward,Pune Satara Road,18.463503,73.852839,5.14,51.52,2043.8,27.2,21.17,53.6,High
RRA-02261,2025-12-31,Hyderabad,Gachibowli Ward,Outer Ring Road,17.447737,78.365017,4.61,51.45,926.0,11.2,12.77,21.41,Low
RRA-02262,2025-03-08,Chennai,Tambaram Ward,GST Road,12.922864,80.098519,5.59,51.81,1071.4,27.5,4.72,8.73,High
RRA-02263,2025-11-07,Delhi,Azadpur Ward,GT Karnal Road,28.70507,77.174612,8.46,48.81,1050.1,8.5,15.62,55.67,Low
RRA-02264,2025-01-28,Pune,Baner Ward,Baner Road,18.559514,73.782729,8.7,54.57,1193.5,6.4,3.78,70.82,Low
RRA-02265,2025-06-05,Bangalore,Whitefield Ward,Whitefield Main Road,12.968515,77.751132,20.37,56.13,1104.3,9.0,14.84,34.76,Medium
RRA-02266,2025-11-04,Delhi,Nizamuddin Ward,Mathura Road,28.585687,77.24121,7.16,51.19,1433.7,15.6,4.1,61.4,Low
RRA-02267,2025-05-11,Pune,Vadgaon Sheri Ward,Nagar Road,18.56157,73.929207,24.76,52.31,381.5,27.7,4.2,20.82,Medium
RRA-02268,2025-08-05,Mumbai,Chembur Ward,Eastern Express Highway,19.060059,72.892372,51.56,67.68,,22.7,10.83,49.17,High
RRA-02269,2025-06-29,Delhi,Dhaula Kuan Ward,Outer Ring Road,28.593761,77.162209,36.79,63.19,1221.2,27.2,24.08,32.72,Critical
RRA-02270,2025-10-15,Delhi,Nangloi Ward,Rohtak Road,28.691015,77.057775,20.5,57.81,831.1,7.7,7.34,55.52,Low
RRA-02271,2025-12-17,Hyderabad,Banjara Hills Ward,Banjara Hills Road No 12,17.417557,78.435894,18.63,60.64,6838.52464151583,24.5,9.6,34.45,High
RRA-02272,2025-10-23,Mumbai,Chembur Ward,Eastern Express Highway,19.049054,72.896049,7.79,52.56,3089.3,22.7,9.79,49.17,High
RRA-02273,2025-12-30,Bangalore,Kengeri Ward,Mysore Road,12.907824,77.483139,6.4,55.96,1641.7,10.9,5.95,33.33,Medium
RRA-02274,2025-12-15,Delhi,Dwarka Ward,NH48 Highway,28.588955,77.048018,8.56,44.87,1077.3,3.7,6.65,33.75,Low
RRA-02275,2025-10-21,Hyderabad,Uppal Ward,Uppal Road,17.409159,78.555857,8.34,53.42,2411.5,22.8,5.17,33.72,High
RRA-02276,2025-09-23,Mumbai,Andheri Ward,Western Express Highway,19.119116,72.843509,15.14,48.9,2522.1,18.2,28.8,59.23,High
RRA-02277,2025-11-28,Delhi,Dhaula Kuan Ward,Outer Ring Road,28.591805,77.160044,5.26,40.77,1012.6,27.2,30.05,32.72,High
RRA-02278,2025-03-22,Bangalore,Kengeri Ward,Mysore Road,12.912514,77.483863,12.51,49.87,1287.0,10.9,11.94,33.33,Low
RRA-02279,2025-09-10,Delhi,Laxmi Nagar Ward,Vikas Marg,28.625957,77.267519,19.63,51.98,1435.2,9.6,,24.48,Medium
RRA-02280,2025-03-11,Bangalore,Bellandur Ward,Sarjapur Road,12.909333,77.690239,8.76,,1073.4,21.0,18.81,33.19,High
RRA-02281,2025-02-24,Bangalore,Electronic City Ward,Hosur Road,12.852092,77.658427,8.78,45.86,1240.7,3.2,13.01,45.63,Low
RRA-02282,2025-01-07,Mumbai,Vashi Ward,Sion Panvel Highway,19.080403,73.009755,14.6,48.47,1264.1,15.5,9.66,64.06,Medium
RRA-02283,2025-10-16,Mumbai,Bandra Ward,SV Road,19.072202,72.812245,9.87,46.62,1611.4,13.0,11.62,25.17,Medium
RRA-02284,2025-06-15,Bangalore,Peenya Ward,Tumkur Road,13.033867,77.530078,26.97,59.28,1513.3,7.4,18.69,84.46,Medium
RRA-02285,2025-05-31,Bangalore,HAL Ward,Old Airport Road,12.955527,77.648145,26.65,59.33,1547.8,5.6,6.42,58.83,Low
RRA-02286,2025-03-22,Hyderabad,Banjara Hills Ward,Banjara Hills Road No 12,17.417753,78.429977,,,1756.4,24.5,16.65,34.45,High
RRA-02287,2025-05-13,Mumbai,Bandra Ward,SV Road,19.070875,72.831982,38.13,67.94,1334.6,13.0,19.28,25.17,High
RRA-02288,2025-10-24,Bangalore,Electronic City Ward,Hosur Road,12.847714,77.660779,25.09,67.42,955.1,3.2,25.26,45.63,Medium
RRA-02289,2025-02-13,Chennai,Sholinganallur Ward,Old Mahabalipuram Road,12.890258,80.22913,12.42,55.7,2924.4,8.9,12.16,46.95,Medium
RRA-02290,2025-07-04,Delhi,Azadpur Ward,GT Karnal Road,28.709515,77.168595,37.17,67.68,1342.0,8.5,7.82,55.67,Medium
RRA-02291,2025-01-27,Pune,Baner Ward,Baner Road,18.56644,73.782937,3.76,47.94,3845.3,6.4,17.79,70.82,Medium
RRA-02292,2025-07-14,Bangalore,HAL Ward,Old Airport Road,12.955628,77.644607,35.29,68.52,1036.5,5.6,13.34,58.83,Medium
RRA-02293,2025-05-29,Hyderabad,Hussain Sagar Ward,Tank Bund Road,17.427039,78.478877,16.08,59.7,2379.1,22.2,21.24,26.42,Critical
RRA-02294,2025-08-18,Mumbai,Chembur Ward,Eastern Express Highway,19.050808,72.898321,45.27,73.75,1068.2,22.7,15.61,49.17,High
RRA-02295,2025-01-19,Bangalore,Bellandur Ward,Sarjapur Road,12.909209,77.69763,9.18,50.78,1707.1,21.0,27.18,33.19,High
RRA-02296,2025-03-16,Chennai,Teynampet Ward,Anna Salai,13.040998,80.248648,4.0,56.07,1998.7,26.0,4.23,24.53,High
RRA-02297,2025-09-06,Pune,Katraj Ward,Katraj Dehu Road Bypass,18.451425,73.850455,29.64,62.74,1882.9,27.9,12.55,10.35,Critical
RRA-02298,2025-07-28,Hyderabad,Banjara Hills Ward,Banjara Hills Road No 12,17.415771,78.430766,45.61,69.45,793.9,24.5,19.34,34.45,Critical
RRA-02299,2025-03-15,Hyderabad,Gachibowli Ward,Outer Ring Road,17.452978,78.383988,7.07,47.49,1239.9,11.2,13.31,21.41,Medium
RRA-02300,2025-03-31,Chennai,Sholinganallur Ward,Old Mahabalipuram Road,12.906771,80.218986,14.99,49.31,568.5,8.9,6.15,46.95,Low
RRA-02301,2025-07-14,Delhi,Dwarka Ward,NH48 Highway,28.595138,77.046208,43.98,66.12,896.4,3.7,10.61,33.75,Medium
RRA-02302,2025-02-16,Hyderabad,Hussain Sagar Ward,Tank Bund Road,17.411456,78.471358,,52.25,872.0,22.2,13.0,26.42,Medium
RRA-02303,2025-10-08,Mumbai,Ghatkopar Ward,LBS Marg,19.097984,72.912451,7.98,54.3,2197.0,8.0,,64.75,Low
RRA-02304,2025-05-04,Bangalore,HAL Ward,Old Airport Road,12.96536,77.651284,20.11,57.65,905.5,5.6,17.87,58.83,Low
RRA-02305,2025-03-01,Pune,Katraj Ward,Katraj Dehu Road Bypass,18.459027,73.868993,4.69,57.21,2041.5,27.9,2.98,10.35,High
RRA-02306,2025-03-31,Bangalore,HAL Ward,Old Airport Road,12.951797,77.652467,4.39,45.04,964.7,5.6,5.16,58.83,Low
RRA-02307,2025-10-10,Pune,Katraj Ward,Katraj Dehu Road Bypass,18.445956,73.86634,5.82,45.64,816.5,27.9,15.72,10.35,High
RRA-02308,2025-08-20,Hyderabad,Gachibowli Ward,Outer Ring Road,17.438242,78.374658,44.97,74.24,448.1,11.2,,21.41,Medium
RRA-02309,2025-04-20,Mumbai,Thane Ward,Ghodbunder Road,19.250433,72.974587,17.54,60.12,793.5,18.8,11.61,60.54,Medium
RRA-02310,2025-03-15,Pune,Katraj Ward,Katraj Dehu Road Bypass,18.454645,73.859465,7.13,62.22,990.7,27.9,13.76,10.35,High
RRA-02311,2025-09-27,Hyderabad,Gachibowli Ward,Outer Ring Road,17.445422,78.364338,23.22,51.88,1453.9,11.2,4.64,21.41,Medium
RRA-02312,2025-01-30,Chennai,Neelankarai Ward,East Coast Road,12.954746,80.25489,8.29,42.98,511.3,26.6,20.09,44.7,Medium
RRA-02313,2025-10-04,Delhi,Azadpur Ward,GT Karnal Road,28.711831,77.171496,12.48,46.37,523.3,8.5,7.82,55.67,Low
RRA-02314,2025-10-11,Bangalore,Peenya Ward,Tumkur Road,13.032714,77.529852,5.72,55.02,3216.5,7.4,16.47,84.46,Medium
RRA-02315,2025-07-25,Bangalore,Bellandur Ward,Sarjapur Road,12.905344,77.684742,37.41,70.41,100.0,21.0,7.23,33.19,Medium
RRA-02316,2025-10-09,Chennai,Neelankarai Ward,East Coast Road,12.958739,80.256141,28.68,73.1,802.9,26.6,18.29,44.7,High
RRA-02317,2025-11-25,Mumbai,Ghatkopar Ward,LBS Marg,19.093623,72.905624,6.28,44.61,2232.2,8.0,18.47,64.75,Medium
RRA-02318,2025-04-16,Mumbai,Bandra Ward,SV Road,19.067733,72.836665,17.09,61.17,2282.4,13.0,7.34,25.17,Medium
RRA-02319,2025-09-01,Delhi,Dhaula Kuan Ward,Outer Ring Road,28.595378,77.163999,26.25,66.3,2113.3,27.2,8.07,32.72,Critical
RRA-02320,2025-04-20,Mumbai,Ghatkopar Ward,LBS Marg,19.084778,72.912951,17.69,63.54,512.4,8.0,23.46,64.75,Medium
RRA-02321,2025-07-31,Mumbai,Vashi Ward,Sion Panvel Highway,19.077666,72.9983,51.46,89.62,,15.5,16.05,64.06,Critical
RRA-02322,2025-05-01,Chennai,Teynampet Ward,Anna Salai,13.044223,80.240863,6.11,40.72,1612.6,26.0,13.93,24.53,High
RRA-02323,2025-07-23,Pune,Baner Ward,Baner Road,18.568108,73.783626,42.83,63.81,1101.7,6.4,11.41,70.82,Medium
RRA-02324,2025-05-21,Mumbai,Thane Ward,Ghodbunder Road,19.231556,72.988456,40.54,72.37,1004.0,18.8,8.63,60.54,Medium
RRA-02325,2025-10-03,Hyderabad,Uppal Ward,Uppal Road,17.40281,78.552556,10.97,58.97,1054.4,22.8,11.48,33.72,Medium
RRA-02326,2025-04-09,Chennai,Neelankarai Ward,East Coast Road,12.963461,80.25404,10.35,,1205.4,26.6,5.82,44.7,Medium
RRA-02327,2025-07-06,Pune,Katraj Ward,Katraj Dehu Road Bypass,18.460686,73.859348,41.22,62.86,1411.9,27.9,14.94,10.35,Critical
RRA-02328,2025-07-04,Pune,Vadgaon Sheri Ward,Nagar Road,18.561001,73.912712,39.56,74.32,1253.8,27.7,11.83,20.82,Critical
RRA-02329,2025-06-09,Bangalore,Kengeri Ward,Mysore Road,12.916244,77.488449,24.85,56.0,1559.7,10.9,18.7,33.33,Medium
RRA-02330,2025-12-06,Bangalore,HAL Ward,Old Airport Road,12.962988,77.655176,19.27,60.59,1410.5,5.6,5.23,58.83,Low
RRA-02331,2025-12-10,Mumbai,Thane Ward,Ghodbunder Road,19.243126,72.98251,5.73,49.08,2049.8,18.8,13.85,60.54,Medium
RRA-02332,2025-06-05,Hyderabad,Gachibowli Ward,Outer Ring Road,17.443512,78.380616,24.28,62.56,1826.5,11.2,3.86,21.41,Medium
RRA-02333,2025-06-24,Pune,Katraj Ward,Katraj Dehu Road Bypass,18.455673,73.872812,41.39,61.06,,27.9,10.23,10.35,Critical
RRA-02334,2025-03-29,Hyderabad,Uppal Ward,Uppal Road,17.40304,78.553144,4.05,48.02,957.0,22.8,7.96,33.72,Medium
RRA-02335,2025-12-26,Mumbai,Malad Ward,Link Road,19.182349,72.850344,11.91,58.59,1721.4,27.8,,34.41,High
RRA-02336,2025-09-15,Hyderabad,Uppal Ward,Uppal Road,17.403695,78.5529,25.76,63.76,3282.5,22.8,30.05,33.72,Critical
RRA-02337,2025-12-07,Delhi,Nangloi Ward,Rohtak Road,28.677444,77.056151,9.6,49.43,899.6,7.7,19.0,55.52,Low
RRA-02338,2025-05-05,Delhi,Nangloi Ward,Rohtak Road,28.679185,77.064629,,44.0,798.6,7.7,19.53,55.52,Low
RRA-02339,2025-04-08,Bangalore,Whitefield Ward,Whitefield Main Road,12.965756,77.748521,10.45,49.74,1536.5,9.0,13.19,34.76,Medium
RRA-02340,2025-12-22,Mumbai,Ghatkopar Ward,LBS Marg,19.082187,72.899166,6.87,50.9,1518.3,8.0,21.47,64.75,Medium
RRA-02341,2025-06-15,Pune,Baner Ward,Baner Road,18.56695,73.789328,34.51,64.0,2117.5,6.4,4.72,70.82,Medium
RRA-02342,2025-12-20,Mumbai,Andheri Ward,Western Express Highway,19.112984,72.841058,7.77,48.82,972.4,18.2,13.37,59.23,Medium
RRA-02343,2025-05-03,Pune,Bibwewadi Ward,Pune Satara Road,18.483638,73.865088,20.91,64.35,1005.3,27.2,11.75,53.6,High
RRA-02344,2025-11-25,Pune,Baner Ward,Baner Road,18.560322,73.774368,18.14,55.58,1323.8,6.4,8.86,70.82,Low
RRA-02345,2025-03-06,Mumbai,Ghatkopar Ward,LBS Marg,19.087452,72.917653,6.5,43.69,567.3,8.0,26.6,64.75,Low
RRA-02346,2025-08-07,Hyderabad,Banjara Hills Ward,Banjara Hills Road No 12,17.42132,78.426054,44.06,67.14,839.4,24.5,6.23,34.45,High
RRA-02347,2025-02-10,Bangalore,Peenya Ward,Tumkur Road,13.023801,77.533362,13.52,51.06,1051.8,7.4,10.15,84.46,Low
RRA-02348,2025-08-09,Chennai,Sholinganallur Ward,Old Mahabalipuram Road,12.890526,80.223003,7.71,53.54,803.9,8.9,,46.95,Low
RRA-02349,2025-12-09,Mumbai,Chembur Ward,Eastern Express Highway,19.051544,72.903434,7.62,50.45,1474.8,22.7,14.38,49.17,Medium
RRA-02350,2025-05-10,Bangalore,Bellandur Ward,Sarjapur Road,12.905242,77.690621,12.97,54.81,1621.1,21.0,,33.19,Medium
RRA-02351,2025-10-22,Chennai,Teynampet Ward,Anna Salai,13.050163,80.243304,43.47,62.29,1149.6,26.0,28.36,24.53,Critical
RRA-02352,2025-02-02,Mumbai,Vashi Ward,Sion Panvel Highway,19.08669,73.011165,10.56,49.82,1478.5,15.5,9.96,64.06,Medium
RRA-02353,2025-06-10,Hyderabad,Hussain Sagar Ward,Tank Bund Road,17.419096,78.473323,18.23,46.81,1069.1,22.2,9.36,26.42,Medium
RRA-02354,2025-03-17,Hyderabad,Uppal Ward,Uppal Road,17.40783,78.560848,5.81,44.04,1638.5,22.8,2.0,33.72,Medium
RRA-02355,2025-10-12,Chennai,Sholinganallur Ward,Old Mahabalipuram Road,12.90433,80.220624,37.81,,1487.4,8.9,43.06,46.95,Critical
RRA-02356,2025-04-24,Delhi,Nangloi Ward,Rohtak Road,28.681556,77.054941,7.42,48.57,2088.3,7.7,4.27,55.52,Low
RRA-02357,2025-01-12,Chennai,Sholinganallur Ward,Old Mahabalipuram Road,12.909101,80.231134,13.98,45.7,1309.8,8.9,12.34,46.95,Low
RRA-02358,2025-05-01,Mumbai,Chembur Ward,Eastern Express Highway,19.059835,72.891453,26.01,60.45,1132.1,22.7,2.72,49.17,Medium
RRA-02359,2025-03-06,Bangalore,Kengeri Ward,Mysore Road,12.907206,77.488552,9.4,47.84,1917.4,10.9,8.94,33.33,Medium
RRA-02360,2025-03-23,Chennai,Neelankarai Ward,East Coast Road,12.949976,80.252969,9.6,56.81,1594.9,26.6,9.89,44.7,High
RRA-02361,2025-04-13,Delhi,Dwarka Ward,NH48 Highway,28.595706,77.049053,11.57,44.19,1092.7,3.7,18.92,33.75,Low
RRA-02362,2025-07-01,Bangalore,Kengeri Ward,Mysore Road,12.909488,77.48499,35.84,62.39,421.1,10.9,23.89,33.33,Medium
RRA-02363,2025-04-13,Bangalore,Whitefield Ward,Whitefield Main Road,12.962508,77.74794,12.9,62.34,946.3,9.0,8.77,34.76,Low
RRA-02364,2025-12-31,Bangalore,Peenya Ward,Tumkur Road,13.031205,77.515169,5.28,35.86,1229.7,7.4,5.32,84.46,Low
RRA-02365,2025-04-13,Mumbai,Chembur Ward,Eastern Express Highway,19.055085,72.899488,15.21,52.59,2048.1,22.7,6.31,49.17,High
RRA-02366,2025-06-14,Bangalore,Bellandur Ward,Sarjapur Road,12.909195,77.679903,26.35,59.33,1710.7,21.0,23.61,33.19,Critical
RRA-02367,2025-07-06,Bangalore,Whitefield Ward,Whitefield Main Road,12.962024,77.748934,35.75,57.01,1109.5,9.0,,34.76,High
RRA-02368,2025-12-30,Bangalore,Whitefield Ward,Whitefield Main Road,12.964535,77.758495,8.22,49.08,1415.6,9.0,16.29,34.76,Medium
RRA-02369,2025-11-20,Hyderabad,Hussain Sagar Ward,Tank Bund Road,17.424741,78.473923,10.74,54.82,2003.0,22.2,6.71,26.42,High
RRA-02370,2025-09-19,Delhi,Azadpur Ward,GT Karnal Road,28.715013,77.178612,30.86,64.6,1087.7,8.5,24.15,55.67,Medium
RRA-02371,2025-05-01,Delhi,Dhaula Kuan Ward,Outer Ring Road,28.593428,77.163323,18.43,54.39,1527.6,27.2,9.36,32.72,High
RRA-02372,2025-10-15,Hyderabad,Uppal Ward,Uppal Road,17.400458,78.554979,19.56,66.82,880.5,22.8,9.45,33.72,Medium
RRA-02373,2025-05-16,Bangalore,Marathahalli Ward,Outer Ring Road,12.957153,77.696902,12.21,52.67,115.6,15.6,11.12,54.34,Low
RRA-02374,2025-03-20,Hyderabad,Uppal Ward,Uppal Road,17.410799,78.55508,18.73,55.83,1017.6,22.8,18.89,33.72,High
RRA-02375,2025-03-30,Mumbai,Bandra Ward,SV Road,19.066804,72.82374,17.18,54.37,1889.0,13.0,9.32,25.17,Medium
RRA-02376,2025-09-13,Delhi,Nizamuddin Ward,Mathura Road,28.588087,77.259843,15.32,52.09,100.0,15.6,12.21,61.4,Low
RRA-02377,2025-09-19,Pune,Vadgaon Sheri Ward,Nagar Road,18.55991,73.909856,14.59,49.45,1459.5,27.7,18.43,20.82,High
RRA-02378,2025-09-12,Bangalore,Whitefield Ward,Whitefield Main Road,12.969102,77.755294,15.55,66.33,1260.3,9.0,,34.76,High
RRA-02379,2025-11-15,Pune,Bibwewadi Ward,Pune Satara Road,18.475146,73.871087,9.53,48.05,1143.8,27.2,12.05,53.6,Medium
RRA-02380,2025-03-20,Hyderabad,Gachibowli Ward,Outer Ring Road,17.440367,78.38303,5.23,53.93,793.7,11.2,12.76,21.41,Low
RRA-02381,2025-03-12,Delhi,Dwarka Ward,NH48 Highway,28.584633,77.047736,14.61,42.44,1786.4,3.7,28.25,33.75,Medium
RRA-02382,2025-11-20,Bangalore,Peenya Ward,Tumkur Road,13.029748,77.519856,3.11,59.03,3292.8,7.4,6.12,84.46,Medium
RRA-02383,2025-09-23,Bangalore,Whitefield Ward,Whitefield Main Road,12.965098,77.744584,15.38,55.0,1074.8,9.0,3.69,34.76,Low
RRA-02384,2025-02-07,Bangalore,Electronic City Ward,Hosur Road,12.86081,77.671068,3.14,48.74,1401.7,3.2,13.27,45.63,Low
RRA-02385,2025-03-10,Delhi,Nizamuddin Ward,Mathura Road,28.582262,77.252543,5.43,42.39,588.7,15.6,27.11,61.4,Medium
RRA-02386,2025-04-12,Mumbai,Thane Ward,Ghodbunder Road,19.2354,72.985788,17.58,52.48,,18.8,10.07,60.54,High
RRA-02387,2025-12-08,Delhi,Dhaula Kuan Ward,Outer Ring Road,28.586556,77.163852,17.11,51.5,1147.4,27.2,12.02,32.72,High
RRA-02388,2025-11-26,Pune,Vadgaon Sheri Ward,Nagar Road,18.558632,73.908977,13.7,56.61,8322.7368218162,27.7,,20.82,Critical
RRA-02389,2025-06-27,Mumbai,Bandra Ward,SV Road,19.061761,72.818582,62.06,82.53,1665.8,13.0,11.49,25.17,Critical
RRA-02390,2025-04-26,Delhi,Nangloi Ward,Rohtak Road,28.678826,77.072523,10.68,47.99,1477.3,7.7,9.18,55.52,Low
RRA-02391,2025-09-19,Hyderabad,Uppal Ward,Uppal Road,17.408011,78.564602,21.52,,1247.2,22.8,19.17,33.72,High
RRA-02392,2025-04-14,Chennai,Neelankarai Ward,East Coast Road,12.952252,80.25847,6.9,42.28,1340.2,26.6,9.27,44.7,Medium
RRA-02393,2025-08-09,Bangalore,Electronic City Ward,Hosur Road,12.849267,77.669044,36.56,68.08,1560.5,3.2,2.0,45.63,Low
RRA-02394,2025-11-03,Chennai,Tambaram Ward,GST Road,12.927593,80.095313,35.72,73.73,2012.3,27.5,6.44,8.73,Critical
RRA-02395,2025-07-17,Mumbai,Bandra Ward,SV Road,19.070105,72.822097,67.67,79.53,674.5,13.0,10.3,25.17,High
RRA-02396,2025-09-01,Delhi,Laxmi Nagar Ward,Vikas Marg,28.628149,77.271453,28.97,62.79,1064.6,9.6,7.12,24.48,Medium
RRA-02397,2025-11-10,Pune,Katraj Ward,Katraj Dehu Road Bypass,18.444049,73.866221,4.53,45.76,398.0,27.9,10.54,10.35,Medium
RRA-02398,2025-10-02,Mumbai,Chembur Ward,Eastern Express Highway,19.049857,72.907386,18.73,61.5,684.1,22.7,11.34,49.17,Medium
RRA-02399,2025-06-19,Mumbai,Thane Ward,Ghodbunder Road,19.241532,72.985355,65.47,77.33,616.1,18.8,16.81,60.54,Critical
RRA-02400,2025-12-11,Bangalore,HAL Ward,Old Airport Road,12.96263,77.645362,2.6,,1167.6,5.6,14.41,58.83,Low
RRA-02401,2025-05-27,Bangalore,Whitefield Ward,Whitefield Main Road,12.96714,77.742567,23.88,57.55,,9.0,6.1,34.76,Medium
RRA-02402,2025-01-23,Pune,Vadgaon Sheri Ward,Nagar Road,18.552284,73.908057,13.8,58.22,2460.7,27.7,9.4,20.82,Critical
RRA-02403,2025-09-02,Delhi,Laxmi Nagar Ward,Vikas Marg,28.638655,77.280631,23.2,48.72,100.0,9.6,7.15,24.48,Low
RRA-02404,2025-03-12,Mumbai,Ghatkopar Ward,LBS Marg,19.08358,72.921972,16.41,,230.9,8.0,11.82,64.75,Low
RRA-02405,2025-04-23,Hyderabad,Banjara Hills Ward,Banjara Hills Road No 12,17.417475,78.444036,8.56,58.77,1590.2,24.5,10.58,34.45,High
RRA-02406,2025-05-04,Bangalore,Whitefield Ward,Whitefield Main Road,12.970313,77.739706,12.35,54.34,2514.1,9.0,6.57,34.76,Medium
RRA-02407,2025-06-16,Hyderabad,Banjara Hills Ward,Banjara Hills Road No 12,17.417085,78.431642,24.66,63.4,1220.0,24.5,21.18,34.45,High
RRA-02408,2025-10-02,Delhi,Dhaula Kuan Ward,Outer Ring Road,28.597425,77.171315,14.2,48.12,3324.5,27.2,11.62,32.72,Critical
RRA-02409,2025-08-06,Bangalore,Bannerghatta Ward,Bannerghatta Road,12.899938,77.594879,31.01,58.42,1058.0,27.2,13.78,33.99,High
RRA-02410,2025-09-25,Delhi,Dhaula Kuan Ward,Outer Ring Road,28.597553,77.175465,35.17,64.16,732.8,27.2,10.01,32.72,High
RRA-02411,2025-08-25,Mumbai,Chembur Ward,Eastern Express Highway,19.061517,72.88972,46.64,71.99,1431.7,22.7,7.96,49.17,High
RRA-02412,2025-11-11,Bangalore,Whitefield Ward,Whitefield Main Road,12.965871,77.746936,13.56,50.86,2136.3,9.0,3.91,34.76,Medium
RRA-02413,2025-03-22,Mumbai,Thane Ward,Ghodbunder Road,19.242739,72.975235,,65.28,2217.5,18.8,8.39,60.54,Medium
RRA-02414,2025-08-21,Hyderabad,Banjara Hills Ward,Banjara Hills Road No 12,17.426178,78.433844,29.59,63.82,,24.5,8.75,34.45,High
RRA-02415,2025-02-02,Mumbai,Vashi Ward,Sion Panvel Highway,19.066964,72.982205,17.15,62.49,2257.2,15.5,8.27,64.06,Medium
RRA-02416,2025-01-05,Chennai,Sholinganallur Ward,Old Mahabalipuram Road,12.899504,80.229651,3.97,37.67,1134.3,8.9,7.25,46.95,Low
RRA-02417,2025-08-11,Hyderabad,Hussain Sagar Ward,Tank Bund Road,17.419406,78.467668,36.56,68.29,100.0,22.2,14.04,26.42,High
RRA-02418,2025-08-27,Delhi,Nangloi Ward,Rohtak Road,28.674307,77.057469,26.31,67.41,1685.0,7.7,17.98,55.52,Medium
RRA-02419,2025-11-13,Pune,Vadgaon Sheri Ward,Nagar Road,18.552378,73.909771,10.22,47.84,646.7,27.7,2.79,20.82,Medium
RRA-02420,2025-08-01,Chennai,Tambaram Ward,GST Road,12.92208,80.105812,8.4,46.5,2120.6,27.5,14.47,8.73,Critical
RRA-02421,2025-06-22,Chennai,Teynampet Ward,Anna Salai,13.039769,80.249344,13.38,58.79,1128.7,26.0,9.08,24.53,High
RRA-02422,2025-03-02,Mumbai,Malad Ward,Link Road,19.18691,72.856165,8.14,38.75,2167.7,27.8,6.18,34.41,High
RRA-02423,2025-04-16,Mumbai,Bandra Ward,SV Road,19.058335,72.827298,21.81,65.11,1569.9,13.0,11.15,25.17,Medium
RRA-02424,2025-06-30,Bangalore,Bellandur Ward,Sarjapur Road,12.91304,77.691841,33.95,58.34,1910.5,21.0,7.78,33.19,High
RRA-02425,2025-04-08,Delhi,Dwarka Ward,NH48 Highway,28.597884,77.045414,13.44,58.71,645.6,3.7,8.95,33.75,Low
RRA-02426,2025-11-07,Pune,Baner Ward,Baner Road,18.544283,73.787892,,45.29,,6.4,5.23,70.82,Low
RRA-02427,2025-12-12,Pune,Vadgaon Sheri Ward,Nagar Road,18.555598,73.919498,5.69,63.49,1604.6,27.7,23.84,20.82,Critical
RRA-02428,2025-10-04,Delhi,Laxmi Nagar Ward,Vikas Marg,28.625836,77.268361,8.33,42.59,320.8,9.6,14.1,24.48,Low
RRA-02429,2025-10-01,Bangalore,Bannerghatta Ward,Bannerghatta Road,12.892422,77.599599,9.7,58.93,933.1,27.2,13.24,33.99,High
RRA-02430,2025-02-15,Mumbai,Thane Ward,Ghodbunder Road,19.227417,72.98409,13.14,54.18,1616.4,18.8,12.82,60.54,Medium
RRA-02431,2025-05-29,Bangalore,Whitefield Ward,Whitefield Main Road,12.970508,77.737403,25.89,65.46,1552.6,9.0,13.81,34.76,Medium
RRA-02432,2025-03-31,Hyderabad,Gachibowli Ward,Outer Ring Road,17.448331,78.38263,5.24,42.09,,11.2,13.74,21.41,Low
RRA-02433,2025-12-06,Mumbai,Thane Ward,Ghodbunder Road,19.237403,72.981119,6.31,53.74,,18.8,4.92,60.54,Low
RRA-02434,2025-05-30,Mumbai,Ghatkopar Ward,LBS Marg,19.071948,72.910182,51.91,79.53,1023.4,8.0,13.75,64.75,Medium
RRA-02435,2025-02-23,Bangalore,Whitefield Ward,Whitefield Main Road,12.976775,77.749779,6.5,49.15,3420.2,9.0,20.32,34.76,High
RRA-02436,2025-02-19,Bangalore,Marathahalli Ward,Outer Ring Road,12.960128,77.699512,4.54,52.99,1268.2,15.6,20.81,54.34,Medium
RRA-02437,2025-12-31,Mumbai,Thane Ward,Ghodbunder Road,19.242972,72.969364,8.47,53.37,,18.8,20.37,60.54,Medium
RRA-02438,2025-08-04,Mumbai,Vashi Ward,Sion Panvel Highway,19.074607,73.00226,57.31,88.42,2056.3,15.5,10.09,64.06,Critical
RRA-02439,2025-04-16,Delhi,Nizamuddin Ward,Mathura Road,28.592009,77.257815,8.31,51.89,2067.5,15.6,12.16,61.4,Medium
RRA-02440,2025-06-08,Pune,Bibwewadi Ward,Pune Satara Road,18.463182,73.855571,28.55,63.53,2017.4,27.2,28.53,53.6,Critical
RRA-02441,2025-12-10,Delhi,Nangloi Ward,Rohtak Road,28.689946,77.062088,5.14,45.02,2573.8,7.7,12.1,55.52,Medium
RRA-02442,2025-02-25,Hyderabad,Hussain Sagar Ward,Tank Bund Road,17.42366,78.471161,4.46,50.52,,22.2,11.48,26.42,Medium
RRA-02443,2025-01-17,Delhi,Dhaula Kuan Ward,Outer Ring Road,28.598422,77.168065,13.44,48.8,1607.7,27.2,14.67,32.72,High
RRA-02444,2025-02-21,Bangalore,Bellandur Ward,Sarjapur Road,12.915943,77.686438,8.76,65.33,1119.2,21.0,10.39,33.19,Medium
RRA-02445,2025-07-23,Bangalore,Whitefield Ward,Whitefield Main Road,12.965532,77.743534,44.56,67.16,1353.4,9.0,9.07,34.76,Medium
RRA-02446,2025-09-17,Bangalore,Marathahalli Ward,Outer Ring Road,12.948941,77.706714,15.38,53.33,2028.3,15.6,17.62,54.34,Medium
RRA-02447,2025-07-11,Mumbai,Chembur Ward,Eastern Express Highway,19.043544,72.899997,,82.64,1705.1,22.7,4.33,49.17,Critical
RRA-02448,2025-09-15,Delhi,Nizamuddin Ward,Mathura Road,28.591929,77.245992,20.31,58.9,961.9,15.6,13.96,61.4,Medium
RRA-02449,2025-07-14,Bangalore,Electronic City Ward,Hosur Road,12.835611,77.662973,32.99,63.19,2140.2,3.2,14.16,45.63,Medium
RRA-02450,2025-07-04,Bangalore,Bellandur Ward,Sarjapur Road,12.914025,77.686864,36.09,73.1,1671.4,21.0,14.3,33.19,Critical
RRA-02451,2025-01-27,Bangalore,Electronic City Ward,Hosur Road,12.847914,77.667092,8.01,49.95,1306.0,3.2,11.25,45.63,Low
RRA-02452,2025-10-08,Delhi,Dwarka Ward,NH48 Highway,28.597164,77.053241,8.08,47.07,1622.8,3.7,6.74,33.75,Low
RRA-02453,2025-12-09,Mumbai,Chembur Ward,Eastern Express Highway,19.045964,72.89419,15.02,54.04,956.9,22.7,18.19,49.17,High
RRA-02454,2025-03-21,Bangalore,Electronic City Ward,Hosur Road,12.840885,77.669328,5.22,46.52,727.9,3.2,2.87,45.63,Low
RRA-02455,2025-11-13,Hyderabad,Uppal Ward,Uppal Road,17.397932,78.552061,14.42,51.93,1178.9,22.8,21.65,33.72,High
RRA-02456,2025-07-30,Bangalore,HAL Ward,Old Airport Road,12.956835,77.648551,41.16,77.88,385.0,5.6,10.57,58.83,Low
RRA-02457,2025-08-25,Pune,Katraj Ward,Katraj Dehu Road Bypass,18.44665,73.856769,24.7,58.26,1626.3,27.9,5.42,10.35,Critical
RRA-02458,2025-02-13,Delhi,Dhaula Kuan Ward,Outer Ring Road,28.585531,77.16806,4.52,48.84,3132.0,27.2,9.58,32.72,Critical
RRA-02459,2025-04-02,Hyderabad,Hussain Sagar Ward,Tank Bund Road,17.429966,78.470004,10.7,57.3,722.3,22.2,16.41,26.42,Medium
RRA-02460,2025-03-18,Delhi,Dhaula Kuan Ward,Outer Ring Road,28.598965,77.158227,8.39,55.44,344.0,27.2,17.2,32.72,Medium
RRA-02461,2025-01-05,Bangalore,HAL Ward,Old Airport Road,12.961829,77.654338,,63.34,3036.0,5.6,3.99,58.83,Medium
RRA-02462,2025-07-27,Pune,Vadgaon Sheri Ward,Nagar Road,18.561382,73.916532,39.48,,1484.7,27.7,9.39,20.82,Critical
RRA-02463,2025-10-26,Delhi,Dhaula Kuan Ward,Outer Ring Road,28.5977,77.15947,9.87,54.06,723.9,27.2,11.14,32.72,Medium
RRA-02464,2025-06-12,Pune,Baner Ward,Baner Road,18.557317,73.788208,46.08,66.94,1410.9,6.4,20.69,70.82,Medium
RRA-02465,2025-10-04,Chennai,Sholinganallur Ward,Old Mahabalipuram Road,12.909565,80.218828,27.07,57.6,848.8,8.9,12.78,46.95,Medium
RRA-02466,2025-01-07,Delhi,Nizamuddin Ward,Mathura Road,28.587195,77.252538,5.49,45.2,7186.599631047281,15.6,6.23,61.4,Low
RRA-02467,2025-09-01,Chennai,Teynampet Ward,Anna Salai,13.034891,80.247372,14.51,45.81,2396.1,26.0,3.28,24.53,High
RRA-02468,2025-11-02,Bangalore,Kengeri Ward,Mysore Road,12.914181,77.492774,4.52,48.55,2771.2,10.9,15.98,33.33,Medium
RRA-02469,2025-05-04,Chennai,Tambaram Ward,GST Road,12.924999,80.09052,6.09,48.1,2359.9,27.5,6.13,8.73,High
RRA-02470,2025-03-15,Pune,Katraj Ward,Katraj Dehu Road Bypass,18.449816,73.865692,15.22,,1605.5,27.9,7.54,10.35,High
RRA-02471,2025-03-06,Chennai,Tambaram Ward,GST Road,12.931557,80.104017,3.04,47.63,1116.0,27.5,6.57,8.73,Medium
RRA-02472,2025-11-16,Hyderabad,Gachibowli Ward,Outer Ring Road,17.448344,78.390733,6.26,47.11,864.9,11.2,12.75,21.41,Low
RRA-02473,2025-05-14,Pune,Baner Ward,Baner Road,18.560289,73.782657,16.74,57.75,1059.0,6.4,6.5,70.82,Low
RRA-02474,2025-05-12,Bangalore,HAL Ward,Old Airport Road,12.95591,77.655616,17.31,45.03,2088.9,5.6,7.58,58.83,Low
RRA-02475,2025-09-26,Chennai,Sholinganallur Ward,Old Mahabalipuram Road,12.891152,80.224054,24.18,60.96,715.1,8.9,15.47,46.95,Medium
RRA-02476,2025-02-06,Delhi,Nangloi Ward,Rohtak Road,28.675608,77.057323,3.65,36.06,3106.4,7.7,13.01,55.52,Medium
RRA-02477,2025-07-24,Chennai,Teynampet Ward,Anna Salai,13.052753,80.247426,9.93,54.59,2244.2,26.0,15.04,24.53,High
RRA-02478,2025-01-01,Mumbai,Thane Ward,Ghodbunder Road,19.24055,72.970142,41.92,77.29,3079.5,18.8,10.95,60.54,Critical
RRA-02479,2025-01-17,Delhi,Nangloi Ward,Rohtak Road,28.686053,77.056457,4.36,48.67,774.7,7.7,6.2,55.52,Low
RRA-02480,2025-09-07,Mumbai,Ghatkopar Ward,LBS Marg,19.085136,72.915771,22.28,55.99,2481.3,8.0,9.72,64.75,Medium
RRA-02481,2025-09-25,Bangalore,Bellandur Ward,Sarjapur Road,12.914032,77.685633,14.6,66.01,1283.2,21.0,23.57,33.19,High
RRA-02482,2025-03-13,Mumbai,Vashi Ward,Sion Panvel Highway,19.064326,72.998652,,40.74,,15.5,20.98,64.06,Medium
RRA-02483,2025-09-03,Delhi,Dhaula Kuan Ward,Outer Ring Road,28.586914,77.165661,22.32,58.89,966.5,27.2,19.55,32.72,High
RRA-02484,2025-09-04,Chennai,Tambaram Ward,GST Road,12.9243,80.106422,20.36,67.95,6440.663864973157,27.5,9.3,8.73,Critical
RRA-02485,2025-07-26,Delhi,Dhaula Kuan Ward,Outer Ring Road,28.591279,77.161747,37.68,64.52,1235.1,27.2,4.77,32.72,High
RRA-02486,2025-08-09,Bangalore,Kengeri Ward,Mysore Road,12.899488,77.482024,29.26,69.42,529.1,10.9,8.69,33.33,Medium
RRA-02487,2025-07-26,Bangalore,Bellandur Ward,Sarjapur Road,12.908625,77.682575,36.74,61.13,1509.3,21.0,11.26,33.19,High
RRA-02488,2025-09-14,Bangalore,Bellandur Ward,Sarjapur Road,12.916802,77.684042,13.9,66.36,740.4,21.0,3.65,33.19,Medium
RRA-02489,2025-08-20,Hyderabad,Banjara Hills Ward,Banjara Hills Road No 12,17.410222,78.436174,32.01,64.84,1006.0,24.5,6.24,34.45,High
RRA-02490,2025-02-27,Hyderabad,Gachibowli Ward,Outer Ring Road,17.440892,78.374229,3.76,51.77,1671.2,11.2,12.21,21.41,Medium
RRA-02491,2025-10-14,Delhi,Dwarka Ward,NH48 Highway,28.593539,77.052622,8.46,45.12,1207.2,3.7,12.13,33.75,Low
RRA-02492,2025-02-08,Delhi,Dhaula Kuan Ward,Outer Ring Road,28.586604,77.162788,8.29,52.48,1401.6,27.2,10.93,32.72,High
RRA-02493,2025-04-17,Hyderabad,Gachibowli Ward,Outer Ring Road,17.447948,78.375903,10.39,52.0,1853.6,11.2,13.78,21.41,Medium
RRA-02494,2025-10-08,Hyderabad,Gachibowli Ward,Outer Ring Road,17.439305,78.358747,24.15,66.09,1248.3,11.2,12.58,21.41,Medium
RRA-02495,2025-12-30,Chennai,Koyambedu Ward,Poonamallee High Road,13.064116,80.193296,13.3,50.57,895.9,2.5,10.58,52.88,Low
RRA-02496,2025-05-22,Delhi,Azadpur Ward,GT Karnal Road,28.709847,77.173545,15.35,45.06,1940.2,8.5,18.79,55.67,Medium
RRA-02497,2025-10-10,Mumbai,Malad Ward,Link Road,19.168499,72.843968,11.01,53.81,1382.7,27.8,23.63,34.41,Critical
RRA-02498,2025-08-08,Mumbai,Ghatkopar Ward,LBS Marg,19.087568,72.905443,41.27,71.72,2793.1,8.0,11.97,64.75,High
RRA-02499,2025-11-24,Bangalore,HAL Ward,Old Airport Road,12.95234,77.652997,37.75,63.41,1686.8,5.6,10.71,58.83,Medium
RRA-02500,2025-08-14,Hyderabad,Gachibowli Ward,Outer Ring Road,17.439151,78.374818,60.14,83.87,903.5,11.2,22.68,21.41,Critical
RRA-02501,2025-12-12,Delhi,Laxmi Nagar Ward,Vikas Marg,28.63837,77.278084,8.69,50.6,1475.7,9.6,15.67,24.48,Medium
RRA-02502,2025-06-17,Bangalore,Bannerghatta Ward,Bannerghatta Road,12.896636,77.600734,30.81,,635.0,27.2,16.42,33.99,High
RRA-02503,2025-01-05,Chennai,Tambaram Ward,GST Road,12.924357,80.111713,3.56,48.83,441.0,27.5,16.03,8.73,Medium
RRA-02504,2025-11-20,Bangalore,Marathahalli Ward,Outer Ring Road,12.958182,77.702596,7.52,54.03,394.4,15.6,23.49,54.34,Medium
RRA-02505,2025-12-12,Chennai,Koyambedu Ward,Poonamallee High Road,13.057412,80.19596,24.91,61.57,673.1,2.5,15.26,52.88,Low
RRA-02506,2025-04-18,Chennai,Neelankarai Ward,East Coast Road,12.956505,80.248792,6.08,52.36,2261.9,26.6,9.84,44.7,High
RRA-02507,2025-04-16,Delhi,Dhaula Kuan Ward,Outer Ring Road,28.580663,77.160019,12.69,54.96,1228.3,27.2,9.77,32.72,High
RRA-02508,2025-06-05,Chennai,Neelankarai Ward,East Coast Road,12.962038,80.258774,12.63,62.41,1405.6,26.6,20.06,44.7,High
RRA-02509,2025-05-20,Mumbai,Malad Ward,Link Road,19.188156,72.848024,51.62,85.2,1016.6,27.8,5.25,34.41,Critical
RRA-02510,2025-08-18,Delhi,Azadpur Ward,GT Karnal Road,28.706141,77.171232,32.81,68.73,1006.0,8.5,8.4,55.67,Medium
RRA-02511,2025-09-18,Bangalore,Peenya Ward,Tumkur Road,13.023449,77.517947,19.19,64.96,1624.3,7.4,17.48,84.46,Medium
RRA-02512,2025-03-31,Delhi,Nizamuddin Ward,Mathura Road,28.589771,77.255116,4.3,51.75,1121.3,15.6,14.31,61.4,Medium
RRA-02513,2025-01-14,Chennai,Neelankarai Ward,East Coast Road,12.955548,80.263404,4.26,40.73,2179.9,26.6,12.63,44.7,High
RRA-02514,2025-03-10,Delhi,Azadpur Ward,GT Karnal Road,28.717326,77.168964,3.64,39.31,3075.9,8.5,14.98,55.67,Medium
RRA-02515,2025-03-07,Pune,Katraj Ward,Katraj Dehu Road Bypass,18.450341,73.866991,10.15,48.22,728.4,27.9,12.46,10.35,High
RRA-02516,2025-03-01,Delhi,Laxmi Nagar Ward,Vikas Marg,28.634457,77.278328,5.04,58.94,2279.1,9.6,,24.48,Medium
RRA-02517,2025-07-31,Delhi,Dwarka Ward,NH48 Highway,28.595324,77.050036,37.36,69.12,146.7,3.7,2.99,33.75,Low
RRA-02518,2025-11-18,Pune,Bibwewadi Ward,Pune Satara Road,18.462679,73.862482,9.57,53.0,2134.4,27.2,4.17,53.6,High
RRA-02519,2025-08-26,Hyderabad,Banjara Hills Ward,Banjara Hills Road No 12,17.407658,78.436559,31.19,68.63,3199.5,24.5,4.77,34.45,Critical
RRA-02520,2025-06-21,Mumbai,Thane Ward,Ghodbunder Road,19.242916,72.982104,75.79,91.88,386.9,18.8,13.35,60.54,Critical
RRA-02521,2025-08-08,Pune,Bibwewadi Ward,Pune Satara Road,18.461434,73.850396,28.84,61.75,1893.5,27.2,13.1,53.6,Critical
RRA-02522,2025-02-13,Mumbai,Bandra Ward,SV Road,19.062771,72.832098,7.96,59.48,100.0,13.0,12.49,25.17,Low
RRA-02523,2025-11-29,Hyderabad,Banjara Hills Ward,Banjara Hills Road No 12,17.414188,78.432841,5.87,54.42,1587.9,24.5,31.07,34.45,Critical
RRA-02524,2025-02-11,Bangalore,Kengeri Ward,Mysore Road,12.909622,77.480116,6.6,52.6,1769.8,10.9,12.78,33.33,Medium
RRA-02525,2025-07-30,Mumbai,Andheri Ward,Western Express Highway,19.118078,72.853383,55.22,77.31,1166.3,18.2,9.22,59.23,High
RRA-02526,2025-06-29,Pune,Bibwewadi Ward,Pune Satara Road,18.46048,73.859496,36.82,71.62,570.4,27.2,19.35,53.6,High
RRA-02527,2025-06-02,Pune,Baner Ward,Baner Road,18.550325,73.779402,26.61,54.19,1092.3,6.4,6.59,70.82,Low
RRA-02528,2025-08-22,Mumbai,Chembur Ward,Eastern Express Highway,19.050567,72.893551,36.41,67.85,1660.3,22.7,15.25,49.17,Critical
RRA-02529,2025-04-10,Mumbai,Andheri Ward,Western Express Highway,19.129691,72.84064,14.53,61.17,1799.9,18.2,12.14,59.23,Medium
RRA-02530,2025-03-18,Hyderabad,Hussain Sagar Ward,Tank Bund Road,17.427455,78.473665,4.31,42.15,1160.5,22.2,11.53,26.42,Medium
RRA-02531,2025-10-12,Bangalore,Bannerghatta Ward,Bannerghatta Road,12.910757,77.592824,7.23,47.9,330.7,27.2,5.23,33.99,Medium
RRA-02532,2025-09-09,Mumbai,Vashi Ward,Sion Panvel Highway,19.073843,73.000314,20.13,54.07,2659.9,15.5,7.38,64.06,Medium
RRA-02533,2025-11-26,Bangalore,Bannerghatta Ward,Bannerghatta Road,12.900372,77.589969,6.14,55.01,2259.6,27.2,10.13,33.99,High
RRA-02534,2025-02-27,Hyderabad,Banjara Hills Ward,Banjara Hills Road No 12,17.420079,78.431528,6.45,40.74,858.1,24.5,7.26,34.45,Medium
RRA-02535,2025-12-08,Bangalore,Electronic City Ward,Hosur Road,12.849228,77.654883,5.04,36.78,878.0,3.2,10.78,45.63,Low
RRA-02536,2025-08-05,Hyderabad,Uppal Ward,Uppal Road,17.397774,78.550957,37.28,62.41,1785.6,22.8,14.29,33.72,Critical
RRA-02537,2025-05-13,Hyderabad,Hussain Sagar Ward,Tank Bund Road,17.424818,78.483911,14.74,56.11,351.4,22.2,2.06,26.42,Medium
RRA-02538,2025-06-03,Hyderabad,Uppal Ward,Uppal Road,17.40151,78.555658,25.06,57.23,2080.8,22.8,6.25,33.72,High
RRA-02539,2025-08-04,Bangalore,Bannerghatta Ward,Bannerghatta Road,12.902839,77.583278,38.34,63.35,100.0,27.2,9.58,33.99,High
RRA-02540,2025-03-28,Mumbai,Thane Ward,Ghodbunder Road,19.245241,72.978203,11.18,46.83,950.9,18.8,16.32,60.54,Medium
RRA-02541,2025-06-02,Bangalore,Marathahalli Ward,Outer Ring Road,12.949456,77.699044,20.13,65.41,100.0,15.6,3.05,54.34,Low
RRA-02542,2025-08-06,Bangalore,Kengeri Ward,Mysore Road,12.912624,77.489719,31.25,62.04,1814.4,10.9,3.09,33.33,Medium
RRA-02543,2025-10-02,Bangalore,Whitefield Ward,Whitefield Main Road,12.977961,77.754142,10.39,,1284.2,9.0,10.7,34.76,Low
RRA-02544,2025-05-08,Delhi,Nizamuddin Ward,Mathura Road,28.589759,77.258009,14.66,52.48,2204.4,15.6,10.33,61.4,Medium
RRA-02545,2025-08-29,Chennai,Sholinganallur Ward,Old Mahabalipuram Road,12.904891,80.227547,14.27,52.08,692.6,8.9,7.23,46.95,Low
RRA-02546,2025-07-06,Pune,Bibwewadi Ward,Pune Satara Road,18.464973,73.862099,47.15,76.67,1414.9,27.2,8.07,53.6,Critical
RRA-02547,2025-02-02,Chennai,Tambaram Ward,GST Road,12.914017,80.112497,8.07,60.26,,27.5,17.44,8.73,High
RRA-02548,2025-01-13,Delhi,Nangloi Ward,Rohtak Road,28.680446,77.054837,25.82,65.5,1310.4,7.7,9.9,55.52,Medium
RRA-02549,2025-07-22,Bangalore,Kengeri Ward,Mysore Road,12.906069,77.485369,43.62,78.48,1996.8,10.9,22.75,33.33,Critical
RRA-02550,2025-10-02,Bangalore,Marathahalli Ward,Outer Ring Road,12.961913,77.705026,25.95,54.22,1117.9,15.6,12.81,54.34,Medium
RRA-02551,2025-10-16,Delhi,Dhaula Kuan Ward,Outer Ring Road,28.5973,77.160066,9.14,63.55,711.1,27.2,,32.72,Medium
RRA-02552,2025-01-17,Pune,Bibwewadi Ward,Pune Satara Road,18.46046,73.858735,4.36,53.39,1190.4,27.2,16.47,53.6,High
RRA-02553,2025-05-26,Chennai,Neelankarai Ward,East Coast Road,12.958094,80.25829,17.05,63.12,1945.8,26.6,15.26,44.7,Critical
RRA-02554,2025-02-13,Delhi,Azadpur Ward,GT Karnal Road,28.717062,77.176735,3.67,40.09,525.1,8.5,12.5,55.67,Low
RRA-02555,2025-06-04,Pune,Vadgaon Sheri Ward,Nagar Road,18.559268,73.913079,27.15,57.31,,27.7,16.33,20.82,Critical
RRA-02556,2025-01-07,Delhi,Dhaula Kuan Ward,Outer Ring Road,28.59216,77.160144,7.3,43.96,2039.1,27.2,13.98,32.72,High
RRA-02557,2025-06-24,Delhi,Nizamuddin Ward,Mathura Road,28.586892,77.253767,33.71,63.51,775.5,15.6,2.0,61.4,Medium
RRA-02558,2025-11-27,Hyderabad,Banjara Hills Ward,Banjara Hills Road No 12,17.42033,78.429431,,56.83,1138.6,24.5,11.64,34.45,Medium
RRA-02559,2025-05-31,Hyderabad,Gachibowli Ward,Outer Ring Road,17.447741,78.374092,13.94,57.43,1062.2,11.2,25.07,21.41,Medium
RRA-02560,2025-04-24,Chennai,Teynampet Ward,Anna Salai,13.043551,80.237677,7.71,52.48,1510.7,26.0,9.54,24.53,High
RRA-02561,2025-04-24,Mumbai,Thane Ward,Ghodbunder Road,19.247605,72.971735,33.73,61.53,1464.5,18.8,7.82,60.54,Medium
RRA-02562,2025-01-15,Bangalore,Bannerghatta Ward,Bannerghatta Road,12.898949,77.595697,5.62,50.03,896.0,27.2,22.15,33.99,High
RRA-02563,2025-06-09,Bangalore,Bannerghatta Ward,Bannerghatta Road,12.901795,77.591724,22.96,59.74,1715.2,27.2,25.78,33.99,Critical
RRA-02564,2025-05-03,Pune,Baner Ward,Baner Road,18.558606,73.787608,19.89,59.56,1583.2,6.4,3.7,70.82,Low
RRA-02565,2025-01-06,Chennai,Teynampet Ward,Anna Salai,13.046964,80.238105,4.89,43.02,2898.0,26.0,12.26,24.53,Critical
RRA-02566,2025-08-05,Bangalore,Marathahalli Ward,Outer Ring Road,12.95771,77.709782,32.75,58.4,1682.3,15.6,10.21,54.34,Medium
RRA-02567,2025-03-10,Pune,Katraj Ward,Katraj Dehu Road Bypass,18.452988,73.873079,23.06,56.41,742.0,27.9,9.61,10.35,High
RRA-02568,2025-07-01,Chennai,Sholinganallur Ward,Old Mahabalipuram Road,12.911992,80.225919,3.93,51.93,213.4,8.9,13.26,46.95,Low
RRA-02569,2025-07-25,Mumbai,Bandra Ward,SV Road,19.059175,72.823741,54.17,78.82,1073.2,13.0,8.36,25.17,High
RRA-02570,2025-10-04,Mumbai,Chembur Ward,Eastern Express Highway,19.051411,72.894577,12.3,59.36,1214.4,22.7,11.15,49.17,Medium
RRA-02571,2025-08-31,Chennai,Tambaram Ward,GST Road,12.935904,80.110739,19.56,53.12,1299.3,27.5,18.82,8.73,Critical
RRA-02572,2025-11-28,Delhi,Azadpur Ward,GT Karnal Road,28.716423,77.186656,12.21,50.28,577.7,8.5,6.05,55.67,Low
RRA-02573,2025-02-07,Delhi,Nangloi Ward,Rohtak Road,28.677092,77.049896,4.94,51.84,2165.6,7.7,16.53,55.52,Medium
RRA-02574,2025-09-11,Pune,Baner Ward,Baner Road,18.556266,73.78036,16.72,50.83,451.1,6.4,9.78,70.82,Low
RRA-02575,2025-01-22,Mumbai,Malad Ward,Link Road,19.181137,72.848865,5.94,48.01,1256.6,27.8,13.13,34.41,High
RRA-02576,2025-10-21,Chennai,Neelankarai Ward,East Coast Road,12.95404,80.247694,38.9,63.99,2651.1,26.6,10.41,44.7,Critical
RRA-02577,2025-12-23,Mumbai,Vashi Ward,Sion Panvel Highway,19.074145,72.994865,11.42,34.2,1013.6,15.5,13.64,64.06,Medium
RRA-02578,2025-07-30,Pune,Baner Ward,Baner Road,18.554627,73.791479,38.04,71.12,1001.2,6.4,6.47,70.82,Low
RRA-02579,2025-09-03,Chennai,Koyambedu Ward,Poonamallee High Road,13.064869,80.191594,19.44,56.73,1481.7,2.5,41.58,52.88,Medium
RRA-02580,2025-06-12,Chennai,Koyambedu Ward,Poonamallee High Road,13.075801,80.197707,7.41,42.82,1990.0,2.5,7.82,52.88,Low
RRA-02581,2025-07-16,Mumbai,Ghatkopar Ward,LBS Marg,19.096351,72.924273,59.23,83.19,1792.2,8.0,13.59,64.75,High
RRA-02582,2025-12-30,Delhi,Dwarka Ward,NH48 Highway,28.590443,77.039468,12.13,59.81,1543.2,3.7,8.93,33.75,Low
RRA-02583,2025-10-28,Mumbai,Bandra Ward,SV Road,19.064678,72.830774,10.28,45.44,1292.7,13.0,13.8,25.17,Medium
RRA-02584,2025-04-30,Bangalore,HAL Ward,Old Airport Road,12.962763,77.640616,11.23,49.34,833.4,5.6,6.29,58.83,Low
RRA-02585,2025-05-08,Delhi,Dwarka Ward,NH48 Highway,28.601297,77.051929,16.15,,1528.2,3.7,20.21,33.75,Medium
RRA-02586,2025-12-22,Delhi,Azadpur Ward,GT Karnal Road,28.712214,77.172929,5.15,52.95,2393.7,8.5,6.65,55.67,Medium
RRA-02587,2025-02-11,Bangalore,Bellandur Ward,Sarjapur Road,12.91913,77.683418,5.09,47.78,1200.3,21.0,8.09,33.19,Medium
RRA-02588,2025-12-29,Bangalore,Bellandur Ward,Sarjapur Road,12.919538,77.683323,21.26,50.42,697.2,21.0,,33.19,Medium
RRA-02589,2025-04-10,Delhi,Nangloi Ward,Rohtak Road,28.67203,77.068759,14.17,52.65,1530.7,7.7,12.24,55.52,Low
RRA-02590,2025-03-16,Hyderabad,Uppal Ward,Uppal Road,17.417513,78.553916,6.01,52.3,1749.2,22.8,7.74,33.72,Medium
RRA-02591,2025-05-01,Bangalore,Electronic City Ward,Hosur Road,12.843177,77.656818,13.38,51.75,2219.9,3.2,12.67,45.63,Medium
RRA-02592,2025-03-04,Hyderabad,Uppal Ward,Uppal Road,17.407585,78.564776,13.79,64.55,1401.5,22.8,4.91,33.72,Medium
RRA-02593,2025-04-21,Pune,Baner Ward,Baner Road,18.557435,73.787053,11.34,58.38,1745.6,6.4,5.08,70.82,Low
RRA-02594,2025-07-30,Delhi,Nizamuddin Ward,Mathura Road,28.591898,77.248231,36.11,54.6,819.7,15.6,9.37,61.4,Medium
RRA-02595,2025-10-09,Chennai,Tambaram Ward,GST Road,12.923115,80.112504,30.77,66.38,1250.3,27.5,13.54,8.73,Critical
RRA-02596,2025-02-12,Delhi,Laxmi Nagar Ward,Vikas Marg,28.624707,77.273334,,49.03,1144.3,9.6,5.31,24.48,Low
RRA-02597,2025-07-22,Delhi,Dhaula Kuan Ward,Outer Ring Road,28.596492,77.147977,45.04,74.58,2101.9,27.2,16.61,32.72,Critical
RRA-02598,2025-07-03,Mumbai,Thane Ward,Ghodbunder Road,19.239648,72.98429,62.02,79.11,586.1,18.8,12.99,60.54,High
RRA-02599,2025-09-10,Bangalore,Peenya Ward,Tumkur Road,13.035481,77.52053,17.07,48.49,1180.4,7.4,11.69,84.46,Low
RRA-02600,2025-03-21,Mumbai,Chembur Ward,Eastern Express Highway,19.058837,72.891736,21.76,66.3,774.3,22.7,18.32,49.17,High
RRA-02601,2025-01-22,Chennai,Neelankarai Ward,East Coast Road,12.960123,80.255338,6.33,61.43,1932.7,26.6,,44.7,Critical
RRA-02602,2025-10-11,Bangalore,Kengeri Ward,Mysore Road,12.909812,77.48634,8.42,45.51,1265.9,10.9,6.42,33.33,Low
RRA-02603,2025-01-20,Delhi,Dhaula Kuan Ward,Outer Ring Road,28.594653,77.159834,15.9,55.63,1346.9,27.2,,32.72,High
RRA-02604,2025-09-26,Delhi,Dwarka Ward,NH48 Highway,28.584405,77.042668,13.58,53.26,1550.0,3.7,18.64,33.75,Medium
RRA-02605,2025-11-13,Chennai,Teynampet Ward,Anna Salai,13.044063,80.244288,,69.66,1991.2,26.0,5.88,24.53,Critical
RRA-02606,2025-04-08,Hyderabad,Hussain Sagar Ward,Tank Bund Road,17.427318,78.467319,7.63,44.86,516.5,22.2,11.29,26.42,Medium
RRA-02607,2025-08-19,Mumbai,Andheri Ward,Western Express Highway,19.113731,72.845104,34.48,56.28,1299.1,18.2,28.23,59.23,High
RRA-02608,2025-10-29,Bangalore,Bellandur Ward,Sarjapur Road,12.917862,77.688475,21.71,59.37,1079.3,21.0,10.86,33.19,High
RRA-02609,2025-06-09,Pune,Katraj Ward,Katraj Dehu Road Bypass,18.455621,73.859454,30.59,80.52,1510.9,27.9,10.09,10.35,Critical
RRA-02610,2025-07-02,Hyderabad,Uppal Ward,Uppal Road,17.402287,78.568616,29.77,63.99,729.4,22.8,32.3,33.72,Critical
RRA-02611,2025-11-14,Chennai,Tambaram Ward,GST Road,12.927206,80.106804,29.6,62.69,,27.5,14.6,8.73,Critical
RRA-02612,2025-03-19,Mumbai,Malad Ward,Link Road,19.182869,72.859495,11.37,49.57,926.2,27.8,17.28,34.41,High
RRA-02613,2025-12-08,Chennai,Tambaram Ward,GST Road,12.934112,80.101055,20.49,65.18,736.0,27.5,11.77,8.73,High
RRA-02614,2025-05-31,Mumbai,Thane Ward,Ghodbunder Road,19.243251,72.976851,48.39,75.98,511.1,18.8,5.39,60.54,Medium
RRA-02615,2025-04-25,Delhi,Nizamuddin Ward,Mathura Road,28.602314,77.252389,8.21,53.31,3113.8,15.6,7.89,61.4,High
RRA-02616,2025-09-10,Pune,Vadgaon Sheri Ward,Nagar Road,18.548842,73.906933,14.09,64.36,1180.5,27.7,15.66,20.82,High
RRA-02617,2025-05-02,Mumbai,Bandra Ward,SV Road,19.06228,72.82088,28.54,55.34,690.8,13.0,13.47,25.17,Medium
RRA-02618,2025-02-01,Bangalore,Kengeri Ward,Mysore Road,12.914704,77.483215,6.48,38.75,1274.8,10.9,,33.33,Medium
RRA-02619,2025-02-18,Pune,Vadgaon Sheri Ward,Nagar Road,18.556196,73.90935,9.51,51.49,1328.3,27.7,14.21,20.82,High
RRA-02620,2025-05-20,Chennai,Koyambedu Ward,Poonamallee High Road,13.061045,80.203086,7.42,51.72,106.2,2.5,13.26,52.88,Low
RRA-02621,2025-08-26,Bangalore,Bannerghatta Ward,Bannerghatta Road,12.898106,77.599016,40.15,70.56,2101.5,27.2,19.48,33.99,Critical
RRA-02622,2025-12-09,Bangalore,Marathahalli Ward,Outer Ring Road,12.955661,77.693591,6.7,41.66,2313.1,15.6,18.14,54.34,Medium
RRA-02623,2025-06-21,Hyderabad,Banjara Hills Ward,Banjara Hills Road No 12,17.407944,78.439509,25.62,54.98,1687.2,24.5,11.63,34.45,High
RRA-02624,2025-11-17,Chennai,Neelankarai Ward,East Coast Road,12.969777,80.251977,43.7,66.14,1059.3,26.6,21.51,44.7,Critical
RRA-02625,2025-11-26,Bangalore,Kengeri Ward,Mysore Road,12.911946,77.479259,7.47,54.34,2274.5,10.9,6.96,33.33,Medium
RRA-02626,2025-04-14,Mumbai,Chembur Ward,Eastern Express Highway,19.046357,72.894951,18.51,64.83,1257.5,22.7,15.13,49.17,High
RRA-02627,2025-03-23,Mumbai,Chembur Ward,Eastern Express Highway,19.062755,72.896686,9.09,55.03,1279.3,22.7,13.23,49.17,Medium
RRA-02628,2025-04-01,Mumbai,Thane Ward,Ghodbunder Road,19.255024,72.981411,,49.96,1510.1,18.8,5.0,60.54,Medium
RRA-02629,2025-12-17,Mumbai,Malad Ward,Link Road,19.179363,72.842647,6.46,51.09,1118.3,27.8,7.04,34.41,Medium
RRA-02630,2025-10-11,Mumbai,Vashi Ward,Sion Panvel Highway,19.076552,73.000861,11.7,47.71,799.8,15.5,9.79,64.06,Low
RRA-02631,2025-08-01,Mumbai,Ghatkopar Ward,LBS Marg,19.086976,72.90838,58.6,76.1,1284.1,8.0,5.49,64.75,Medium
RRA-02632,2025-10-13,Pune,Baner Ward,Baner Road,18.546883,73.786465,7.0,55.56,645.1,6.4,9.06,70.82,Low
RRA-02633,2025-06-04,Bangalore,Bannerghatta Ward,Bannerghatta Road,12.888212,77.596933,24.47,73.78,100.0,27.2,16.36,33.99,High
RRA-02634,2025-05-18,Delhi,Dhaula Kuan Ward,Outer Ring Road,28.584176,77.161113,17.33,58.05,1160.6,27.2,7.44,32.72,High
RRA-02635,2025-05-05,Bangalore,Peenya Ward,Tumkur Road,13.028627,77.530468,11.88,64.51,1487.0,7.4,17.51,84.46,Low
RRA-02636,2025-02-27,Pune,Vadgaon Sheri Ward,Nagar Road,18.557451,73.907922,3.8,43.52,1352.4,27.7,13.51,20.82,High
RRA-02637,2025-10-30,Delhi,Azadpur Ward,GT Karnal Road,28.714509,77.171,3.5,59.89,1061.0,8.5,12.32,55.67,Low
RRA-02638,2025-11-25,Mumbai,Chembur Ward,Eastern Express Highway,19.052311,72.907276,5.23,48.82,1682.4,22.7,10.58,49.17,Medium
RRA-02639,2025-04-23,Delhi,Laxmi Nagar Ward,Vikas Marg,28.627529,77.268865,13.45,56.19,1840.1,9.6,7.66,24.48,Medium
RRA-02640,2025-08-05,Pune,Bibwewadi Ward,Pune Satara Road,18.46701,73.853033,30.17,61.67,1976.6,27.2,9.11,53.6,Critical
RRA-02641,2025-04-01,Mumbai,Thane Ward,Ghodbunder Road,19.237824,72.967764,14.79,52.65,1435.0,18.8,21.97,60.54,Medium
RRA-02642,2025-11-09,Bangalore,Peenya Ward,Tumkur Road,13.036959,77.511004,4.2,47.46,1945.4,7.4,9.67,84.46,Low
RRA-02643,2025-04-21,Bangalore,Bellandur Ward,Sarjapur Road,12.908609,77.678657,12.12,37.31,2104.9,21.0,7.35,33.19,Medium
RRA-02644,2025-06-08,Chennai,Teynampet Ward,Anna Salai,13.050523,80.247155,8.43,61.35,100.0,26.0,6.01,24.53,Medium
RRA-02645,2025-09-12,Bangalore,Whitefield Ward,Whitefield Main Road,12.960757,77.745671,24.72,64.53,1606.2,9.0,3.4,34.76,Medium
RRA-02646,2025-10-03,Mumbai,Bandra Ward,SV Road,19.060845,72.82729,12.92,47.91,1863.1,13.0,12.7,25.17,Medium
RRA-02647,2025-02-04,Pune,Katraj Ward,Katraj Dehu Road Bypass,18.451961,73.869284,2.98,42.43,635.0,27.9,10.66,10.35,Medium
RRA-02648,2025-03-14,Bangalore,HAL Ward,Old Airport Road,12.956378,77.656956,11.79,59.42,853.7,5.6,18.24,58.83,Low
RRA-02649,2025-09-08,Delhi,Dwarka Ward,NH48 Highway,28.591127,77.041406,22.24,57.21,814.0,3.7,,33.75,Low
RRA-02650,2025-10-26,Bangalore,HAL Ward,Old Airport Road,12.954457,77.655179,6.62,48.52,742.7,5.6,8.92,58.83,Low
RRA-02651,2025-06-03,Delhi,Dwarka Ward,NH48 Highway,28.587538,77.051219,25.45,67.32,1116.5,3.7,13.76,33.75,Medium
RRA-02652,2025-02-10,Mumbai,Bandra Ward,SV Road,19.051842,72.831567,13.73,42.71,1493.6,13.0,13.19,25.17,Medium
RRA-02653,2025-06-15,Pune,Bibwewadi Ward,Pune Satara Road,18.462324,73.859582,,75.91,1915.1,27.2,13.33,53.6,Critical
RRA-02654,2025-12-24,Hyderabad,Banjara Hills Ward,Banjara Hills Road No 12,17.411966,78.437444,5.59,45.91,,24.5,8.51,34.45,Medium
RRA-02655,2025-11-15,Chennai,Neelankarai Ward,East Coast Road,12.956235,80.253844,32.7,61.74,729.9,26.6,14.08,44.7,High
RRA-02656,2025-05-12,Chennai,Tambaram Ward,GST Road,12.922455,80.100951,5.02,35.08,981.2,27.5,12.8,8.73,High
RRA-02657,2025-03-10,Pune,Baner Ward,Baner Road,18.558717,73.785542,15.02,50.08,1197.7,6.4,10.06,70.82,Low
RRA-02658,2025-05-22,Chennai,Teynampet Ward,Anna Salai,13.050248,80.254142,2.85,53.13,1448.5,26.0,16.82,24.53,High
RRA-02659,2025-02-18,Mumbai,Ghatkopar Ward,LBS Marg,19.078254,72.899493,12.47,62.38,1124.1,8.0,8.89,64.75,Low
RRA-02660,2025-02-28,Bangalore,Bannerghatta Ward,Bannerghatta Road,12.905721,77.594388,2.82,52.86,1078.8,27.2,21.88,33.99,High
RRA-02661,2025-03-24,Delhi,Dwarka Ward,NH48 Highway,28.603972,77.04922,10.03,49.02,1335.4,3.7,8.85,33.75,Low
RRA-02662,2025-06-03,Chennai,Sholinganallur Ward,Old Mahabalipuram Road,12.904026,80.230546,,48.7,1617.7,8.9,12.9,46.95,Low
RRA-02663,2025-03-02,Delhi,Azadpur Ward,GT Karnal Road,28.711123,77.171288,4.4,44.18,2445.8,8.5,10.59,55.67,Medium
RRA-02664,2025-11-07,Bangalore,Kengeri Ward,Mysore Road,12.909248,77.491248,28.96,70.82,1274.5,10.9,7.25,33.33,Medium
RRA-02665,2025-02-23,Bangalore,Bellandur Ward,Sarjapur Road,12.92298,77.683643,6.39,51.78,535.2,21.0,,33.19,Medium
RRA-02666,2025-01-01,Bangalore,Marathahalli Ward,Outer Ring Road,12.95363,77.69783,10.21,58.6,247.9,15.6,3.93,54.34,Low
RRA-02667,2025-03-06,Hyderabad,Gachibowli Ward,Outer Ring Road,17.441087,78.373012,10.69,60.38,1126.9,11.2,4.19,21.41,Low
RRA-02668,2025-05-20,Mumbai,Bandra Ward,SV Road,19.065622,72.821623,43.18,77.4,1768.4,13.0,10.87,25.17,High
RRA-02669,2025-06-18,Delhi,Azadpur Ward,GT Karnal Road,28.711795,77.17262,34.51,69.9,673.9,8.5,25.49,55.67,Medium
RRA-02670,2025-09-08,Hyderabad,Hussain Sagar Ward,Tank Bund Road,17.417257,78.475413,21.52,55.92,1911.1,22.2,19.49,26.42,Critical
RRA-02671,2025-03-24,Delhi,Azadpur Ward,GT Karnal Road,28.708459,77.185511,9.82,44.0,1236.3,8.5,33.05,55.67,Medium
RRA-02672,2025-03-09,Delhi,Nizamuddin Ward,Mathura Road,28.591816,77.248411,6.17,45.95,2325.0,15.6,4.43,61.4,Medium
RRA-02673,2025-07-12,Mumbai,Vashi Ward,Sion Panvel Highway,19.067563,73.003369,60.8,87.11,558.7,15.5,9.88,64.06,High
RRA-02674,2025-05-10,Bangalore,Whitefield Ward,Whitefield Main Road,12.970704,77.75261,13.82,54.39,,9.0,12.39,34.76,Medium
RRA-02675,2025-12-24,Mumbai,Bandra Ward,SV Road,19.061466,72.819162,13.88,57.12,1709.3,13.0,5.41,25.17,Medium
RRA-02676,2025-01-31,Delhi,Nizamuddin Ward,Mathura Road,28.584926,77.256074,8.78,56.9,1351.9,15.6,,61.4,Medium
RRA-02677,2025-03-28,Pune,Baner Ward,Baner Road,18.559487,73.790803,6.97,47.51,1529.6,6.4,23.92,70.82,Low
RRA-02678,2025-04-02,Bangalore,Electronic City Ward,Hosur Road,12.833909,77.648444,5.32,47.99,1671.2,3.2,10.96,45.63,Low
RRA-02679,2025-08-22,Chennai,Sholinganallur Ward,Old Mahabalipuram Road,12.909595,80.233953,11.38,63.16,333.1,8.9,16.36,46.95,Low
RRA-02680,2025-12-05,Chennai,Teynampet Ward,Anna Salai,13.032318,80.240413,24.27,64.35,324.8,26.0,13.17,24.53,High
RRA-02681,2025-10-09,Bangalore,Whitefield Ward,Whitefield Main Road,12.976335,77.739898,6.91,38.91,2411.1,9.0,15.56,34.76,Medium
RRA-02682,2025-09-19,Mumbai,Ghatkopar Ward,LBS Marg,19.068577,72.904961,13.19,48.21,702.7,8.0,14.74,64.75,Low
RRA-02683,2025-06-04,Hyderabad,Banjara Hills Ward,Banjara Hills Road No 12,17.415472,78.428644,18.95,50.62,1001.4,24.5,11.51,34.45,High
RRA-02684,2025-10-05,Bangalore,Electronic City Ward,Hosur Road,12.836718,77.669701,9.18,53.74,536.2,3.2,12.8,45.63,Low
RRA-02685,2025-06-19,Chennai,Neelankarai Ward,East Coast Road,12.968038,80.259385,6.75,59.06,997.9,26.6,15.39,44.7,High
RRA-02686,2025-02-24,Pune,Baner Ward,Baner Road,18.563563,73.788106,19.04,,1054.8,6.4,10.43,70.82,Low
RRA-02687,2025-02-01,Chennai,Tambaram Ward,GST Road,12.917572,80.094773,7.61,52.38,1152.7,27.5,5.22,8.73,Medium
RRA-02688,2025-09-14,Hyderabad,Uppal Ward,Uppal Road,17.408543,78.558148,22.83,51.26,2395.0,22.8,5.7,33.72,High
RRA-02689,2025-09-25,Chennai,Sholinganallur Ward,Old Mahabalipuram Road,12.905956,80.229792,26.97,50.67,1575.5,8.9,29.34,46.95,High
RRA-02690,2025-07-25,Hyderabad,Gachibowli Ward,Outer Ring Road,17.445638,78.375746,39.4,66.87,632.8,11.2,17.35,21.41,High
RRA-02691,2025-02-01,Hyderabad,Gachibowli Ward,Outer Ring Road,17.44958,78.376511,19.87,56.35,2639.5,11.2,9.45,21.41,High
RRA-02692,2025-04-22,Mumbai,Ghatkopar Ward,LBS Marg,19.089872,72.899665,23.13,65.52,668.7,8.0,,64.75,Low
RRA-02693,2025-03-16,Chennai,Sholinganallur Ward,Old Mahabalipuram Road,12.912471,80.231534,7.35,55.94,1954.8,8.9,21.59,46.95,Medium
RRA-02694,2025-10-01,Chennai,Sholinganallur Ward,Old Mahabalipuram Road,12.906358,80.237769,35.42,70.23,867.5,8.9,11.51,46.95,Medium
RRA-02695,2025-03-11,Mumbai,Chembur Ward,Eastern Express Highway,19.049268,72.897805,11.14,52.95,2614.2,22.7,17.0,49.17,High
RRA-02696,2025-11-07,Chennai,Koyambedu Ward,Poonamallee High Road,13.070261,80.192509,32.95,68.84,100.0,2.5,6.21,52.88,Low
RRA-02697,2025-08-25,Delhi,Azadpur Ward,GT Karnal Road,28.712453,77.182149,31.61,64.77,1987.7,8.5,15.82,55.67,Medium
RRA-02698,2025-10-31,Pune,Baner Ward,Baner Road,18.564778,73.780644,20.37,63.49,2038.7,6.4,8.14,70.82,Medium
RRA-02699,2025-12-30,Pune,Katraj Ward,Katraj Dehu Road Bypass,18.447298,73.869563,7.12,59.76,100.0,27.9,17.46,10.35,High
RRA-02700,2025-08-01,Pune,Bibwewadi Ward,Pune Satara Road,18.463911,73.857045,36.64,69.64,638.5,27.2,14.67,53.6,High
RRA-02701,2025-04-24,Delhi,Azadpur Ward,GT Karnal Road,28.713464,77.176641,5.98,38.95,2254.6,8.5,5.83,55.67,Low
RRA-02702,2025-02-04,Mumbai,Chembur Ward,Eastern Express Highway,19.053122,72.897717,12.54,50.32,1092.8,22.7,7.7,49.17,Medium
RRA-02703,2025-08-22,Bangalore,HAL Ward,Old Airport Road,12.95544,77.657313,40.03,67.56,1638.9,5.6,8.01,58.83,Medium
RRA-02704,2025-12-26,Bangalore,Marathahalli Ward,Outer Ring Road,12.94972,77.704845,,40.34,1500.6,15.6,20.77,54.34,Medium
RRA-02705,2025-03-09,Bangalore,Bellandur Ward,Sarjapur Road,12.911981,77.685056,5.64,,1182.0,21.0,10.73,33.19,Medium
RRA-02706,2025-08-15,Chennai,Tambaram Ward,GST Road,12.921259,80.096788,9.47,45.13,603.8,27.5,,8.73,High
RRA-02707,2025-09-04,Delhi,Laxmi Nagar Ward,Vikas Marg,28.64922,77.270057,30.49,71.07,1083.5,9.6,24.19,24.48,High
RRA-02708,2025-01-20,Bangalore,Electronic City Ward,Hosur Road,12.845239,77.653611,5.34,45.36,1392.1,3.2,15.41,45.63,Low
RRA-02709,2025-11-27,Mumbai,Chembur Ward,Eastern Express Highway,19.053495,72.906198,14.16,48.13,635.5,22.7,11.35,49.17,Medium
RRA-02710,2025-12-13,Delhi,Nangloi Ward,Rohtak Road,28.67842,77.052068,8.39,50.31,1070.8,7.7,3.65,55.52,Low
RRA-02711,2025-03-20,Chennai,Teynampet Ward,Anna Salai,13.032354,80.24674,3.63,54.98,599.3,26.0,11.28,24.53,Medium
RRA-02712,2025-04-12,Chennai,Koyambedu Ward,Poonamallee High Road,13.063849,80.184984,32.54,61.08,731.8,2.5,19.07,52.88,Low
RRA-02713,2025-10-06,Mumbai,Chembur Ward,Eastern Express Highway,19.05572,72.899718,8.55,51.72,1294.0,22.7,5.29,49.17,Medium
RRA-02714,2025-06-10,Bangalore,Electronic City Ward,Hosur Road,12.84225,77.66526,31.54,74.72,2081.4,3.2,13.07,45.63,Medium
RRA-02715,2025-09-21,Chennai,Koyambedu Ward,Poonamallee High Road,13.069312,80.189531,23.43,53.68,1452.5,2.5,5.6,52.88,Low
RRA-02716,2025-06-05,Mumbai,Vashi Ward,Sion Panvel Highway,19.074633,73.005531,54.59,90.02,691.2,15.5,19.71,64.06,High
RRA-02717,2025-03-14,Mumbai,Vashi Ward,Sion Panvel Highway,19.069361,73.009668,11.51,49.28,438.6,15.5,6.14,64.06,Low
RRA-02718,2025-07-03,Hyderabad,Hussain Sagar Ward,Tank Bund Road,17.428766,78.480408,43.08,70.44,1578.1,22.2,14.96,26.42,Critical
RRA-02719,2025-08-21,Bangalore,Kengeri Ward,Mysore Road,12.913638,77.483306,24.77,54.59,1563.1,10.9,5.47,33.33,Medium
RRA-02720,2025-11-17,Mumbai,Ghatkopar Ward,LBS Marg,19.07866,72.902039,8.82,39.84,2027.0,8.0,18.74,64.75,Medium
RRA-02721,2025-04-17,Delhi,Dwarka Ward,NH48 Highway,28.592795,77.052988,9.55,47.9,2207.1,3.7,9.56,33.75,Low
RRA-02722,2025-06-17,Mumbai,Bandra Ward,SV Road,19.058598,72.828881,59.29,87.57,737.1,13.0,8.38,25.17,High
RRA-02723,2025-04-20,Bangalore,Bannerghatta Ward,Bannerghatta Road,12.892752,77.595277,11.39,45.91,1148.0,27.2,8.28,33.99,Medium
RRA-02724,2025-11-16,Chennai,Koyambedu Ward,Poonamallee High Road,13.071881,80.199654,28.31,64.0,1213.2,2.5,10.25,52.88,Low
RRA-02725,2025-10-18,Mumbai,Malad Ward,Link Road,19.180777,72.8544,13.29,55.8,1816.1,27.8,7.83,34.41,High
RRA-02726,2025-09-23,Delhi,Laxmi Nagar Ward,Vikas Marg,28.619792,77.269669,22.03,51.07,1236.1,9.6,10.93,24.48,Medium
RRA-02727,2025-12-10,Pune,Bibwewadi Ward,Pune Satara Road,18.472339,73.862117,14.43,66.11,1578.2,27.2,21.42,53.6,Critical
RRA-02728,2025-01-28,Bangalore,Bellandur Ward,Sarjapur Road,12.914644,77.685937,6.49,50.74,670.1,21.0,9.97,33.19,Medium
RRA-02729,2025-08-25,Delhi,Azadpur Ward,GT Karnal Road,28.713195,77.179751,28.09,,2684.9,8.5,14.07,55.67,High
RRA-02730,2025-08-21,Hyderabad,Gachibowli Ward,Outer Ring Road,17.440284,78.376555,34.74,70.26,1302.0,11.2,9.5,21.41,Medium
RRA-02731,2025-05-22,Hyderabad,Hussain Sagar Ward,Tank Bund Road,17.398783,78.474596,13.77,52.42,2607.7,22.2,18.78,26.42,Critical
RRA-02732,2025-02-11,Pune,Vadgaon Sheri Ward,Nagar Road,18.55104,73.910733,9.72,47.08,6860.651657965262,27.7,18.81,20.82,High
RRA-02733,2025-02-04,Chennai,Teynampet Ward,Anna Salai,13.040485,80.247561,16.61,39.58,642.4,26.0,6.77,24.53,Medium
RRA-02734,2025-05-11,Hyderabad,Hussain Sagar Ward,Tank Bund Road,17.410702,78.475746,15.37,55.19,2412.3,22.2,12.97,26.42,High
RRA-02735,2025-08-23,Mumbai,Ghatkopar Ward,LBS Marg,19.082503,72.916537,26.74,56.13,2220.5,8.0,17.27,64.75,Medium
RRA-02736,2025-01-17,Pune,Katraj Ward,Katraj Dehu Road Bypass,18.450116,73.854893,7.07,48.24,905.3,27.9,24.14,10.35,High
RRA-02737,2025-08-11,Delhi,Dwarka Ward,NH48 Highway,28.58856,77.039425,41.6,76.53,2059.2,3.7,,33.75,Medium
RRA-02738,2025-01-26,Hyderabad,Hussain Sagar Ward,Tank Bund Road,17.431361,78.4823,23.04,62.54,772.3,22.2,4.27,26.42,Medium
RRA-02739,2025-09-07,Chennai,Koyambedu Ward,Poonamallee High Road,13.074104,80.191167,15.86,59.33,1406.8,2.5,19.12,52.88,Low
RRA-02740,2025-12-03,Hyderabad,Hussain Sagar Ward,Tank Bund Road,17.419889,78.470922,17.95,65.77,2776.9,22.2,2.06,26.42,High
RRA-02741,2025-03-18,Pune,Bibwewadi Ward,Pune Satara Road,18.470863,73.866038,7.83,47.68,1587.6,27.2,11.24,53.6,Medium
RRA-02742,2025-12-28,Chennai,Neelankarai Ward,East Coast Road,12.958019,80.262276,13.09,48.56,1944.3,26.6,9.96,44.7,High
RRA-02743,2025-10-23,Mumbai,Andheri Ward,Western Express Highway,19.113963,72.847817,8.34,54.94,1267.5,18.2,12.87,59.23,Medium
RRA-02744,2025-08-10,Pune,Baner Ward,Baner Road,18.552507,73.796125,33.15,62.58,245.5,6.4,14.46,70.82,Low
RRA-02745,2025-11-10,Pune,Baner Ward,Baner Road,18.558404,73.782246,3.89,51.0,763.8,6.4,23.21,70.82,Low
RRA-02746,2025-10-08,Chennai,Sholinganallur Ward,Old Mahabalipuram Road,12.89501,80.221042,36.68,64.5,100.0,8.9,15.62,46.95,Medium
RRA-02747,2025-02-15,Hyderabad,Banjara Hills Ward,Banjara Hills Road No 12,17.415848,78.439143,16.52,44.43,1429.6,24.5,8.11,34.45,High
RRA-02748,2025-01-11,Bangalore,Bannerghatta Ward,Bannerghatta Road,12.902643,77.601232,6.09,55.94,1285.6,27.2,3.76,33.99,Medium
RRA-02749,2025-07-15,Hyderabad,Gachibowli Ward,Outer Ring Road,17.445234,78.377101,32.95,54.18,1569.4,11.2,15.14,21.41,High
RRA-02750,2025-02-21,Pune,Bibwewadi Ward,Pune Satara Road,18.46697,73.863095,4.3,46.81,1146.6,27.2,8.77,53.6,Medium
RRA-02751,2025-02-08,Delhi,Nizamuddin Ward,Mathura Road,28.588825,77.254108,7.09,44.69,741.5,15.6,29.42,61.4,Medium
RRA-02752,2025-05-15,Pune,Bibwewadi Ward,Pune Satara Road,18.472598,73.860034,22.1,48.12,1848.8,27.2,3.64,53.6,High
RRA-02753,2025-12-25,Mumbai,Chembur Ward,Eastern Express Highway,19.053631,72.902928,9.58,54.59,593.1,22.7,13.61,49.17,Medium
RRA-02754,2025-05-02,Bangalore,HAL Ward,Old Airport Road,12.955257,77.654376,9.8,51.06,2601.8,5.6,8.01,58.83,Low
RRA-02755,2025-06-01,Mumbai,Thane Ward,Ghodbunder Road,19.231847,72.971817,62.02,83.42,2384.4,18.8,16.9,60.54,Critical
RRA-02756,2025-07-11,Bangalore,HAL Ward,Old Airport Road,12.968042,77.641133,32.32,61.19,1483.0,5.6,12.01,58.83,Medium
RRA-02757,2025-04-28,Delhi,Azadpur Ward,GT Karnal Road,28.714267,77.173333,19.8,54.17,2810.8,8.5,14.26,55.67,Medium
RRA-02758,2025-07-29,Delhi,Dwarka Ward,NH48 Highway,28.582854,77.053204,38.29,77.49,1980.7,3.7,9.86,33.75,Medium
RRA-02759,2025-11-12,Delhi,Nangloi Ward,Rohtak Road,28.680805,77.054692,12.08,46.95,1861.6,7.7,21.71,55.52,Medium
RRA-02760,2025-08-05,Chennai,Sholinganallur Ward,Old Mahabalipuram Road,12.901858,80.227008,9.96,55.75,2773.6,8.9,10.28,46.95,Medium
RRA-02761,2025-01-19,Chennai,Neelankarai Ward,East Coast Road,12.954216,80.257106,11.8,49.05,744.9,26.6,6.3,44.7,Medium
RRA-02762,2025-04-03,Pune,Vadgaon Sheri Ward,Nagar Road,18.571875,73.918261,10.03,51.17,1226.3,27.7,9.94,20.82,High
RRA-02763,2025-08-30,Chennai,Sholinganallur Ward,Old Mahabalipuram Road,12.897727,80.226915,17.8,59.05,2121.0,8.9,18.35,46.95,Medium
RRA-02764,2025-12-20,Chennai,Neelankarai Ward,East Coast Road,12.955821,80.262351,14.93,58.32,2626.7,26.6,10.25,44.7,High
RRA-02765,2025-02-15,Delhi,Nizamuddin Ward,Mathura Road,28.593299,77.249732,9.15,53.6,345.7,15.6,8.73,61.4,Low
RRA-02766,2025-12-11,Mumbai,Chembur Ward,Eastern Express Highway,19.048277,72.901703,7.09,44.88,968.1,22.7,28.19,49.17,High
RRA-02767,2025-08-03,Pune,Baner Ward,Baner Road,18.551208,73.795759,31.62,69.3,2372.7,6.4,21.71,70.82,High
RRA-02768,2025-04-28,Bangalore,Marathahalli Ward,Outer Ring Road,12.95943,77.706023,24.13,60.92,1881.7,15.6,18.43,54.34,High
RRA-02769,2025-11-09,Mumbai,Ghatkopar Ward,LBS Marg,19.080362,72.9026,16.31,50.45,790.3,8.0,10.53,64.75,Low
RRA-02770,2025-02-17,Mumbai,Malad Ward,Link Road,19.186864,72.857133,20.2,64.23,2380.6,27.8,19.06,34.41,Critical
RRA-02771,2025-04-24,Delhi,Dwarka Ward,NH48 Highway,28.590701,77.056374,,57.71,1219.7,3.7,8.84,33.75,Low
RRA-02772,2025-07-25,Mumbai,Andheri Ward,Western Express Highway,19.117089,72.849933,51.64,76.71,1184.5,18.2,15.69,59.23,High
RRA-02773,2025-12-20,Delhi,Nangloi Ward,Rohtak Road,28.687695,77.058888,15.59,48.23,951.2,7.7,9.34,55.52,Low
RRA-02774,2025-10-06,Delhi,Azadpur Ward,GT Karnal Road,28.709933,77.166645,16.61,48.87,2541.8,8.5,8.23,55.67,Medium
RRA-02775,2025-11-25,Bangalore,Whitefield Ward,Whitefield Main Road,12.979052,77.755887,5.94,,738.9,9.0,10.87,34.76,Low
RRA-02776,2025-02-05,Hyderabad,Gachibowli Ward,Outer Ring Road,17.441821,78.377536,13.85,39.38,1180.0,11.2,6.2,21.41,Low
RRA-02777,2025-07-22,Bangalore,Marathahalli Ward,Outer Ring Road,12.959826,77.700724,36.61,66.23,1766.2,15.6,,54.34,Medium
RRA-02778,2025-12-12,Pune,Bibwewadi Ward,Pune Satara Road,18.47488,73.854808,8.33,45.1,2561.5,27.2,7.2,53.6,High
RRA-02779,2025-01-12,Hyderabad,Uppal Ward,Uppal Road,17.407377,78.563885,6.15,56.17,385.3,22.8,20.7,33.72,Medium
RRA-02780,2025-04-02,Pune,Vadgaon Sheri Ward,Nagar Road,18.552701,73.906226,10.94,49.59,1667.2,27.7,6.44,20.82,High
RRA-02781,2025-01-12,Mumbai,Vashi Ward,Sion Panvel Highway,19.07946,73.005662,11.69,53.34,1307.2,15.5,13.03,64.06,Medium
RRA-02782,2025-10-07,Mumbai,Thane Ward,Ghodbunder Road,19.244481,72.974818,15.26,51.02,1802.4,18.8,13.99,60.54,Medium
RRA-02783,2025-01-14,Chennai,Neelankarai Ward,East Coast Road,12.961757,80.259213,13.0,45.79,1849.4,26.6,12.74,44.7,High
RRA-02784,2025-08-31,Delhi,Dwarka Ward,NH48 Highway,28.593809,77.033065,28.25,,1953.2,3.7,19.51,33.75,Medium
RRA-02785,2025-06-19,Delhi,Nizamuddin Ward,Mathura Road,28.596347,77.25502,28.95,64.18,426.9,15.6,18.57,61.4,Medium
RRA-02786,2025-03-27,Chennai,Sholinganallur Ward,Old Mahabalipuram Road,12.900941,80.222388,5.91,49.72,962.8,8.9,23.02,46.95,Low
RRA-02787,2025-07-21,Hyderabad,Hussain Sagar Ward,Tank Bund Road,17.423037,78.486334,35.72,75.61,1551.0,22.2,24.33,26.42,Critical
RRA-02788,2025-03-24,Chennai,Neelankarai Ward,East Coast Road,12.966497,80.256896,7.07,39.56,715.1,26.6,31.67,44.7,High
RRA-02789,2025-11-22,Bangalore,HAL Ward,Old Airport Road,12.95797,77.649242,6.89,48.11,100.0,5.6,4.88,58.83,Low
RRA-02790,2025-02-11,Hyderabad,Uppal Ward,Uppal Road,17.400843,78.555464,10.82,46.42,1482.6,22.8,15.53,33.72,High
RRA-02791,2025-01-22,Bangalore,Whitefield Ward,Whitefield Main Road,12.982515,77.742051,2.51,56.47,1371.6,9.0,11.48,34.76,Low
RRA-02792,2025-09-07,Pune,Vadgaon Sheri Ward,Nagar Road,18.560967,73.91896,14.3,49.2,2277.4,27.7,,20.82,Critical
RRA-02793,2025-10-21,Mumbai,Chembur Ward,Eastern Express Highway,19.051585,72.901114,8.14,47.98,900.4,22.7,3.65,49.17,Medium
RRA-02794,2025-06-01,Pune,Vadgaon Sheri Ward,Nagar Road,18.557309,73.907442,32.94,67.12,1117.0,27.7,3.24,20.82,High
RRA-02795,2025-02-02,Bangalore,Marathahalli Ward,Outer Ring Road,12.96311,77.706327,5.51,46.39,1224.5,15.6,15.39,54.34,Medium
RRA-02796,2025-12-04,Mumbai,Bandra Ward,SV Road,19.050306,72.826573,21.82,62.45,2106.1,13.0,12.02,25.17,High
RRA-02797,2025-07-19,Chennai,Sholinganallur Ward,Old Mahabalipuram Road,12.899316,80.218484,10.17,51.41,1682.4,8.9,8.13,46.95,Low
RRA-02798,2025-10-28,Mumbai,Ghatkopar Ward,LBS Marg,19.086714,72.903195,15.36,58.99,468.3,8.0,16.17,64.75,Low
RRA-02799,2025-04-30,Bangalore,Kengeri Ward,Mysore Road,12.915781,77.483914,6.71,52.32,1935.5,10.9,13.66,33.33,Medium
RRA-02800,2025-07-12,Delhi,Azadpur Ward,GT Karnal Road,28.728025,77.176994,38.02,74.92,454.0,8.5,13.35,55.67,Medium
RRA-02801,2025-08-01,Bangalore,Peenya Ward,Tumkur Road,13.020911,77.520906,36.28,65.39,889.5,7.4,11.8,84.46,Low
RRA-02802,2025-07-19,Delhi,Nangloi Ward,Rohtak Road,28.678486,77.059791,39.12,67.25,867.0,7.7,29.63,55.52,High
RRA-02803,2025-05-06,Mumbai,Andheri Ward,Western Express Highway,19.119967,72.839879,35.55,67.97,2064.7,18.2,6.21,59.23,High
RRA-02804,2025-11-24,Chennai,Sholinganallur Ward,Old Mahabalipuram Road,12.89426,80.225946,29.06,65.57,2800.0,8.9,4.08,46.95,Medium
RRA-02805,2025-07-29,Delhi,Nizamuddin Ward,Mathura Road,28.587044,77.25565,54.76,76.91,646.5,15.6,6.42,61.4,Medium
RRA-02806,2025-09-09,Bangalore,Whitefield Ward,Whitefield Main Road,12.98047,77.753841,27.26,66.39,1150.1,9.0,12.52,34.76,Medium
RRA-02807,2025-03-07,Mumbai,Andheri Ward,Western Express Highway,19.118341,72.860482,18.23,58.1,863.9,18.2,15.48,59.23,Medium
RRA-02808,2025-06-25,Delhi,Laxmi Nagar Ward,Vikas Marg,28.637229,77.277717,,63.05,978.6,9.6,13.83,24.48,Medium
RRA-02809,2025-11-30,Hyderabad,Banjara Hills Ward,Banjara Hills Road No 12,17.414914,78.43694,8.29,53.98,1919.1,24.5,8.06,34.45,High
RRA-02810,2025-04-11,Chennai,Teynampet Ward,Anna Salai,13.038318,80.237486,12.51,52.14,2954.8,26.0,12.61,24.53,Critical
RRA-02811,2025-03-05,Bangalore,Peenya Ward,Tumkur Road,13.026604,77.518909,4.63,38.78,1396.7,7.4,7.61,84.46,Low
RRA-02812,2025-06-03,Chennai,Teynampet Ward,Anna Salai,13.047271,80.247883,9.59,42.04,1406.4,26.0,22.4,24.53,High
RRA-02813,2025-08-18,Delhi,Nangloi Ward,Rohtak Road,28.676197,77.044821,30.37,70.25,1296.7,7.7,15.52,55.52,Medium
RRA-02814,2025-01-17,Mumbai,Malad Ward,Link Road,19.186936,72.853547,5.16,46.52,497.1,27.8,16.43,34.41,Medium
RRA-02815,2025-04-25,Pune,Baner Ward,Baner Road,18.556991,73.77726,13.63,60.55,965.9,6.4,10.9,70.82,Low
RRA-02816,2025-06-29,Mumbai,Ghatkopar Ward,LBS Marg,19.093133,72.894744,62.15,95.96,1685.4,8.0,12.22,64.75,High
RRA-02817,2025-03-09,Hyderabad,Uppal Ward,Uppal Road,17.39053,78.551709,4.28,44.95,1480.0,22.8,9.98,33.72,Medium
RRA-02818,2025-10-27,Pune,Vadgaon Sheri Ward,Nagar Road,18.55412,73.922307,15.0,65.81,2021.6,27.7,7.05,20.82,Critical
RRA-02819,2025-08-05,Pune,Vadgaon Sheri Ward,Nagar Road,18.550762,73.912127,32.86,67.91,1605.6,27.7,10.78,20.82,Critical
RRA-02820,2025-05-31,Bangalore,Bannerghatta Ward,Bannerghatta Road,12.89456,77.602892,28.59,64.06,2119.4,27.2,9.43,33.99,Critical
RRA-02821,2025-08-19,Pune,Vadgaon Sheri Ward,Nagar Road,18.562391,73.912197,24.97,64.61,2397.2,27.7,12.09,20.82,Critical
RRA-02822,2025-12-14,Bangalore,Whitefield Ward,Whitefield Main Road,12.973698,77.745906,3.29,55.25,1385.6,9.0,22.59,34.76,Medium
RRA-02823,2025-11-01,Hyderabad,Hussain Sagar Ward,Tank Bund Road,17.418201,78.480421,6.84,47.3,2294.8,22.2,12.82,26.42,High
RRA-02824,2025-04-04,Delhi,Laxmi Nagar Ward,Vikas Marg,28.637091,77.280314,9.98,50.57,2316.6,9.6,20.69,24.48,High
RRA-02825,2025-08-15,Bangalore,HAL Ward,Old Airport Road,12.966325,77.649756,35.93,67.43,1554.5,5.6,27.2,58.83,High
RRA-02826,2025-07-31,Mumbai,Malad Ward,Link Road,19.178412,72.859691,49.24,70.41,1096.6,27.8,13.36,34.41,Critical
RRA-02827,2025-12-17,Hyderabad,Hussain Sagar Ward,Tank Bund Road,17.42224,78.459865,13.84,62.37,2885.7,22.2,20.91,26.42,Critical
RRA-02828,2025-09-09,Chennai,Neelankarai Ward,East Coast Road,12.96328,80.248661,17.47,53.47,1531.3,26.6,15.41,44.7,High
RRA-02829,2025-10-30,Chennai,Sholinganallur Ward,Old Mahabalipuram Road,12.899872,80.232672,43.63,62.57,1832.4,8.9,12.75,46.95,High
RRA-02830,2025-10-04,Hyderabad,Banjara Hills Ward,Banjara Hills Road No 12,17.407397,78.429046,21.01,55.79,1098.8,24.5,21.1,34.45,High
RRA-02831,2025-06-16,Bangalore,HAL Ward,Old Airport Road,12.960842,77.653824,50.36,75.88,1043.5,5.6,8.25,58.83,Medium
RRA-02832,2025-03-12,Bangalore,HAL Ward,Old Airport Road,12.953494,77.648655,3.69,49.73,1198.5,5.6,11.67,58.83,Low
RRA-02833,2025-03-12,Mumbai,Andheri Ward,Western Express Highway,19.112669,72.844512,15.36,51.51,2110.9,18.2,19.12,59.23,High
RRA-02834,2025-06-05,Bangalore,Bellandur Ward,Sarjapur Road,12.908368,77.689196,22.71,57.99,327.4,21.0,26.01,33.19,High
RRA-02835,2025-08-11,Mumbai,Malad Ward,Link Road,19.19409,72.842775,50.3,79.73,2068.8,27.8,13.74,34.41,Critical
RRA-02836,2025-06-25,Pune,Bibwewadi Ward,Pune Satara Road,18.464498,73.855389,38.45,68.63,1529.3,27.2,8.81,53.6,Critical
RRA-02837,2025-06-23,Pune,Bibwewadi Ward,Pune Satara Road,18.471652,73.861399,41.89,64.35,1299.3,27.2,12.17,53.6,Critical
RRA-02838,2025-08-02,Hyderabad,Banjara Hills Ward,Banjara Hills Road No 12,17.411565,78.435874,34.6,72.81,745.5,24.5,15.24,34.45,High
RRA-02839,2025-04-30,Mumbai,Chembur Ward,Eastern Express Highway,19.049473,72.9006,32.84,65.69,2602.6,22.7,21.06,49.17,Critical
RRA-02840,2025-03-30,Pune,Baner Ward,Baner Road,18.563174,73.772946,7.33,62.77,3740.742338595337,6.4,7.91,70.82,Low
RRA-02841,2025-06-21,Chennai,Neelankarai Ward,East Coast Road,12.957201,80.259211,13.21,45.14,2216.1,26.6,9.42,44.7,High
RRA-02842,2025-10-13,Delhi,Nizamuddin Ward,Mathura Road,28.573312,77.251201,9.56,59.0,1599.3,15.6,20.82,61.4,Medium
RRA-02843,2025-02-10,Chennai,Koyambedu Ward,Poonamallee High Road,13.077146,80.198494,5.63,44.29,2475.5,2.5,23.75,52.88,Medium
RRA-02844,2025-04-23,Bangalore,Marathahalli Ward,Outer Ring Road,12.962723,77.693179,7.96,38.3,2079.2,15.6,15.59,54.34,Medium
RRA-02845,2025-08-02,Hyderabad,Uppal Ward,Uppal Road,17.409884,78.55514,,73.99,2214.8,22.8,8.16,33.72,Critical
RRA-02846,2025-04-20,Pune,Bibwewadi Ward,Pune Satara Road,18.454924,73.86434,11.71,53.82,2551.5,27.2,10.53,53.6,High
RRA-02847,2025-04-19,Bangalore,Kengeri Ward,Mysore Road,12.91737,77.48022,10.46,57.56,100.0,10.9,9.94,33.33,Low
RRA-02848,2025-12-02,Bangalore,Whitefield Ward,Whitefield Main Road,12.968185,77.75012,4.06,,2505.6,9.0,4.29,34.76,Medium
RRA-02849,2025-08-03,Bangalore,HAL Ward,Old Airport Road,12.958201,77.65185,32.7,59.93,1114.8,5.6,8.37,58.83,Low
RRA-02850,2025-05-02,Chennai,Koyambedu Ward,Poonamallee High Road,13.052355,80.188178,3.66,49.48,2173.3,2.5,16.65,52.88,Low
RRA-02851,2025-07-31,Delhi,Nizamuddin Ward,Mathura Road,28.587874,77.255524,38.26,71.2,1678.7,15.6,3.82,61.4,Medium
RRA-02852,2025-01-14,Pune,Vadgaon Sheri Ward,Nagar Road,18.567551,73.914233,24.57,59.27,1265.6,27.7,12.93,20.82,Critical
RRA-02853,2025-02-24,Mumbai,Vashi Ward,Sion Panvel Highway,19.065273,73.005741,15.69,48.42,1860.4,15.5,9.76,64.06,Medium
RRA-02854,2025-05-07,Mumbai,Vashi Ward,Sion Panvel Highway,19.085702,73.002638,36.99,79.14,1951.2,15.5,15.95,64.06,High
RRA-02855,2025-01-30,Delhi,Dwarka Ward,NH48 Highway,28.590209,77.034061,,40.59,1002.2,3.7,15.1,33.75,Low
RRA-02856,2025-06-09,Chennai,Teynampet Ward,Anna Salai,13.047966,80.246364,14.44,55.38,1136.9,26.0,13.87,24.53,High
RRA-02857,2025-03-24,Hyderabad,Banjara Hills Ward,Banjara Hills Road No 12,17.419081,78.42905,10.7,53.94,980.4,24.5,14.66,34.45,Medium
RRA-02858,2025-12-23,Pune,Vadgaon Sheri Ward,Nagar Road,18.566544,73.910246,8.03,51.75,614.3,27.7,6.81,20.82,Medium
RRA-02859,2025-11-22,Pune,Baner Ward,Baner Road,18.559434,73.785823,4.69,52.91,2053.5,6.4,14.81,70.82,Low
RRA-02860,2025-09-08,Pune,Vadgaon Sheri Ward,Nagar Road,18.552091,73.920045,15.99,53.38,764.0,27.7,5.56,20.82,High
RRA-02861,2025-05-02,Hyderabad,Gachibowli Ward,Outer Ring Road,17.435524,78.369708,8.64,50.33,1493.0,11.2,6.14,21.41,Medium
RRA-02862,2025-12-22,Pune,Baner Ward,Baner Road,18.559911,73.791302,8.37,51.9,1638.2,6.4,15.55,70.82,Low
RRA-02863,2025-01-09,Hyderabad,Banjara Hills Ward,Banjara Hills Road No 12,17.413647,78.431728,9.3,53.79,1111.1,24.5,5.69,34.45,Medium
RRA-02864,2025-04-08,Delhi,Nizamuddin Ward,Mathura Road,28.589368,77.252944,,41.73,339.1,15.6,9.65,61.4,Low
RRA-02865,2025-12-20,Mumbai,Chembur Ward,Eastern Express Highway,19.053297,72.906127,9.15,51.82,352.5,22.7,8.88,49.17,Medium
RRA-02866,2025-10-30,Hyderabad,Gachibowli Ward,Outer Ring Road,17.448623,78.379003,6.72,51.74,786.0,11.2,13.63,21.41,Low
RRA-02867,2025-12-27,Mumbai,Chembur Ward,Eastern Express Highway,19.044551,72.896685,7.74,61.06,,22.7,12.2,49.17,Medium
RRA-02868,2025-08-01,Mumbai,Andheri Ward,Western Express Highway,19.125019,72.851433,48.6,80.48,386.4,18.2,13.31,59.23,High
RRA-02869,2025-04-16,Mumbai,Chembur Ward,Eastern Express Highway,19.059173,72.904808,18.12,59.67,2728.1,22.7,21.59,49.17,Critical
RRA-02870,2025-04-23,Hyderabad,Uppal Ward,Uppal Road,17.408023,78.557536,10.46,52.47,1940.2,22.8,5.89,33.72,High
RRA-02871,2025-10-17,Mumbai,Ghatkopar Ward,LBS Marg,19.079372,72.902816,11.5,50.45,570.7,8.0,10.15,64.75,Low
RRA-02872,2025-01-25,Mumbai,Malad Ward,Link Road,19.190195,72.861117,15.39,49.06,1453.6,27.8,10.4,34.41,High
RRA-02873,2025-11-29,Chennai,Neelankarai Ward,East Coast Road,12.956013,80.260714,36.87,66.04,1532.9,26.6,4.22,44.7,High
RRA-02874,2025-02-21,Bangalore,Marathahalli Ward,Outer Ring Road,12.957657,77.710616,7.14,48.07,1433.5,15.6,16.16,54.34,Medium
RRA-02875,2025-07-31,Chennai,Neelankarai Ward,East Coast Road,12.953165,80.257893,9.07,56.02,1902.1,26.6,13.79,44.7,High
RRA-02876,2025-12-13,Delhi,Dhaula Kuan Ward,Outer Ring Road,28.593464,77.168176,7.6,50.52,1382.1,27.2,10.04,32.72,High
RRA-02877,2025-03-09,Chennai,Sholinganallur Ward,Old Mahabalipuram Road,12.898861,80.223367,11.17,56.21,2210.9,8.9,26.88,46.95,High
RRA-02878,2025-04-22,Delhi,Dwarka Ward,NH48 Highway,28.587857,77.046448,35.67,72.88,1060.4,3.7,12.91,33.75,Medium
RRA-02879,2025-07-12,Delhi,Dhaula Kuan Ward,Outer Ring Road,28.601652,77.158216,43.1,74.76,1718.3,27.2,11.46,32.72,Critical
RRA-02880,2025-11-24,Chennai,Koyambedu Ward,Poonamallee High Road,13.066198,80.19636,28.39,70.66,702.5,2.5,9.09,52.88,Low
RRA-02881,2025-02-01,Mumbai,Andheri Ward,Western Express Highway,19.124475,72.845413,11.32,53.1,2512.1,18.2,7.86,59.23,Medium
RRA-02882,2025-01-04,Bangalore,Bannerghatta Ward,Bannerghatta Road,12.895481,77.599706,7.17,59.92,1129.3,27.2,5.24,33.99,Medium
RRA-02883,2025-10-16,Mumbai,Thane Ward,Ghodbunder Road,19.237847,72.984763,7.17,57.68,1498.5,18.8,6.59,60.54,Medium
RRA-02884,2025-03-08,Delhi,Nangloi Ward,Rohtak Road,28.685043,77.052873,4.4,32.99,859.8,7.7,7.93,55.52,Low
RRA-02885,2025-04-28,Delhi,Laxmi Nagar Ward,Vikas Marg,28.63209,77.268803,11.96,45.83,1100.8,9.6,28.24,24.48,Medium
RRA-02886,2025-11-24,Hyderabad,Hussain Sagar Ward,Tank Bund Road,17.41008,78.466533,28.82,52.59,1476.0,22.2,9.7,26.42,High
RRA-02887,2025-12-16,Mumbai,Vashi Ward,Sion Panvel Highway,19.08109,72.995072,6.56,43.67,982.8,15.5,21.38,64.06,Medium
RRA-02888,2025-12-05,Hyderabad,Hussain Sagar Ward,Tank Bund Road,17.42793,78.483282,5.43,42.94,822.7,22.2,8.3,26.42,Medium
RRA-02889,2025-09-30,Mumbai,Chembur Ward,Eastern Express Highway,19.055945,72.89329,9.06,53.36,2337.3,22.7,13.77,49.17,High
RRA-02890,2025-01-17,Chennai,Tambaram Ward,GST Road,12.92146,80.098335,8.76,52.86,1585.1,27.5,4.58,8.73,High
RRA-02891,2025-04-01,Mumbai,Vashi Ward,Sion Panvel Highway,19.082265,72.99454,10.6,56.8,1858.9,15.5,7.57,64.06,Medium
RRA-02892,2025-04-07,Delhi,Laxmi Nagar Ward,Vikas Marg,28.630961,77.272569,4.49,44.0,1052.6,9.6,12.15,24.48,Low
RRA-02893,2025-10-16,Mumbai,Andheri Ward,Western Express Highway,19.117275,72.842891,9.04,49.57,939.8,18.2,22.34,59.23,Medium
RRA-02894,2025-02-20,Delhi,Azadpur Ward,GT Karnal Road,28.70539,77.182718,19.77,59.06,1342.1,8.5,8.06,55.67,Low
RRA-02895,2025-08-05,Mumbai,Vashi Ward,Sion Panvel Highway,19.07855,72.995312,55.73,87.88,1234.7,15.5,29.33,64.06,Critical
RRA-02896,2025-07-03,Hyderabad,Gachibowli Ward,Outer Ring Road,17.446337,78.374028,29.31,63.11,153.6,11.2,13.88,21.41,Medium
RRA-02897,2025-05-23,Bangalore,Bannerghatta Ward,Bannerghatta Road,12.90583,77.595308,28.74,61.01,100.0,27.2,8.93,33.99,Medium
RRA-02898,2025-03-25,Chennai,Neelankarai Ward,East Coast Road,12.963857,80.267754,4.5,49.76,1210.2,26.6,13.04,44.7,Medium
RRA-02899,2025-05-22,Mumbai,Bandra Ward,SV Road,19.053185,72.826872,46.76,71.7,339.8,13.0,11.99,25.17,Medium
RRA-02900,2025-06-19,Mumbai,Chembur Ward,Eastern Express Highway,19.05043,72.898815,58.61,75.93,817.9,22.7,7.28,49.17,High
RRA-02901,2025-01-31,Mumbai,Ghatkopar Ward,LBS Marg,19.092329,72.905559,13.36,58.53,1554.0,8.0,4.22,64.75,Low
RRA-02902,2025-04-21,Bangalore,Kengeri Ward,Mysore Road,12.919879,77.490675,7.49,45.15,1118.2,10.9,12.68,33.33,Low
RRA-02903,2025-11-23,Bangalore,Bellandur Ward,Sarjapur Road,12.923487,77.680013,14.56,59.1,1412.2,21.0,4.87,33.19,Medium
RRA-02904,2025-04-08,Bangalore,Marathahalli Ward,Outer Ring Road,12.964235,77.703392,6.61,43.94,2023.6,15.6,17.73,54.34,Medium
RRA-02905,2025-07-31,Bangalore,Kengeri Ward,Mysore Road,12.908134,77.493763,34.37,73.4,1711.5,10.9,2.66,33.33,Medium
RRA-02906,2025-09-16,Bangalore,Bannerghatta Ward,Bannerghatta Road,12.89062,77.596121,13.48,49.08,1953.0,27.2,6.02,33.99,High
RRA-02907,2025-06-16,Bangalore,Marathahalli Ward,Outer Ring Road,12.950316,77.700413,41.64,69.54,746.9,15.6,13.64,54.34,Medium
RRA-02908,2025-05-01,Bangalore,HAL Ward,Old Airport Road,12.952032,77.647779,7.56,55.34,1408.7,5.6,19.17,58.83,Low
RRA-02909,2025-03-24,Pune,Katraj Ward,Katraj Dehu Road Bypass,18.452969,73.864539,4.13,44.76,390.6,27.9,6.2,10.35,Medium
RRA-02910,2025-05-29,Delhi,Azadpur Ward,GT Karnal Road,28.713819,77.169793,17.97,49.72,1447.7,8.5,19.25,55.67,Medium
RRA-02911,2025-09-15,Delhi,Dwarka Ward,NH48 Highway,28.58878,77.036974,21.29,55.74,1153.2,3.7,7.79,33.75,Low
RRA-02912,2025-11-02,Pune,Baner Ward,Baner Road,18.551969,73.792688,4.91,48.84,2484.8,6.4,11.71,70.82,Low
RRA-02913,2025-03-16,Pune,Katraj Ward,Katraj Dehu Road Bypass,18.45785,73.867956,12.68,59.75,1553.2,27.9,30.24,10.35,Critical
RRA-02914,2025-01-24,Pune,Bibwewadi Ward,Pune Satara Road,18.458965,73.860407,7.1,44.16,847.3,27.2,12.77,53.6,Medium
RRA-02915,2025-07-27,Delhi,Laxmi Nagar Ward,Vikas Marg,28.634367,77.282252,37.77,64.71,912.5,9.6,14.68,24.48,Medium
RRA-02916,2025-10-15,Delhi,Nangloi Ward,Rohtak Road,28.674975,77.059902,7.52,44.88,939.5,7.7,17.51,55.52,Low
RRA-02917,2025-06-24,Bangalore,Bannerghatta Ward,Bannerghatta Road,12.886887,77.59384,39.17,66.89,606.5,27.2,7.89,33.99,High
RRA-02918,2025-05-11,Pune,Baner Ward,Baner Road,18.560935,73.790443,23.27,62.29,1349.4,6.4,16.52,70.82,Medium
RRA-02919,2025-06-28,Bangalore,Peenya Ward,Tumkur Road,13.037745,77.522436,29.64,75.99,159.5,7.4,4.58,84.46,Low
RRA-02920,2025-11-03,Delhi,Laxmi Nagar Ward,Vikas Marg,28.639417,77.277562,9.67,43.63,1681.9,9.6,15.65,24.48,Medium
RRA-02921,2025-09-29,Bangalore,Peenya Ward,Tumkur Road,13.040803,77.516878,18.81,56.27,1321.2,7.4,28.66,84.46,Medium
RRA-02922,2025-08-30,Delhi,Dwarka Ward,NH48 Highway,28.589778,77.055415,24.72,50.95,715.1,3.7,11.99,33.75,Low
RRA-02923,2025-09-26,Delhi,Nizamuddin Ward,Mathura Road,28.590128,77.262327,20.95,58.29,1272.9,15.6,14.54,61.4,Medium
RRA-02924,2025-09-14,Chennai,Teynampet Ward,Anna Salai,13.039429,80.246821,24.6,68.07,1473.4,26.0,5.81,24.53,High
RRA-02925,2025-09-01,Delhi,Dwarka Ward,NH48 Highway,28.592446,77.044521,21.58,54.96,736.9,3.7,14.25,33.75,Low
RRA-02926,2025-08-31,Hyderabad,Gachibowli Ward,Outer Ring Road,17.449824,78.362412,31.15,71.67,662.7,11.2,12.23,21.41,Medium
RRA-02927,2025-11-28,Bangalore,Marathahalli Ward,Outer Ring Road,12.967523,77.696147,10.47,47.09,837.1,15.6,3.02,54.34,Low
RRA-02928,2025-09-17,Delhi,Azadpur Ward,GT Karnal Road,28.707601,77.169349,15.14,,2309.4,8.5,5.58,55.67,Medium
RRA-02929,2025-01-01,Chennai,Tambaram Ward,GST Road,12.933825,80.104115,5.23,49.73,1685.0,27.5,10.87,8.73,High
RRA-02930,2025-05-06,Bangalore,Bannerghatta Ward,Bannerghatta Road,12.892189,77.588366,,50.65,1048.1,27.2,6.6,33.99,Medium
RRA-02931,2025-01-21,Pune,Katraj Ward,Katraj Dehu Road Bypass,18.445766,73.863013,4.18,42.24,413.9,27.9,7.93,10.35,Medium
RRA-02932,2025-09-17,Chennai,Koyambedu Ward,Poonamallee High Road,13.062011,80.202963,21.58,55.77,820.7,2.5,9.14,52.88,Low
RRA-02933,2025-01-26,Bangalore,HAL Ward,Old Airport Road,12.965338,77.644997,5.23,47.52,2266.8,5.6,6.11,58.83,Low
RRA-02934,2025-11-16,Mumbai,Andheri Ward,Western Express Highway,19.124049,72.848995,13.31,47.61,2230.0,18.2,23.45,59.23,High
RRA-02935,2025-05-09,Delhi,Nangloi Ward,Rohtak Road,28.682356,77.060975,12.78,59.55,1861.1,7.7,10.4,55.52,Medium
RRA-02936,2025-08-05,Mumbai,Bandra Ward,SV Road,19.05693,72.830663,45.59,62.53,640.3,13.0,7.23,25.17,Medium
RRA-02937,2025-10-21,Delhi,Nizamuddin Ward,Mathura Road,28.588745,77.252842,18.27,56.96,3850.3,15.6,14.05,61.4,Critical
RRA-02938,2025-12-14,Mumbai,Malad Ward,Link Road,19.189531,72.857637,11.91,60.45,1538.6,27.8,5.28,34.41,High
RRA-02939,2025-04-13,Chennai,Teynampet Ward,Anna Salai,13.043664,80.244219,9.96,56.87,,26.0,16.88,24.53,Critical
RRA-02940,2025-11-17,Chennai,Teynampet Ward,Anna Salai,13.039281,80.238476,32.81,60.98,2675.5,26.0,9.64,24.53,Critical
RRA-02941,2025-12-24,Mumbai,Thane Ward,Ghodbunder Road,19.240351,72.987757,8.9,52.84,948.5,18.8,6.18,60.54,Low
RRA-02942,2025-01-25,Bangalore,Peenya Ward,Tumkur Road,13.028554,77.528128,2.99,52.11,1193.3,7.4,19.5,84.46,Low
RRA-02943,2025-12-10,Bangalore,Peenya Ward,Tumkur Road,13.026082,77.514912,8.1,48.64,2105.5,7.4,12.22,84.46,Low
RRA-02944,2025-02-28,Delhi,Azadpur Ward,GT Karnal Road,28.712548,77.173297,5.58,48.41,7741.902640018606,8.5,8.53,55.67,Low
RRA-02945,2025-11-29,Chennai,Sholinganallur Ward,Old Mahabalipuram Road,12.910111,80.22942,39.62,71.72,2005.2,8.9,8.18,46.95,High
RRA-02946,2025-05-25,Mumbai,Bandra Ward,SV Road,19.051034,72.829542,43.41,68.81,1415.9,13.0,16.52,25.17,High
RRA-02947,2025-01-31,Mumbai,Thane Ward,Ghodbunder Road,19.225041,72.986322,9.99,48.24,1131.4,18.8,5.75,60.54,Medium
RRA-02948,2025-11-25,Chennai,Tambaram Ward,GST Road,12.920368,80.095364,26.69,63.73,952.8,27.5,11.2,8.73,High
RRA-02949,2025-03-25,Delhi,Dhaula Kuan Ward,Outer Ring Road,28.597651,77.164783,,59.23,1945.0,27.2,19.69,32.72,Critical
RRA-02950,2025-05-28,Hyderabad,Gachibowli Ward,Outer Ring Road,17.451068,78.366095,13.35,52.69,1726.8,11.2,9.32,21.41,Medium
RRA-02951,2025-11-09,Bangalore,Bannerghatta Ward,Bannerghatta Road,12.904392,77.590801,14.27,49.45,790.0,27.2,7.93,33.99,Medium
RRA-02952,2025-01-12,Mumbai,Chembur Ward,Eastern Express Highway,19.053565,72.890732,20.79,56.47,1366.0,22.7,12.76,49.17,High
RRA-02953,2025-05-18,Mumbai,Malad Ward,Link Road,19.188664,72.854391,42.28,65.45,1584.9,27.8,13.6,34.41,Critical
RRA-02954,2025-08-05,Delhi,Nangloi Ward,Rohtak Road,28.676252,77.058385,44.23,69.74,697.5,7.7,7.2,55.52,Medium
RRA-02955,2025-06-30,Delhi,Azadpur Ward,GT Karnal Road,28.705904,77.177049,35.75,64.9,1748.8,8.5,5.56,55.67,Medium
RRA-02956,2025-05-27,Bangalore,Peenya Ward,Tumkur Road,13.030445,77.517615,37.5,51.14,1516.1,7.4,4.33,84.46,Low
RRA-02957,2025-03-16,Hyderabad,Banjara Hills Ward,Banjara Hills Road No 12,17.418066,78.437125,7.0,40.26,100.0,24.5,12.37,34.45,Medium
RRA-02958,2025-06-03,Chennai,Koyambedu Ward,Poonamallee High Road,13.079383,80.197233,4.47,54.06,2087.2,2.5,5.04,52.88,Low
RRA-02959,2025-07-20,Delhi,Nangloi Ward,Rohtak Road,28.684461,77.066474,45.88,59.78,2487.0,7.7,4.49,55.52,Medium
RRA-02960,2025-07-14,Mumbai,Vashi Ward,Sion Panvel Highway,19.062866,73.000883,65.57,84.9,1616.7,15.5,28.16,64.06,Critical
RRA-02961,2025-06-25,Hyderabad,Gachibowli Ward,Outer Ring Road,17.447946,78.377104,26.12,66.06,2358.6,11.2,13.26,21.41,High
RRA-02962,2025-12-03,Bangalore,Kengeri Ward,Mysore Road,12.904021,77.491253,10.74,47.11,1570.3,10.9,7.17,33.33,Medium
RRA-02963,2025-10-18,Chennai,Tambaram Ward,GST Road,12.920828,80.104752,39.48,65.64,1407.6,27.5,16.35,8.73,Critical
RRA-02964,2025-03-10,Mumbai,Chembur Ward,Eastern Express Highway,19.051345,72.904943,,46.57,1401.2,22.7,19.22,49.17,Medium
RRA-02965,2025-05-01,Pune,Bibwewadi Ward,Pune Satara Road,18.46067,73.86247,12.69,57.48,100.0,27.2,23.25,53.6,Medium
RRA-02966,2025-05-26,Bangalore,Kengeri Ward,Mysore Road,12.915103,77.485618,18.81,61.66,575.6,10.9,10.57,33.33,Medium
RRA-02967,2025-05-20,Bangalore,Peenya Ward,Tumkur Road,13.035215,77.52639,14.67,58.03,1844.9,7.4,24.6,84.46,Medium
RRA-02968,2025-10-07,Chennai,Tambaram Ward,GST Road,12.918441,80.09485,28.67,73.13,1310.3,27.5,15.29,8.73,Critical
RRA-02969,2025-06-24,Bangalore,Marathahalli Ward,Outer Ring Road,12.955665,77.702659,28.19,70.1,2796.5,15.6,9.86,54.34,High
RRA-02970,2025-02-15,Mumbai,Vashi Ward,Sion Panvel Highway,19.073904,72.991586,9.95,50.17,1620.2,15.5,13.28,64.06,Medium
RRA-02971,2025-03-11,Mumbai,Vashi Ward,Sion Panvel Highway,19.065007,73.005019,7.86,60.46,534.7,15.5,6.12,64.06,Low
RRA-02972,2025-02-20,Bangalore,Bellandur Ward,Sarjapur Road,12.915182,77.694375,3.2,39.62,1190.2,21.0,7.07,33.19,Medium
RRA-02973,2025-05-29,Mumbai,Chembur Ward,Eastern Express Highway,19.044739,72.89509,50.78,75.73,1157.0,22.7,17.28,49.17,Critical
RRA-02974,2025-02-03,Chennai,Koyambedu Ward,Poonamallee High Road,13.069596,80.188035,9.32,55.46,1823.5,2.5,13.29,52.88,Low
RRA-02975,2025-02-18,Chennai,Tambaram Ward,GST Road,12.929211,80.098165,8.9,50.42,189.2,27.5,7.62,8.73,Medium
RRA-02976,2025-07-05,Chennai,Neelankarai Ward,East Coast Road,12.968961,80.259863,10.97,56.8,629.4,26.6,15.8,44.7,Medium
RRA-02977,2025-09-12,Hyderabad,Hussain Sagar Ward,Tank Bund Road,17.420531,78.48081,20.65,60.89,1389.7,22.2,6.4,26.42,High
RRA-02978,2025-06-23,Bangalore,HAL Ward,Old Airport Road,12.967179,77.642041,33.09,55.19,444.1,5.6,,58.83,Low
RRA-02979,2025-11-17,Chennai,Koyambedu Ward,Poonamallee High Road,13.065908,80.191612,28.94,67.75,2453.1,2.5,9.9,52.88,Medium
RRA-02980,2025-04-29,Mumbai,Malad Ward,Link Road,19.178335,72.846293,35.33,61.55,830.1,27.8,8.17,34.41,High
RRA-02981,2025-11-26,Hyderabad,Hussain Sagar Ward,Tank Bund Road,17.425556,78.478787,4.61,44.33,1323.8,22.2,14.09,26.42,Medium
RRA-02982,2025-07-16,Pune,Baner Ward,Baner Road,18.556947,73.79311,53.83,80.03,2096.6,6.4,10.68,70.82,High
RRA-02983,2025-07-11,Bangalore,Peenya Ward,Tumkur Road,13.02963,77.511671,31.98,60.4,1698.3,7.4,16.67,84.46,Medium
RRA-02984,2025-01-28,Delhi,Dwarka Ward,NH48 Highway,28.595767,77.039203,6.52,50.98,1146.5,3.7,4.88,33.75,Low
RRA-02985,2025-06-29,Bangalore,Whitefield Ward,Whitefield Main Road,12.969137,77.754246,35.73,67.53,1528.6,9.0,20.42,34.76,High
RRA-02986,2025-04-26,Mumbai,Chembur Ward,Eastern Express Highway,19.053049,72.907392,22.19,46.29,2669.0,22.7,15.23,49.17,Critical
RRA-02987,2025-07-21,Mumbai,Vashi Ward,Sion Panvel Highway,19.083045,72.996383,56.78,79.7,1719.2,15.5,9.86,64.06,High
RRA-02988,2025-04-25,Mumbai,Bandra Ward,SV Road,19.069546,72.829107,25.63,52.34,742.4,13.0,8.12,25.17,Medium
RRA-02989,2025-12-13,Mumbai,Andheri Ward,Western Express Highway,19.112866,72.839342,11.48,56.51,2674.1,18.2,9.24,59.23,Medium
RRA-02990,2025-12-15,Chennai,Tambaram Ward,GST Road,12.917728,80.09724,23.12,58.05,898.2,27.5,11.15,8.73,High
RRA-02991,2025-07-08,Mumbai,Bandra Ward,SV Road,19.064082,72.835156,62.52,81.82,961.3,13.0,10.44,25.17,High
RRA-02992,2025-11-10,Hyderabad,Banjara Hills Ward,Banjara Hills Road No 12,17.412735,78.434822,6.76,51.41,610.4,24.5,12.27,34.45,Medium
RRA-02993,2025-02-01,Bangalore,Bannerghatta Ward,Bannerghatta Road,12.898402,77.599598,10.33,,1751.3,27.2,9.13,33.99,High
RRA-02994,2025-08-23,Hyderabad,Banjara Hills Ward,Banjara Hills Road No 12,17.414448,78.439013,33.57,58.0,2128.8,24.5,,34.45,Critical
RRA-02995,2025-04-10,Bangalore,Peenya Ward,Tumkur Road,13.036145,77.522578,11.9,43.42,1382.4,7.4,18.08,84.46,Low
RRA-02996,2025-06-17,Hyderabad,Gachibowli Ward,Outer Ring Road,17.441455,78.378902,42.7,75.0,2766.8,11.2,10.09,21.41,Critical
RRA-02997,2025-12-30,Chennai,Koyambedu Ward,Poonamallee High Road,13.070798,80.200427,11.77,47.93,611.3,2.5,9.97,52.88,Low
RRA-02998,2025-08-22,Hyderabad,Uppal Ward,Uppal Road,17.399305,78.557104,30.09,52.13,1800.3,22.8,7.81,33.72,High
RRA-02999,2025-02-20,Hyderabad,Hussain Sagar Ward,Tank Bund Road,17.427029,78.474303,5.15,59.85,933.7,22.2,15.14,26.42,Medium
RRA-03000,2025-07-30,Hyderabad,Uppal Ward,Uppal Road,17.406394,78.56472,49.91,70.69,1599.2,22.8,17.0,33.72,Critical
RRA-03001,2025-06-03,Chennai,Sholinganallur Ward,Old Mahabalipuram Road,12.905172,80.228415,12.96,53.37,1036.9,8.9,9.01,46.95,Low
RRA-03002,2025-01-14,Bangalore,Whitefield Ward,Whitefield Main Road,12.981951,77.750379,8.11,51.66,1749.4,9.0,9.64,34.76,Medium
RRA-03003,2025-08-24,Delhi,Dwarka Ward,NH48 Highway,28.589778,77.044258,41.98,74.84,1804.7,3.7,10.23,33.75,Medium
RRA-03004,2025-03-15,Mumbai,Andheri Ward,Western Express Highway,19.115938,72.842627,8.12,40.91,1499.5,18.2,8.97,59.23,Medium
RRA-03005,2025-02-24,Bangalore,Marathahalli Ward,Outer Ring Road,12.95783,77.700903,7.37,44.73,2302.1,15.6,11.04,54.34,Medium
RRA-03006,2025-02-20,Mumbai,Malad Ward,Link Road,19.180218,72.841803,7.77,58.56,1484.6,27.8,8.91,34.41,High
RRA-03007,2025-06-07,Bangalore,Bellandur Ward,Sarjapur Road,12.915509,77.679402,26.02,61.13,1730.8,21.0,12.51,33.19,High
RRA-03008,2025-08-27,Mumbai,Chembur Ward,Eastern Express Highway,19.052293,72.900873,25.82,71.25,966.8,22.7,13.18,49.17,High
RRA-03009,2025-11-29,Delhi,Nangloi Ward,Rohtak Road,28.682114,77.062882,10.46,53.86,624.3,7.7,13.15,55.52,Low
RRA-03010,2025-08-31,Hyderabad,Hussain Sagar Ward,Tank Bund Road,17.425933,78.482449,42.26,69.76,1359.7,22.2,21.77,26.42,Critical
RRA-03011,2025-01-20,Bangalore,Peenya Ward,Tumkur Road,13.026505,77.515188,10.21,56.9,662.7,7.4,9.88,84.46,Low
RRA-03012,2025-08-31,Bangalore,Marathahalli Ward,Outer Ring Road,12.95448,77.701078,25.99,60.45,1085.9,15.6,10.19,54.34,Medium
RRA-03013,2025-11-09,Mumbai,Chembur Ward,Eastern Express Highway,19.064111,72.895461,15.71,54.11,1013.2,22.7,21.39,49.17,High
RRA-03014,2025-03-25,Chennai,Neelankarai Ward,East Coast Road,12.943031,80.263179,4.73,45.23,1786.2,26.6,12.07,44.7,High
RRA-03015,2025-02-19,Chennai,Sholinganallur Ward,Old Mahabalipuram Road,12.904391,80.239007,4.47,44.7,1704.9,8.9,13.15,46.95,Low
RRA-03016,2025-04-10,Bangalore,Peenya Ward,Tumkur Road,13.027185,77.52196,5.91,39.57,1393.2,7.4,10.71,84.46,Low
RRA-03017,2025-01-28,Delhi,Azadpur Ward,GT Karnal Road,28.717546,77.176079,7.13,44.43,2314.8,8.5,6.33,55.67,Low
RRA-03018,2025-03-26,Hyderabad,Uppal Ward,Uppal Road,17.402914,78.562643,6.01,36.63,2172.0,22.8,9.09,33.72,High
RRA-03019,2025-05-12,Mumbai,Chembur Ward,Eastern Express Highway,19.047901,72.909834,33.38,61.96,1109.3,22.7,20.31,49.17,High
RRA-03020,2025-04-10,Bangalore,Bannerghatta Ward,Bannerghatta Road,12.909009,77.588521,5.81,57.57,1381.4,27.2,8.22,33.99,High
RRA-03021,2025-06-05,Mumbai,Vashi Ward,Sion Panvel Highway,19.074028,72.998526,56.52,70.5,1366.3,15.5,6.55,64.06,High
RRA-03022,2025-08-11,Delhi,Dwarka Ward,NH48 Highway,28.600004,77.057123,32.27,57.54,2354.2,3.7,6.61,33.75,Medium
RRA-03023,2025-05-29,Hyderabad,Gachibowli Ward,Outer Ring Road,17.448395,78.381495,17.94,72.0,1051.6,11.2,10.32,21.41,Medium
RRA-03024,2025-05-12,Mumbai,Andheri Ward,Western Express Highway,19.114749,72.838293,34.02,64.34,2358.3,18.2,8.35,59.23,High
RRA-03025,2025-09-29,Hyderabad,Uppal Ward,Uppal Road,17.393563,78.56242,14.09,53.09,1823.6,22.8,4.07,33.72,Medium
RRA-03026,2025-10-08,Delhi,Dwarka Ward,NH48 Highway,28.594168,77.031657,9.71,51.84,1526.6,3.7,12.22,33.75,Low
RRA-03027,2025-05-14,Delhi,Nizamuddin Ward,Mathura Road,28.59311,77.251806,13.01,45.01,1910.3,15.6,8.36,61.4,Medium
RRA-03028,2025-09-18,Mumbai,Andheri Ward,Western Express Highway,19.124491,72.84583,13.26,55.4,1719.5,18.2,3.1,59.23,Medium
RRA-03029,2025-01-26,Mumbai,Andheri Ward,Western Express Highway,19.125894,72.853393,12.18,57.29,1605.1,18.2,13.13,59.23,Medium
RRA-03030,2025-03-08,Bangalore,Electronic City Ward,Hosur Road,12.854328,77.659582,5.63,58.07,1589.5,3.2,20.88,45.63,Low
RRA-03031,2025-08-04,Hyderabad,Uppal Ward,Uppal Road,17.402222,78.576335,45.24,70.76,1365.9,22.8,4.79,33.72,High
RRA-03032,2025-04-09,Hyderabad,Hussain Sagar Ward,Tank Bund Road,17.426565,78.472611,7.76,50.26,917.9,22.2,11.35,26.42,Medium
RRA-03033,2025-11-16,Mumbai,Andheri Ward,Western Express Highway,19.125811,72.846672,21.9,63.06,1485.6,18.2,7.49,59.23,Medium
RRA-03034,2025-07-30,Delhi,Dhaula Kuan Ward,Outer Ring Road,28.588838,77.1514,65.08,85.09,1691.4,27.2,12.56,32.72,Critical
RRA-03035,2025-02-23,Delhi,Nangloi Ward,Rohtak Road,28.69076,77.060551,3.9,39.91,800.8,7.7,6.29,55.52,Low
RRA-03036,2025-06-03,Bangalore,Electronic City Ward,Hosur Road,12.837765,77.651395,26.11,64.21,2327.4,3.2,7.75,45.63,Medium
RRA-03037,2025-06-02,Bangalore,Bellandur Ward,Sarjapur Road,12.901474,77.688529,27.91,58.76,977.9,21.0,7.53,33.19,Medium
RRA-03038,2025-08-08,Bangalore,Whitefield Ward,Whitefield Main Road,12.966445,77.747238,33.95,63.09,1332.3,9.0,9.02,34.76,Medium
RRA-03039,2025-05-16,Mumbai,Andheri Ward,Western Express Highway,19.118491,72.851317,38.86,73.01,1857.4,18.2,19.38,59.23,Critical
RRA-03040,2025-11-22,Pune,Bibwewadi Ward,Pune Satara Road,18.466653,73.868219,17.75,,1029.8,27.2,23.69,53.6,High
RRA-03041,2025-07-17,Bangalore,Peenya Ward,Tumkur Road,13.034582,77.529999,33.9,65.86,4711.777945087722,7.4,7.83,84.46,Low
RRA-03042,2025-04-26,Hyderabad,Hussain Sagar Ward,Tank Bund Road,17.417206,78.486958,19.54,58.14,909.0,22.2,12.56,26.42,High
RRA-03043,2025-09-10,Pune,Bibwewadi Ward,Pune Satara Road,18.472386,73.861013,18.94,49.33,1742.2,27.2,11.55,53.6,High
RRA-03044,2025-03-30,Hyderabad,Hussain Sagar Ward,Tank Bund Road,17.426457,78.469645,7.11,53.36,1369.1,22.2,17.61,26.42,High
RRA-03045,2025-10-30,Delhi,Nizamuddin Ward,Mathura Road,28.586739,77.251887,7.36,45.16,606.1,15.6,11.5,61.4,Low
RRA-03046,2025-02-06,Hyderabad,Banjara Hills Ward,Banjara Hills Road No 12,17.417385,78.432504,5.06,37.29,752.3,24.5,26.07,34.45,High
RRA-03047,2025-12-17,Bangalore,Whitefield Ward,Whitefield Main Road,12.960618,77.749265,6.35,,1455.2,9.0,10.47,34.76,Low
RRA-03048,2025-12-07,Mumbai,Thane Ward,Ghodbunder Road,19.239446,72.973119,13.61,55.82,2255.1,18.8,6.32,60.54,Medium
RRA-03049,2025-08-09,Pune,Bibwewadi Ward,Pune Satara Road,18.478791,73.860755,,68.25,1428.9,27.2,9.29,53.6,High
RRA-03050,2025-08-04,Bangalore,Electronic City Ward,Hosur Road,12.831929,77.669401,50.1,75.1,2421.7,3.2,8.34,45.63,High
RRA-03051,2025-07-31,Chennai,Neelankarai Ward,East Coast Road,12.951932,80.257103,,47.07,989.1,26.6,11.48,44.7,Medium
RRA-03052,2025-08-15,Mumbai,Andheri Ward,Western Express Highway,19.116847,72.836635,37.99,62.66,1624.4,18.2,6.39,59.23,High
RRA-03053,2025-05-04,Pune,Vadgaon Sheri Ward,Nagar Road,18.552768,73.919063,15.53,52.67,10507.779696197618,27.7,13.31,20.82,Critical
RRA-03054,2025-03-21,Bangalore,Peenya Ward,Tumkur Road,13.03681,77.517452,17.37,51.04,1151.0,7.4,10.38,84.46,Low
RRA-03055,2025-07-04,Chennai,Sholinganallur Ward,Old Mahabalipuram Road,12.904676,80.234755,10.65,54.5,633.0,8.9,4.14,46.95,Low
RRA-03056,2025-11-09,Hyderabad,Gachibowli Ward,Outer Ring Road,17.440519,78.373625,4.83,46.84,1087.2,11.2,21.58,21.41,Medium
RRA-03057,2025-02-02,Chennai,Sholinganallur Ward,Old Mahabalipuram Road,12.90787,80.231802,17.99,58.71,983.7,8.9,18.41,46.95,Medium
RRA-03058,2025-11-14,Hyderabad,Uppal Ward,Uppal Road,17.405379,78.561698,5.63,51.65,1045.0,22.8,14.39,33.72,Medium
RRA-03059,2025-09-07,Bangalore,HAL Ward,Old Airport Road,12.960659,77.652474,19.79,54.45,1855.2,5.6,22.2,58.83,Medium
RRA-03060,2025-09-07,Hyderabad,Gachibowli Ward,Outer Ring Road,17.447477,78.375387,26.64,58.32,1718.6,11.2,7.93,21.41,Medium
RRA-03061,2025-08-25,Mumbai,Vashi Ward,Sion Panvel Highway,19.062587,73.006306,35.69,69.88,1596.7,15.5,12.93,64.06,High
RRA-03062,2025-03-20,Mumbai,Chembur Ward,Eastern Express Highway,19.043418,72.89712,9.42,50.8,2046.1,22.7,30.06,49.17,Critical
RRA-03063,2025-03-19,Hyderabad,Hussain Sagar Ward,Tank Bund Road,17.423362,78.472147,4.18,50.04,2726.1,22.2,4.33,26.42,High
RRA-03064,2025-07-26,Mumbai,Ghatkopar Ward,LBS Marg,19.088304,72.905821,59.38,,2268.4,8.0,14.67,64.75,High
RRA-03065,2025-07-13,Mumbai,Malad Ward,Link Road,19.174085,72.846043,59.01,79.89,1713.8,27.8,5.7,34.41,Critical
RRA-03066,2025-07-04,Mumbai,Vashi Ward,Sion Panvel Highway,19.076397,73.004523,63.79,88.49,1632.1,15.5,7.37,64.06,Critical
RRA-03067,2025-01-05,Delhi,Dwarka Ward,NH48 Highway,28.596161,77.045344,7.26,38.49,996.7,3.7,8.63,33.75,Low
RRA-03068,2025-12-01,Delhi,Dhaula Kuan Ward,Outer Ring Road,28.59818,77.167839,8.79,48.11,144.8,27.2,24.86,32.72,Medium
RRA-03069,2025-03-19,Mumbai,Bandra Ward,SV Road,19.070463,72.830968,9.19,50.74,,13.0,4.11,25.17,Low
RRA-03070,2025-01-08,Pune,Vadgaon Sheri Ward,Nagar Road,18.558515,73.903193,4.57,51.99,1230.3,27.7,15.12,20.82,High
RRA-03071,2025-07-20,Mumbai,Bandra Ward,SV Road,19.061575,72.823902,56.56,79.2,2217.2,13.0,8.45,25.17,Critical
RRA-03072,2025-10-14,Mumbai,Andheri Ward,Western Express Highway,19.122302,72.842554,18.48,47.9,1782.5,18.2,10.12,59.23,Medium
RRA-03073,2025-07-10,Mumbai,Bandra Ward,SV Road,19.048704,72.830756,64.45,76.69,1034.0,13.0,15.7,25.17,Critical
RRA-03074,2025-06-28,Pune,Katraj Ward,Katraj Dehu Road Bypass,18.447537,73.868861,37.67,62.03,469.4,27.9,4.94,10.35,High
RRA-03075,2025-08-01,Bangalore,Bellandur Ward,Sarjapur Road,12.91346,77.682331,35.98,63.69,1330.6,21.0,18.71,33.19,Critical
RRA-03076,2025-01-22,Hyderabad,Hussain Sagar Ward,Tank Bund Road,17.428487,78.470969,4.86,59.76,1385.1,22.2,8.05,26.42,Medium
RRA-03077,2025-07-30,Hyderabad,Banjara Hills Ward,Banjara Hills Road No 12,17.428396,78.428242,35.96,71.32,2126.6,24.5,14.09,34.45,Critical
RRA-03078,2025-12-19,Pune,Katraj Ward,Katraj Dehu Road Bypass,18.46007,73.86317,4.3,53.12,1934.1,27.9,13.62,10.35,Critical
RRA-03079,2025-01-23,Mumbai,Vashi Ward,Sion Panvel Highway,19.067444,73.00021,17.92,59.64,2610.5,15.5,27.52,64.06,High
RRA-03080,2025-12-17,Pune,Bibwewadi Ward,Pune Satara Road,18.4635,73.866191,5.1,46.33,1334.2,27.2,8.97,53.6,Medium
RRA-03081,2025-01-28,Pune,Katraj Ward,Katraj Dehu Road Bypass,18.460866,73.863784,4.56,45.39,548.5,27.9,14.33,10.35,Medium
RRA-03082,2025-01-10,Mumbai,Andheri Ward,Western Express Highway,19.119521,72.844379,11.84,55.29,809.7,18.2,12.46,59.23,Medium
RRA-03083,2025-01-04,Bangalore,Kengeri Ward,Mysore Road,12.913608,77.489622,12.63,42.38,967.1,10.9,13.02,33.33,Low
RRA-03084,2025-12-21,Hyderabad,Uppal Ward,Uppal Road,17.395892,78.560707,4.61,52.38,2904.5,22.8,17.81,33.72,Critical
RRA-03085,2025-04-26,Mumbai,Ghatkopar Ward,LBS Marg,19.085513,72.905514,24.74,58.49,100.0,8.0,7.42,64.75,Low
RRA-03086,2025-02-16,Mumbai,Vashi Ward,Sion Panvel Highway,19.082303,73.002464,14.01,57.44,735.6,15.5,20.36,64.06,Medium
RRA-03087,2025-05-06,Mumbai,Bandra Ward,SV Road,19.062112,72.828268,29.11,72.74,1133.1,13.0,17.96,25.17,High
RRA-03088,2025-05-29,Delhi,Nizamuddin Ward,Mathura Road,28.589566,77.25145,18.73,55.14,2004.7,15.6,17.88,61.4,Medium
RRA-03089,2025-12-10,Bangalore,Electronic City Ward,Hosur Road,12.847003,77.657976,3.28,44.25,1759.1,3.2,13.85,45.63,Low
RRA-03090,2025-01-15,Bangalore,HAL Ward,Old Airport Road,12.962858,77.632851,9.76,45.98,745.3,5.6,13.64,58.83,Low
RRA-03091,2025-09-23,Delhi,Laxmi Nagar Ward,Vikas Marg,28.62467,77.272832,28.75,57.92,583.5,9.6,10.97,24.48,Medium
RRA-03092,2025-11-01,Delhi,Dhaula Kuan Ward,Outer Ring Road,28.597774,77.161183,6.16,52.05,820.3,27.2,13.83,32.72,Medium
RRA-03093,2025-09-05,Delhi,Laxmi Nagar Ward,Vikas Marg,28.634876,77.279393,40.42,77.66,1216.7,9.6,17.4,24.48,High
RRA-03094,2025-06-08,Bangalore,Bannerghatta Ward,Bannerghatta Road,12.892791,77.600504,29.52,62.35,1320.1,27.2,17.14,33.99,Critical
RRA-03095,2025-11-02,Bangalore,Bellandur Ward,Sarjapur Road,12.908911,77.676293,16.79,56.95,1255.8,21.0,33.95,33.19,Critical
RRA-03096,2025-04-07,Mumbai,Chembur Ward,Eastern Express Highway,19.050419,72.896983,21.2,48.58,424.5,22.7,27.14,49.17,High
RRA-03097,2025-03-31,Mumbai,Malad Ward,Link Road,19.186481,72.85666,32.89,64.26,1451.4,27.8,9.03,34.41,Critical
RRA-03098,2025-07-21,Mumbai,Bandra Ward,SV Road,19.058506,72.820643,56.07,80.64,1408.6,13.0,8.04,25.17,High
RRA-03099,2025-12-09,Hyderabad,Banjara Hills Ward,Banjara Hills Road No 12,17.412104,78.430289,19.08,52.78,684.1,24.5,12.44,34.45,Medium
RRA-03100,2025-09-24,Chennai,Koyambedu Ward,Poonamallee High Road,13.077001,80.189861,28.41,60.57,1781.3,2.5,13.93,52.88,Medium
RRA-03101,2025-10-06,Mumbai,Thane Ward,Ghodbunder Road,19.239273,72.979124,8.36,58.74,2263.4,18.8,4.24,60.54,Medium
RRA-03102,2025-02-10,Bangalore,Marathahalli Ward,Outer Ring Road,12.956944,77.706824,9.67,50.94,2255.5,15.6,22.93,54.34,High
RRA-03103,2025-03-30,Hyderabad,Gachibowli Ward,Outer Ring Road,17.453567,78.383245,12.8,57.36,2191.8,11.2,16.11,21.41,High
RRA-03104,2025-04-07,Pune,Katraj Ward,Katraj Dehu Road Bypass,18.449698,73.867711,6.69,,386.7,27.9,18.46,10.35,High
RRA-03105,2025-06-16,Bangalore,Kengeri Ward,Mysore Road,12.902937,77.493617,27.49,62.86,591.7,10.9,15.6,33.33,Medium
RRA-03106,2025-02-06,Chennai,Koyambedu Ward,Poonamallee High Road,13.071628,80.19885,6.0,56.56,1208.3,2.5,17.24,52.88,Low
RRA-03107,2025-02-05,Mumbai,Bandra Ward,SV Road,19.067092,72.827523,17.93,,1368.7,13.0,20.54,25.17,Medium
RRA-03108,2025-02-19,Pune,Vadgaon Sheri Ward,Nagar Road,18.565001,73.90675,5.74,54.31,1752.0,27.7,16.79,20.82,High
RRA-03109,2025-01-17,Bangalore,Bellandur Ward,Sarjapur Road,12.919251,77.689409,5.45,41.68,470.2,21.0,7.76,33.19,Medium
RRA-03110,2025-03-29,Chennai,Koyambedu Ward,Poonamallee High Road,13.065815,80.197379,25.28,63.18,2734.6,2.5,20.89,52.88,High
RRA-03111,2025-08-16,Hyderabad,Uppal Ward,Uppal Road,17.40856,78.563556,34.19,61.31,1777.1,22.8,23.83,33.72,Critical
RRA-03112,2025-04-13,Bangalore,Bannerghatta Ward,Bannerghatta Road,12.895989,77.590572,8.2,45.12,1168.9,27.2,9.1,33.99,High
RRA-03113,2025-10-25,Mumbai,Ghatkopar Ward,LBS Marg,19.096416,72.92257,6.59,45.37,500.0,8.0,13.03,64.75,Low
RRA-03114,2025-05-14,Mumbai,Malad Ward,Link Road,19.168096,72.848666,37.15,72.53,2081.9,27.8,14.49,34.41,Critical
RRA-03115,2025-07-11,Delhi,Dwarka Ward,NH48 Highway,28.590468,77.042268,46.22,80.86,958.0,3.7,9.03,33.75,Medium
RRA-03116,2025-04-10,Chennai,Koyambedu Ward,Poonamallee High Road,13.069492,80.191308,6.61,58.78,1559.1,2.5,16.97,52.88,Low
RRA-03117,2025-10-21,Delhi,Laxmi Nagar Ward,Vikas Marg,28.633923,77.284455,10.5,44.38,1184.4,9.6,8.78,24.48,Low
RRA-03118,2025-03-22,Delhi,Azadpur Ward,GT Karnal Road,28.717462,77.170278,4.13,52.21,2179.1,8.5,11.72,55.67,Medium
RRA-03119,2025-05-26,Delhi,Dhaula Kuan Ward,Outer Ring Road,28.587339,77.156204,26.71,63.1,560.8,27.2,19.08,32.72,High
RRA-03120,2025-08-29,Bangalore,Bannerghatta Ward,Bannerghatta Road,12.889481,77.595691,25.06,56.96,745.1,27.2,13.58,33.99,High
RRA-03121,2025-12-10,Pune,Baner Ward,Baner Road,18.567143,73.793443,3.85,34.08,297.3,6.4,2.89,70.82,Low
RRA-03122,2025-01-14,Delhi,Dwarka Ward,NH48 Highway,28.600373,77.047763,4.2,43.83,1843.0,3.7,19.68,33.75,Medium
RRA-03123,2025-07-10,Hyderabad,Uppal Ward,Uppal Road,17.409219,78.553743,31.69,61.69,,22.8,18.29,33.72,High
RRA-03124,2025-11-03,Bangalore,Peenya Ward,Tumkur Road,13.030312,77.513513,14.88,45.66,,7.4,25.95,84.46,Medium
RRA-03125,2025-11-02,Hyderabad,Gachibowli Ward,Outer Ring Road,17.442017,78.367579,13.46,57.16,671.6,11.2,9.11,21.41,Low
RRA-03126,2025-01-27,Hyderabad,Banjara Hills Ward,Banjara Hills Road No 12,17.408349,78.447571,7.12,51.96,1776.4,24.5,9.96,34.45,High
RRA-03127,2025-10-25,Delhi,Azadpur Ward,GT Karnal Road,28.706339,77.175013,9.39,61.15,2197.9,8.5,17.08,55.67,Medium
RRA-03128,2025-03-08,Mumbai,Thane Ward,Ghodbunder Road,19.250429,72.974484,6.89,44.5,1832.5,18.8,16.11,60.54,Medium
RRA-03129,2025-02-27,Chennai,Koyambedu Ward,Poonamallee High Road,13.075969,80.186229,7.0,47.98,1127.2,2.5,9.64,52.88,Low
RRA-03130,2025-09-13,Pune,Katraj Ward,Katraj Dehu Road Bypass,18.447958,73.874749,14.88,50.31,1253.5,27.9,11.25,10.35,High
RRA-03131,2025-08-06,Hyderabad,Banjara Hills Ward,Banjara Hills Road No 12,17.407708,78.426157,35.66,,1437.7,24.5,29.36,34.45,Critical
RRA-03132,2025-09-20,Mumbai,Thane Ward,Ghodbunder Road,19.236287,72.98115,21.41,54.8,1115.3,18.8,18.25,60.54,Medium
RRA-03133,2025-12-12,Bangalore,Bellandur Ward,Sarjapur Road,12.907911,77.683518,6.12,46.34,1478.3,21.0,16.06,33.19,Medium
RRA-03134,2025-06-23,Chennai,Koyambedu Ward,Poonamallee High Road,13.073969,80.203899,4.6,38.76,1851.6,2.5,12.73,52.88,Low
RRA-03135,2025-04-03,Bangalore,HAL Ward,Old Airport Road,12.956556,77.638469,11.23,45.66,377.6,5.6,11.7,58.83,Low
RRA-03136,2025-08-31,Mumbai,Andheri Ward,Western Express Highway,19.124722,72.849011,24.39,69.16,1875.7,18.2,6.07,59.23,Medium
RRA-03137,2025-11-27,Bangalore,Electronic City Ward,Hosur Road,12.854844,77.665532,12.37,51.42,1555.4,3.2,10.27,45.63,Low
RRA-03138,2025-03-04,Hyderabad,Uppal Ward,Uppal Road,17.393858,78.551717,3.95,55.75,1853.8,22.8,16.36,33.72,High
RRA-03139,2025-08-15,Chennai,Tambaram Ward,GST Road,12.929256,80.093538,14.82,48.87,1466.2,27.5,,8.73,High
RRA-03140,2025-10-07,Hyderabad,Hussain Sagar Ward,Tank Bund Road,17.426614,78.468899,9.7,56.33,1656.3,22.2,19.6,26.42,High
RRA-03141,2025-03-27,Mumbai,Ghatkopar Ward,LBS Marg,19.095055,72.906856,16.66,59.04,848.9,8.0,12.76,64.75,Low
RRA-03142,2025-11-11,Delhi,Laxmi Nagar Ward,Vikas Marg,28.627059,77.270785,6.52,47.52,2250.2,9.6,5.43,24.48,Medium
RRA-03143,2025-08-26,Mumbai,Chembur Ward,Eastern Express Highway,19.050072,72.894762,27.03,,2085.2,22.7,6.65,49.17,High
RRA-03144,2025-09-16,Chennai,Teynampet Ward,Anna Salai,13.050929,80.25342,21.21,67.81,997.0,26.0,5.52,24.53,High
RRA-03145,2025-12-15,Pune,Vadgaon Sheri Ward,Nagar Road,18.555348,73.911137,9.04,45.19,1478.4,27.7,25.24,20.82,High
RRA-03146,2025-11-25,Mumbai,Malad Ward,Link Road,19.191232,72.851727,11.95,56.51,2705.0,27.8,6.13,34.41,Critical
RRA-03147,2025-11-12,Chennai,Teynampet Ward,Anna Salai,13.034922,80.239385,32.73,59.47,2034.8,26.0,7.13,24.53,Critical
RRA-03148,2025-09-03,Mumbai,Andheri Ward,Western Express Highway,19.11847,72.850784,26.99,62.14,1549.7,18.2,3.07,59.23,Medium
RRA-03149,2025-01-25,Delhi,Dwarka Ward,NH48 Highway,28.589006,77.050538,7.88,,2627.5,3.7,12.5,33.75,Medium
RRA-03150,2025-09-27,Bangalore,HAL Ward,Old Airport Road,12.966088,77.652991,9.99,56.74,1664.1,5.6,6.38,58.83,Low
RRA-03151,2025-04-20,Chennai,Teynampet Ward,Anna Salai,13.043386,80.251231,12.73,57.3,1782.6,26.0,12.52,24.53,High
RRA-03152,2025-04-24,Mumbai,Vashi Ward,Sion Panvel Highway,19.079913,73.001552,33.35,70.74,1922.7,15.5,,64.06,High
RRA-03153,2025-12-18,Mumbai,Thane Ward,Ghodbunder Road,19.250966,72.980951,16.16,62.68,1054.5,18.8,11.2,60.54,Medium
RRA-03154,2025-06-08,Bangalore,Peenya Ward,Tumkur Road,13.027326,77.516592,23.73,56.45,1691.9,7.4,20.83,84.46,Medium
RRA-03155,2025-01-01,Delhi,Nizamuddin Ward,Mathura Road,28.591211,77.247296,21.87,59.91,1153.9,15.6,3.49,61.4,Medium
RRA-03156,2025-08-22,Hyderabad,Gachibowli Ward,Outer Ring Road,17.442148,78.373,,81.13,2938.6,11.2,7.81,21.41,Critical
RRA-03157,2025-07-02,Pune,Katraj Ward,Katraj Dehu Road Bypass,18.450382,73.865287,40.98,63.57,749.3,27.9,23.72,10.35,Critical
RRA-03158,2025-08-20,Chennai,Tambaram Ward,GST Road,12.924258,80.107266,13.02,59.61,472.7,27.5,4.79,8.73,Medium
RRA-03159,2025-03-16,Hyderabad,Gachibowli Ward,Outer Ring Road,17.435525,78.369913,6.55,46.93,1791.0,11.2,3.0,21.41,Low
RRA-03160,2025-08-08,Bangalore,Bannerghatta Ward,Bannerghatta Road,12.898163,77.586044,44.97,69.74,1457.3,27.2,8.46,33.99,Critical
RRA-03161,2025-01-16,Mumbai,Thane Ward,Ghodbunder Road,19.237799,72.980206,16.33,44.55,2022.8,18.8,3.24,60.54,Medium
RRA-03162,2025-11-25,Pune,Baner Ward,Baner Road,18.559085,73.780576,11.05,47.53,1311.4,6.4,24.78,70.82,Medium
RRA-03163,2025-03-02,Mumbai,Bandra Ward,SV Road,19.059367,72.836789,16.63,57.68,801.0,13.0,,25.17,Medium
RRA-03164,2025-10-12,Bangalore,Electronic City Ward,Hosur Road,12.847683,77.667548,7.58,42.42,2041.5,3.2,16.06,45.63,Low
RRA-03165,2025-11-11,Mumbai,Vashi Ward,Sion Panvel Highway,19.075132,72.995745,11.55,53.13,382.6,15.5,12.61,64.06,Low
RRA-03166,2025-08-30,Delhi,Azadpur Ward,GT Karnal Road,28.707359,77.16717,30.4,63.93,935.0,8.5,10.9,55.67,Medium
RRA-03167,2025-03-16,Chennai,Neelankarai Ward,East Coast Road,12.962755,80.251135,8.62,48.29,1344.6,26.6,6.32,44.7,Medium
RRA-03168,2025-08-18,Bangalore,Peenya Ward,Tumkur Road,13.022084,77.517227,,63.81,2651.8,7.4,19.58,84.46,High
RRA-03169,2025-10-07,Bangalore,Bannerghatta Ward,Bannerghatta Road,12.901041,77.609422,19.65,59.22,1005.5,27.2,5.79,33.99,High
RRA-03170,2025-07-07,Mumbai,Andheri Ward,Western Express Highway,19.108542,72.846478,62.28,85.59,712.7,18.2,22.89,59.23,Critical
RRA-03171,2025-11-21,Pune,Bibwewadi Ward,Pune Satara Road,18.47361,73.867426,4.04,35.3,726.3,27.2,12.26,53.6,Medium
RRA-03172,2025-09-09,Mumbai,Thane Ward,Ghodbunder Road,19.244357,72.985599,22.3,57.91,866.4,18.8,11.8,60.54,Medium
RRA-03173,2025-07-08,Bangalore,Bellandur Ward,Sarjapur Road,12.918708,77.67657,43.36,72.53,2161.5,21.0,14.67,33.19,Critical
RRA-03174,2025-12-27,Pune,Vadgaon Sheri Ward,Nagar Road,18.545721,73.906823,3.08,49.0,1284.5,27.7,7.9,20.82,Medium
RRA-03175,2025-05-16,Bangalore,Kengeri Ward,Mysore Road,12.897909,77.487285,18.46,72.97,100.0,10.9,9.83,33.33,Low
RRA-03176,2025-12-13,Mumbai,Vashi Ward,Sion Panvel Highway,19.078452,72.994391,7.45,41.97,1440.9,15.5,20.15,64.06,Medium
RRA-03177,2025-12-28,Delhi,Laxmi Nagar Ward,Vikas Marg,28.626952,77.286085,12.8,53.96,1351.8,9.6,14.58,24.48,Medium
RRA-03178,2025-11-17,Pune,Vadgaon Sheri Ward,Nagar Road,18.558095,73.911547,6.84,50.43,2541.5,27.7,12.16,20.82,Critical
RRA-03179,2025-07-17,Delhi,Azadpur Ward,GT Karnal Road,28.712671,77.182035,41.87,64.4,938.4,8.5,10.0,55.67,Medium
RRA-03180,2025-12-02,Bangalore,Bannerghatta Ward,Bannerghatta Road,12.903148,77.596124,8.43,48.77,2017.9,27.2,25.17,33.99,Critical
RRA-03181,2025-02-15,Bangalore,Bellandur Ward,Sarjapur Road,12.915219,77.686602,25.5,60.27,2048.2,21.0,5.17,33.19,High
RRA-03182,2025-10-22,Hyderabad,Hussain Sagar Ward,Tank Bund Road,17.431245,78.471385,7.46,59.51,1309.0,22.2,4.25,26.42,Medium
RRA-03183,2025-05-08,Pune,Baner Ward,Baner Road,18.565538,73.791415,15.81,55.67,1614.1,6.4,21.6,70.82,Medium
RRA-03184,2025-10-21,Mumbai,Bandra Ward,SV Road,19.061606,72.824319,6.98,42.41,2334.8,13.0,9.41,25.17,Medium
RRA-03185,2025-11-19,Bangalore,Bannerghatta Ward,Bannerghatta Road,12.888789,77.597697,3.63,45.41,1331.5,27.2,8.89,33.99,Medium
RRA-03186,2025-04-01,Delhi,Dhaula Kuan Ward,Outer Ring Road,28.594944,77.167884,10.12,48.86,686.3,27.2,25.95,32.72,High
RRA-03187,2025-01-08,Bangalore,HAL Ward,Old Airport Road,12.954643,77.645525,2.8,49.9,1540.9,5.6,6.59,58.83,Low
RRA-03188,2025-05-21,Delhi,Dwarka Ward,NH48 Highway,28.597005,77.048935,19.0,55.17,938.7,3.7,12.69,33.75,Low
RRA-03189,2025-11-27,Mumbai,Bandra Ward,SV Road,19.055704,72.830201,7.74,52.35,612.2,13.0,3.81,25.17,Low
RRA-03190,2025-05-20,Bangalore,HAL Ward,Old Airport Road,12.955607,77.646195,15.28,59.06,914.6,5.6,4.79,58.83,Low
RRA-03191,2025-12-05,Bangalore,Kengeri Ward,Mysore Road,12.900631,77.485341,7.66,49.26,713.3,10.9,13.02,33.33,Low
RRA-03192,2025-04-01,Chennai,Neelankarai Ward,East Coast Road,12.959245,80.263663,4.71,56.16,885.3,26.6,17.64,44.7,Medium
RRA-03193,2025-06-07,Mumbai,Andheri Ward,Western Express Highway,19.124341,72.843826,55.15,78.95,2021.6,18.2,10.01,59.23,Critical
RRA-03194,2025-04-07,Hyderabad,Gachibowli Ward,Outer Ring Road,17.44203,78.378717,3.21,44.14,934.4,11.2,11.0,21.41,Low
RRA-03195,2025-10-05,Chennai,Teynampet Ward,Anna Salai,13.035172,80.245914,35.65,64.96,1148.9,26.0,2.32,24.53,High
RRA-03196,2025-05-20,Pune,Katraj Ward,Katraj Dehu Road Bypass,18.448548,73.871326,20.46,65.24,1093.4,27.9,18.87,10.35,Critical
RRA-03197,2025-02-19,Hyderabad,Hussain Sagar Ward,Tank Bund Road,17.42656,78.470896,,51.92,1954.5,22.2,12.19,26.42,High
RRA-03198,2025-01-05,Delhi,Laxmi Nagar Ward,Vikas Marg,28.635215,77.276952,2.23,47.21,,9.6,14.52,24.48,Low
RRA-03199,2025-03-21,Delhi,Laxmi Nagar Ward,Vikas Marg,28.624405,77.280456,7.4,41.23,634.7,9.6,7.95,24.48,Low
RRA-03200,2025-02-07,Delhi,Laxmi Nagar Ward,Vikas Marg,28.632404,77.275386,4.45,39.98,1720.0,9.6,9.52,24.48,Low
RRA-03201,2025-09-17,Bangalore,Peenya Ward,Tumkur Road,13.018397,77.518262,13.07,47.04,2459.8,7.4,8.73,84.46,Low
RRA-03202,2025-10-07,Bangalore,Marathahalli Ward,Outer Ring Road,12.946859,77.701461,13.1,47.2,2172.2,15.6,11.62,54.34,Medium
RRA-03203,2025-10-21,Bangalore,Kengeri Ward,Mysore Road,12.907616,77.490298,6.12,45.15,1948.4,10.9,20.09,33.33,Medium
RRA-03204,2025-06-30,Bangalore,Kengeri Ward,Mysore Road,12.899877,77.499251,32.48,55.64,1177.4,10.9,5.57,33.33,Medium
RRA-03205,2025-09-09,Chennai,Sholinganallur Ward,Old Mahabalipuram Road,12.90513,80.220089,22.95,62.53,1728.9,8.9,9.15,46.95,Medium
RRA-03206,2025-03-14,Bangalore,Bellandur Ward,Sarjapur Road,12.912396,77.690313,13.94,54.48,1034.3,21.0,11.23,33.19,Medium
RRA-03207,2025-04-11,Pune,Katraj Ward,Katraj Dehu Road Bypass,18.459428,73.862586,,64.9,968.7,27.9,6.25,10.35,High
RRA-03208,2025-07-05,Bangalore,Bannerghatta Ward,Bannerghatta Road,12.901951,77.590673,47.14,68.09,1750.9,27.2,9.36,33.99,Critical
RRA-03209,2025-06-03,Chennai,Teynampet Ward,Anna Salai,13.030011,80.248678,6.17,46.16,761.1,26.0,15.63,24.53,Medium
RRA-03210,2025-08-15,Hyderabad,Uppal Ward,Uppal Road,17.408624,78.557083,39.86,68.76,915.2,22.8,11.11,33.72,High
RRA-03211,2025-11-06,Bangalore,Electronic City Ward,Hosur Road,12.83948,77.651523,7.5,45.62,768.4,3.2,9.02,45.63,Low
RRA-03212,2025-12-06,Chennai,Teynampet Ward,Anna Salai,13.034336,80.24257,21.59,,814.7,26.0,23.94,24.53,High
RRA-03213,2025-10-29,Bangalore,Bellandur Ward,Sarjapur Road,12.917377,77.679236,,69.21,2475.1,21.0,8.31,33.19,High
RRA-03214,2025-10-03,Chennai,Teynampet Ward,Anna Salai,13.037088,80.243325,30.78,58.65,930.5,26.0,20.22,24.53,Critical
RRA-03215,2025-03-08,Delhi,Dwarka Ward,NH48 Highway,28.597072,77.052164,4.19,45.6,2350.1,3.7,9.7,33.75,Low
RRA-03216,2025-12-05,Chennai,Neelankarai Ward,East Coast Road,12.952623,80.25639,26.26,61.02,1288.7,26.6,11.05,44.7,High
RRA-03217,2025-09-22,Bangalore,Marathahalli Ward,Outer Ring Road,12.955891,77.709623,13.14,56.22,1057.4,15.6,8.95,54.34,Medium
RRA-03218,2025-02-17,Chennai,Koyambedu Ward,Poonamallee High Road,13.058342,80.188182,,51.08,666.0,2.5,11.17,52.88,Low
RRA-03219,2025-05-09,Hyderabad,Hussain Sagar Ward,Tank Bund Road,17.426892,78.47583,12.74,55.83,1483.6,22.2,27.05,26.42,High
RRA-03220,2025-02-16,Mumbai,Ghatkopar Ward,LBS Marg,19.083399,72.908568,15.53,57.44,1811.7,8.0,15.55,64.75,Medium
RRA-03221,2025-09-23,Mumbai,Vashi Ward,Sion Panvel Highway,19.075602,72.997361,22.93,59.18,1745.3,15.5,11.18,64.06,Medium
RRA-03222,2025-08-06,Pune,Katraj Ward,Katraj Dehu Road Bypass,18.445031,73.863441,37.65,73.47,2311.2,27.9,12.21,10.35,Critical
RRA-03223,2025-01-16,Chennai,Neelankarai Ward,East Coast Road,12.963666,80.259124,9.33,45.18,2109.1,26.6,29.96,44.7,Critical
RRA-03224,2025-12-03,Bangalore,Bellandur Ward,Sarjapur Road,12.918086,77.683979,8.24,56.15,1180.3,21.0,10.34,33.19,Medium
RRA-03225,2025-04-25,Mumbai,Chembur Ward,Eastern Express Highway,19.052298,72.902575,20.54,60.02,1276.7,22.7,11.53,49.17,High
RRA-03226,2025-12-16,Delhi,Dhaula Kuan Ward,Outer Ring Road,28.59084,77.157301,2.83,54.31,,27.2,18.53,32.72,High
RRA-03227,2025-04-27,Chennai,Sholinganallur Ward,Old Mahabalipuram Road,12.896762,80.228786,5.7,58.1,2057.3,8.9,8.02,46.95,Medium
RRA-03228,2025-07-03,Delhi,Azadpur Ward,GT Karnal Road,28.709158,77.176854,52.28,73.61,1190.6,8.5,11.89,55.67,Medium
RRA-03229,2025-12-28,Pune,Vadgaon Sheri Ward,Nagar Road,18.55805,73.918889,12.73,52.74,2196.1,27.7,7.63,20.82,High
RRA-03230,2025-04-07,Mumbai,Bandra Ward,SV Road,19.063005,72.828721,20.5,,2259.1,13.0,9.66,25.17,High
RRA-03231,2025-09-29,Bangalore,HAL Ward,Old Airport Road,12.964155,77.643486,18.56,58.81,960.6,5.6,20.78,58.83,Medium
RRA-03232,2025-11-28,Pune,Baner Ward,Baner Road,18.553688,73.78447,5.18,57.45,865.0,6.4,10.37,70.82,Low
RRA-03233,2025-01-26,Bangalore,Bannerghatta Ward,Bannerghatta Road,12.901515,77.597956,4.61,57.46,2338.1,27.2,14.41,33.99,High
RRA-03234,2025-07-21,Hyderabad,Banjara Hills Ward,Banjara Hills Road No 12,17.402984,78.430615,38.36,74.63,1239.9,24.5,5.07,34.45,High
RRA-03235,2025-09-25,Pune,Bibwewadi Ward,Pune Satara Road,18.4601,73.871476,10.7,50.31,1958.3,27.2,15.98,53.6,High
RRA-03236,2025-04-30,Mumbai,Chembur Ward,Eastern Express Highway,19.046208,72.893482,35.24,58.5,621.3,22.7,12.27,49.17,Medium
RRA-03237,2025-07-01,Bangalore,Bannerghatta Ward,Bannerghatta Road,12.90076,77.604105,31.17,58.95,1180.5,27.2,6.96,33.99,High
RRA-03238,2025-04-15,Pune,Baner Ward,Baner Road,18.561326,73.793693,14.87,58.07,1490.9,6.4,13.46,70.82,Low
RRA-03239,2025-10-04,Bangalore,Marathahalli Ward,Outer Ring Road,12.960413,77.701594,12.67,57.81,2022.4,15.6,5.25,54.34,Medium
RRA-03240,2025-06-11,Delhi,Laxmi Nagar Ward,Vikas Marg,28.632317,77.278907,39.74,61.26,1402.7,9.6,,24.48,Medium
RRA-03241,2025-08-05,Bangalore,Marathahalli Ward,Outer Ring Road,12.95959,77.706598,34.7,65.04,664.6,15.6,10.61,54.34,Medium
RRA-03242,2025-12-19,Mumbai,Thane Ward,Ghodbunder Road,19.240357,72.981823,10.81,43.38,938.9,18.8,14.43,60.54,Medium
RRA-03243,2025-03-11,Pune,Katraj Ward,Katraj Dehu Road Bypass,18.454172,73.86817,23.25,58.59,1611.0,27.9,9.09,10.35,Critical
RRA-03244,2025-07-11,Bangalore,Marathahalli Ward,Outer Ring Road,12.958417,77.694614,40.28,74.05,706.2,15.6,13.23,54.34,Medium
RRA-03245,2025-10-30,Delhi,Azadpur Ward,GT Karnal Road,28.710698,77.16433,8.71,56.2,587.9,8.5,5.67,55.67,Low
RRA-03246,2025-08-26,Chennai,Tambaram Ward,GST Road,12.931603,80.103412,20.15,65.82,1836.0,27.5,10.99,8.73,Critical
RRA-03247,2025-07-09,Delhi,Dhaula Kuan Ward,Outer Ring Road,28.598302,77.155844,44.59,76.04,2454.0,27.2,13.79,32.72,Critical
RRA-03248,2025-01-18,Chennai,Sholinganallur Ward,Old Mahabalipuram Road,12.900193,80.216495,10.0,54.32,,8.9,11.8,46.95,Low
RRA-03249,2025-08-11,Chennai,Teynampet Ward,Anna Salai,13.036686,80.243984,9.22,51.35,1630.9,26.0,12.25,24.53,High
RRA-03250,2025-12-29,Mumbai,Thane Ward,Ghodbunder Road,19.241731,72.984328,10.92,53.72,2023.8,18.8,9.22,60.54,Medium
RRA-03251,2025-10-11,Delhi,Nizamuddin Ward,Mathura Road,28.5781,77.25421,7.23,51.44,1071.9,15.6,20.46,61.4,Medium
RRA-03252,2025-11-24,Mumbai,Bandra Ward,SV Road,19.052803,72.839017,8.82,38.45,1238.4,13.0,2.15,25.17,Low
RRA-03253,2025-12-28,Mumbai,Ghatkopar Ward,LBS Marg,19.086432,72.895834,8.51,47.71,,8.0,4.37,64.75,Low
RRA-03254,2025-08-16,Hyderabad,Uppal Ward,Uppal Road,17.395148,78.556733,32.54,72.07,1643.6,22.8,5.03,33.72,High
RRA-03255,2025-03-17,Delhi,Dhaula Kuan Ward,Outer Ring Road,28.592816,77.160245,8.78,49.07,2499.0,27.2,13.8,32.72,Critical
RRA-03256,2025-01-13,Bangalore,Marathahalli Ward,Outer Ring Road,12.962602,77.695023,9.83,47.47,1159.3,15.6,2.0,54.34,Low
RRA-03257,2025-06-23,Chennai,Tambaram Ward,GST Road,12.927007,80.10676,11.22,50.93,2977.8,27.5,15.54,8.73,Critical
RRA-03258,2025-08-11,Pune,Vadgaon Sheri Ward,Nagar Road,18.546857,73.907326,31.26,75.7,361.6,27.7,15.06,20.82,High
RRA-03259,2025-03-20,Mumbai,Bandra Ward,SV Road,19.061052,72.819317,10.15,56.18,720.2,13.0,7.14,25.17,Low
RRA-03260,2025-12-01,Hyderabad,Hussain Sagar Ward,Tank Bund Road,17.418622,78.469854,17.47,49.47,739.4,22.2,25.56,26.42,High
RRA-03261,2025-04-29,Hyderabad,Uppal Ward,Uppal Road,17.406156,78.556739,10.23,45.68,2272.6,22.8,17.22,33.72,High
RRA-03262,2025-11-11,Delhi,Nangloi Ward,Rohtak Road,28.684078,77.060036,5.98,56.96,1793.2,7.7,9.32,55.52,Low
RRA-03263,2025-12-02,Chennai,Teynampet Ward,Anna Salai,13.044856,80.244751,32.56,60.83,1270.6,26.0,20.23,24.53,Critical
RRA-03264,2025-03-20,Bangalore,Whitefield Ward,Whitefield Main Road,12.964073,77.753845,5.61,50.29,2276.6,9.0,25.51,34.76,Medium
RRA-03265,2025-01-27,Pune,Baner Ward,Baner Road,18.569192,73.78419,7.62,50.1,318.5,6.4,11.57,70.82,Low
RRA-03266,2025-06-20,Bangalore,HAL Ward,Old Airport Road,12.964825,77.653837,33.14,64.12,1523.1,5.6,13.22,58.83,Medium
RRA-03267,2025-10-26,Mumbai,Vashi Ward,Sion Panvel Highway,19.076529,73.004891,13.02,46.56,743.0,15.5,9.11,64.06,Low
RRA-03268,2025-05-23,Pune,Bibwewadi Ward,Pune Satara Road,18.460151,73.858231,21.91,59.74,3502.8,27.2,13.01,53.6,Critical
RRA-03269,2025-07-09,Delhi,Azadpur Ward,GT Karnal Road,28.725802,77.179345,47.76,72.15,802.4,8.5,12.18,55.67,Medium
RRA-03270,2025-05-02,Hyderabad,Uppal Ward,Uppal Road,17.395915,78.554551,8.61,49.39,346.0,22.8,4.5,33.72,Medium
RRA-03271,2025-06-21,Chennai,Teynampet Ward,Anna Salai,13.040366,80.250448,,40.49,1589.9,26.0,6.68,24.53,Medium
RRA-03272,2025-12-01,Mumbai,Malad Ward,Link Road,19.184433,72.842754,11.47,61.5,2607.7,27.8,6.18,34.41,High
RRA-03273,2025-03-19,Hyderabad,Gachibowli Ward,Outer Ring Road,17.44526,78.375038,12.91,60.57,2358.3,11.2,4.81,21.41,Medium
RRA-03274,2025-11-21,Bangalore,Electronic City Ward,Hosur Road,12.860737,77.655368,16.62,53.85,1942.2,3.2,20.62,45.63,Medium
RRA-03275,2025-06-16,Bangalore,Kengeri Ward,Mysore Road,12.907448,77.48323,31.53,68.69,1585.9,10.9,8.47,33.33,Medium
RRA-03276,2025-01-30,Mumbai,Chembur Ward,Eastern Express Highway,19.047066,72.894165,6.73,42.89,1068.5,22.7,8.76,49.17,Medium
RRA-03277,2025-01-03,Chennai,Koyambedu Ward,Poonamallee High Road,13.063021,80.190487,4.91,51.81,956.5,2.5,17.75,52.88,Low
RRA-03278,2025-12-06,Mumbai,Bandra Ward,SV Road,19.055735,72.826821,12.7,51.24,2042.9,13.0,14.03,25.17,Medium
RRA-03279,2025-03-13,Delhi,Azadpur Ward,GT Karnal Road,28.710813,77.181497,5.59,56.07,784.5,8.5,13.46,55.67,Low
RRA-03280,2025-11-01,Pune,Katraj Ward,Katraj Dehu Road Bypass,18.450624,73.849913,7.63,40.68,1027.6,27.9,15.48,10.35,High
RRA-03281,2025-06-07,Chennai,Neelankarai Ward,East Coast Road,12.950069,80.257204,14.07,56.8,1996.1,26.6,6.11,44.7,High
RRA-03282,2025-12-07,Chennai,Koyambedu Ward,Poonamallee High Road,13.073724,80.199433,23.23,,2974.1,2.5,7.98,52.88,Medium
RRA-03283,2025-04-09,Mumbai,Malad Ward,Link Road,19.196359,72.853656,18.13,46.86,1218.9,27.8,11.62,34.41,High
RRA-03284,2025-01-26,Bangalore,Electronic City Ward,Hosur Road,12.843345,77.663222,11.32,65.71,1939.6,3.2,12.95,45.63,Low
RRA-03285,2025-10-01,Pune,Baner Ward,Baner Road,18.566599,73.787719,7.89,54.98,1418.3,6.4,12.92,70.82,Low
RRA-03286,2025-10-04,Chennai,Koyambedu Ward,Poonamallee High Road,13.065988,80.186158,36.93,,1561.5,2.5,12.89,52.88,Medium
RRA-03287,2025-08-28,Pune,Vadgaon Sheri Ward,Nagar Road,18.558279,73.900851,20.19,41.46,1538.6,27.7,16.23,20.82,High
RRA-03288,2025-01-20,Mumbai,Chembur Ward,Eastern Express Highway,19.049139,72.895794,13.67,,1463.7,22.7,10.46,49.17,Medium
RRA-03289,2025-04-13,Mumbai,Bandra Ward,SV Road,19.05096,72.812362,15.65,53.83,826.2,13.0,12.96,25.17,Medium
RRA-03290,2025-06-10,Bangalore,Electronic City Ward,Hosur Road,12.844054,77.659736,22.33,57.03,1109.0,3.2,2.0,45.63,Low
RRA-03291,2025-08-05,Bangalore,Marathahalli Ward,Outer Ring Road,12.966381,77.703126,33.65,66.21,1739.0,15.6,14.99,54.34,High
RRA-03292,2025-08-02,Hyderabad,Gachibowli Ward,Outer Ring Road,17.44496,78.374225,42.54,69.17,1772.8,11.2,9.13,21.41,High
RRA-03293,2025-06-17,Bangalore,Whitefield Ward,Whitefield Main Road,12.9746,77.755265,25.96,64.28,1023.0,9.0,10.62,34.76,Medium
RRA-03294,2025-07-23,Bangalore,Bannerghatta Ward,Bannerghatta Road,12.897067,77.60791,35.61,57.0,2806.6,27.2,9.11,33.99,Critical
RRA-03295,2025-06-24,Bangalore,Bellandur Ward,Sarjapur Road,12.912108,77.678281,31.69,66.54,1298.6,21.0,18.0,33.19,Critical
RRA-03296,2025-02-14,Mumbai,Chembur Ward,Eastern Express Highway,19.050349,72.89132,9.5,,399.5,22.7,27.31,49.17,Medium
RRA-03297,2025-09-06,Pune,Vadgaon Sheri Ward,Nagar Road,18.555121,73.923519,18.15,55.39,2068.6,27.7,13.46,20.82,Critical
RRA-03298,2025-01-29,Hyderabad,Hussain Sagar Ward,Tank Bund Road,17.428021,78.470867,13.35,,1882.1,22.2,27.26,26.42,Critical
RRA-03299,2025-12-09,Delhi,Nizamuddin Ward,Mathura Road,28.58261,77.258055,6.59,43.1,1426.1,15.6,6.78,61.4,Low
RRA-03300,2025-03-16,Bangalore,Peenya Ward,Tumkur Road,13.034316,77.520425,,47.52,713.0,7.4,9.19,84.46,Low
RRA-03301,2025-02-15,Pune,Vadgaon Sheri Ward,Nagar Road,18.549547,73.91418,9.44,58.84,1231.4,27.7,10.49,20.82,High
RRA-03302,2025-03-28,Delhi,Laxmi Nagar Ward,Vikas Marg,28.6234,77.267339,7.17,51.32,1479.0,9.6,17.66,24.48,Medium
RRA-03303,2025-08-21,Pune,Baner Ward,Baner Road,18.559868,73.77927,25.54,64.92,2637.7,6.4,23.09,70.82,High
RRA-03304,2025-01-05,Hyderabad,Hussain Sagar Ward,Tank Bund Road,17.412668,78.464883,13.8,62.73,675.5,22.2,6.63,26.42,Medium
RRA-03305,2025-12-28,Chennai,Teynampet Ward,Anna Salai,13.045087,80.246642,15.28,59.96,1485.2,26.0,7.85,24.53,High
RRA-03306,2025-11-09,Mumbai,Vashi Ward,Sion Panvel Highway,19.083367,73.011601,13.82,54.51,806.5,15.5,12.5,64.06,Low
RRA-03307,2025-07-04,Mumbai,Ghatkopar Ward,LBS Marg,19.085638,72.905082,67.91,79.9,326.5,8.0,14.75,64.75,Medium
RRA-03308,2025-09-18,Mumbai,Andheri Ward,Western Express Highway,19.126921,72.837864,38.44,66.69,2051.5,18.2,10.85,59.23,High
RRA-03309,2025-02-13,Pune,Katraj Ward,Katraj Dehu Road Bypass,18.460409,73.861476,8.98,50.73,701.8,27.9,10.19,10.35,High
RRA-03310,2025-04-27,Delhi,Dhaula Kuan Ward,Outer Ring Road,28.597905,77.165875,6.71,41.23,1303.3,27.2,20.14,32.72,High
RRA-03311,2025-11-02,Delhi,Nangloi Ward,Rohtak Road,28.679026,77.054398,12.91,54.11,824.2,7.7,21.43,55.52,Low
RRA-03312,2025-10-20,Chennai,Neelankarai Ward,East Coast Road,12.963048,80.263509,34.67,58.5,1270.0,26.6,25.42,44.7,Critical
RRA-03313,2025-06-15,Bangalore,Bellandur Ward,Sarjapur Road,12.913338,77.682693,23.87,62.09,1808.6,21.0,6.53,33.19,High
RRA-03314,2025-01-10,Chennai,Teynampet Ward,Anna Salai,13.043941,80.239361,8.85,45.64,1903.3,26.0,10.83,24.53,High
RRA-03315,2025-11-03,Delhi,Laxmi Nagar Ward,Vikas Marg,28.631951,77.277349,10.0,51.61,159.5,9.6,17.69,24.48,Low
RRA-03316,2025-11-29,Bangalore,Bannerghatta Ward,Bannerghatta Road,12.901832,77.598675,17.44,56.29,775.7,27.2,,33.99,High
RRA-03317,2025-01-09,Mumbai,Malad Ward,Link Road,19.186414,72.846172,8.26,47.51,2212.2,27.8,8.21,34.41,High
RRA-03318,2025-06-28,Chennai,Koyambedu Ward,Poonamallee High Road,13.058565,80.201041,5.55,62.26,2137.2,2.5,11.92,52.88,Low
RRA-03319,2025-08-11,Mumbai,Bandra Ward,SV Road,19.056658,72.824461,40.62,77.21,354.2,13.0,9.33,25.17,Medium
RRA-03320,2025-08-15,Pune,Baner Ward,Baner Road,18.559421,73.789775,28.06,69.29,1846.6,6.4,7.45,70.82,Medium
RRA-03321,2025-07-14,Bangalore,Bannerghatta Ward,Bannerghatta Road,12.900783,77.598369,45.25,78.58,2511.0,27.2,18.71,33.99,Critical
RRA-03322,2025-07-16,Delhi,Dwarka Ward,NH48 Highway,28.582223,77.049433,40.36,63.72,330.1,3.7,17.38,33.75,Medium
RRA-03323,2025-04-26,Delhi,Dhaula Kuan Ward,Outer Ring Road,28.596431,77.171796,7.38,60.91,1163.6,27.2,17.6,32.72,High
RRA-03324,2025-11-08,Hyderabad,Uppal Ward,Uppal Road,17.412149,78.556442,4.52,51.63,2970.1,22.8,10.41,33.72,High
RRA-03325,2025-06-19,Mumbai,Vashi Ward,Sion Panvel Highway,19.077839,72.998107,69.75,99.31,1273.9,15.5,24.31,64.06,Critical
RRA-03326,2025-02-04,Bangalore,Whitefield Ward,Whitefield Main Road,12.976617,77.758636,9.97,38.55,1484.7,9.0,11.23,34.76,Low
RRA-03327,2025-09-05,Bangalore,HAL Ward,Old Airport Road,12.9489,77.650821,20.48,66.43,648.5,5.6,4.03,58.83,Low
RRA-03328,2025-08-28,Bangalore,Bellandur Ward,Sarjapur Road,12.911913,77.700045,24.01,69.27,2077.9,21.0,7.2,33.19,High
RRA-03329,2025-09-01,Pune,Katraj Ward,Katraj Dehu Road Bypass,18.454391,73.868381,21.01,60.75,1705.8,27.9,9.24,10.35,Critical
RRA-03330,2025-03-10,Hyderabad,Banjara Hills Ward,Banjara Hills Road No 12,17.414086,78.429753,4.28,52.61,801.4,24.5,3.89,34.45,Medium
RRA-03331,2025-12-22,Delhi,Dwarka Ward,NH48 Highway,28.595188,77.04197,20.76,52.34,1714.6,3.7,11.28,33.75,Medium
RRA-03332,2025-08-09,Bangalore,Whitefield Ward,Whitefield Main Road,12.969111,77.756188,32.23,69.07,1984.5,9.0,16.93,34.76,High
RRA-03333,2025-04-04,Chennai,Koyambedu Ward,Poonamallee High Road,13.06703,80.191105,11.51,54.89,1483.8,2.5,8.91,52.88,Low
RRA-03334,2025-08-25,Pune,Baner Ward,Baner Road,18.558866,73.792453,26.28,66.18,1112.0,6.4,10.16,70.82,Low
RRA-03335,2025-02-26,Pune,Katraj Ward,Katraj Dehu Road Bypass,18.443616,73.860927,6.92,46.72,1248.1,27.9,28.75,10.35,Critical
RRA-03336,2025-10-07,Mumbai,Andheri Ward,Western Express Highway,19.123908,72.844635,24.15,59.87,999.4,18.2,6.98,59.23,Medium
RRA-03337,2025-01-22,Mumbai,Ghatkopar Ward,LBS Marg,19.091583,72.910098,8.67,54.63,1126.0,8.0,13.4,64.75,Low
RRA-03338,2025-02-18,Bangalore,Kengeri Ward,Mysore Road,12.908948,77.495744,13.62,51.12,1694.0,10.9,16.28,33.33,Medium
RRA-03339,2025-08-07,Bangalore,Kengeri Ward,Mysore Road,12.907244,77.494792,31.27,68.19,2104.2,10.9,9.22,33.33,High
RRA-03340,2025-01-24,Hyderabad,Hussain Sagar Ward,Tank Bund Road,17.428647,78.476467,5.13,52.55,2074.7,22.2,13.33,26.42,High
RRA-03341,2025-07-03,Mumbai,Ghatkopar Ward,LBS Marg,19.084944,72.914744,63.57,91.15,604.5,8.0,13.86,64.75,Medium
RRA-03342,2025-04-13,Pune,Baner Ward,Baner Road,18.559103,73.796962,16.82,52.37,3507.0,6.4,18.41,70.82,Medium
RRA-03343,2025-02-02,Mumbai,Bandra Ward,SV Road,19.06807,72.824656,8.27,51.73,1770.8,13.0,16.69,25.17,Medium
RRA-03344,2025-01-08,Chennai,Sholinganallur Ward,Old Mahabalipuram Road,12.905596,80.22018,3.02,47.2,1134.1,8.9,8.07,46.95,Low
RRA-03345,2025-09-14,Hyderabad,Gachibowli Ward,Outer Ring Road,17.437811,78.3758,35.17,58.05,1328.0,11.2,6.84,21.41,Medium
RRA-03346,2025-06-04,Chennai,Tambaram Ward,GST Road,12.930814,80.099578,7.63,53.14,1010.5,27.5,16.54,8.73,High
RRA-03347,2025-12-03,Chennai,Tambaram Ward,GST Road,12.924291,80.097383,28.66,61.34,883.0,27.5,22.07,8.73,Critical
RRA-03348,2025-07-14,Mumbai,Malad Ward,Link Road,19.183653,72.851736,59.93,80.48,1276.3,27.8,3.7,34.41,Critical
RRA-03349,2025-02-16,Mumbai,Chembur Ward,Eastern Express Highway,19.060943,72.902524,8.65,50.05,1646.9,22.7,23.26,49.17,High
RRA-03350,2025-05-30,Hyderabad,Uppal Ward,Uppal Road,17.409158,78.553952,16.78,57.05,1833.6,22.8,21.34,33.72,High
RRA-03351,2025-06-10,Pune,Bibwewadi Ward,Pune Satara Road,18.459964,73.869333,39.12,84.21,1188.3,27.2,16.71,53.6,Critical
RRA-03352,2025-05-15,Bangalore,Marathahalli Ward,Outer Ring Road,12.948985,77.699714,26.64,54.23,1581.6,15.6,11.69,54.34,Medium
RRA-03353,2025-07-23,Bangalore,Kengeri Ward,Mysore Road,12.905417,77.475125,35.82,69.4,2437.9,10.9,2.0,33.33,High
RRA-03354,2025-03-09,Delhi,Dhaula Kuan Ward,Outer Ring Road,28.596779,77.170362,11.52,56.63,2465.0,27.2,8.18,32.72,Critical
RRA-03355,2025-06-22,Bangalore,Marathahalli Ward,Outer Ring Road,12.964851,77.695252,28.5,63.15,438.4,15.6,19.41,54.34,Medium
RRA-03356,2025-10-18,Hyderabad,Uppal Ward,Uppal Road,17.405168,78.567235,15.76,56.31,576.7,22.8,16.62,33.72,Medium
RRA-03357,2025-10-09,Delhi,Azadpur Ward,GT Karnal Road,28.717882,77.173815,18.87,50.14,1286.7,8.5,11.74,55.67,Low
RRA-03358,2025-08-19,Pune,Bibwewadi Ward,Pune Satara Road,18.460876,73.865279,30.44,63.94,1262.3,27.2,10.54,53.6,High
RRA-03359,2025-09-15,Mumbai,Malad Ward,Link Road,19.188261,72.848692,26.1,56.38,100.0,27.8,9.53,34.41,Medium
RRA-03360,2025-04-05,Chennai,Sholinganallur Ward,Old Mahabalipuram Road,12.896231,80.221763,3.24,53.18,950.3,8.9,12.0,46.95,Low
RRA-03361,2025-05-01,Chennai,Sholinganallur Ward,Old Mahabalipuram Road,12.917744,80.222773,,47.12,311.0,8.9,13.62,46.95,Low
RRA-03362,2025-11-13,Bangalore,Peenya Ward,Tumkur Road,13.020728,77.521704,8.88,48.17,1393.9,7.4,17.56,84.46,Low
RRA-03363,2025-02-24,Mumbai,Vashi Ward,Sion Panvel Highway,19.076386,72.997592,30.57,62.85,158.3,15.5,,64.06,Medium
RRA-03364,2025-11-02,Chennai,Sholinganallur Ward,Old Mahabalipuram Road,12.894609,80.219732,31.61,68.97,1032.4,8.9,16.67,46.95,Medium
RRA-03365,2025-07-15,Hyderabad,Hussain Sagar Ward,Tank Bund Road,17.42463,78.471469,34.39,,2231.1,22.2,14.03,26.42,Critical
RRA-03366,2025-12-10,Pune,Baner Ward,Baner Road,18.569356,73.792167,5.66,43.07,2268.6,6.4,8.97,70.82,Low
RRA-03367,2025-11-23,Bangalore,Whitefield Ward,Whitefield Main Road,12.974472,77.743266,22.8,61.56,,9.0,14.74,34.76,Medium
RRA-03368,2025-08-11,Hyderabad,Banjara Hills Ward,Banjara Hills Road No 12,17.411962,78.422964,36.31,60.47,1575.3,24.5,7.45,34.45,High
RRA-03369,2025-09-15,Delhi,Azadpur Ward,GT Karnal Road,28.704412,77.167755,23.68,55.17,1021.3,8.5,8.63,55.67,Low
RRA-03370,2025-06-23,Bangalore,Peenya Ward,Tumkur Road,13.027077,77.523426,35.12,59.48,1422.5,7.4,11.2,84.46,Medium
RRA-03371,2025-09-25,Pune,Vadgaon Sheri Ward,Nagar Road,18.560828,73.915294,17.99,51.85,243.2,27.7,15.11,20.82,High
RRA-03372,2025-12-19,Chennai,Neelankarai Ward,East Coast Road,12.963691,80.245454,25.09,64.42,2300.2,26.6,2.66,44.7,High
RRA-03373,2025-06-09,Pune,Bibwewadi Ward,Pune Satara Road,18.475836,73.858089,32.14,69.28,100.0,27.2,5.2,53.6,Medium
RRA-03374,2025-08-01,Chennai,Koyambedu Ward,Poonamallee High Road,13.07191,80.185753,15.44,49.29,982.0,2.5,14.01,52.88,Low
RRA-03375,2025-03-05,Hyderabad,Uppal Ward,Uppal Road,17.407545,78.549826,4.21,47.27,1844.7,22.8,5.17,33.72,Medium
RRA-03376,2025-01-31,Bangalore,Bellandur Ward,Sarjapur Road,12.909717,77.679086,4.91,50.12,2213.4,21.0,21.2,33.19,High
RRA-03377,2025-10-20,Pune,Bibwewadi Ward,Pune Satara Road,18.467125,73.863124,5.59,41.32,991.6,27.2,18.23,53.6,Medium
RRA-03378,2025-01-11,Bangalore,Kengeri Ward,Mysore Road,12.899482,77.481136,7.01,49.25,352.1,10.9,,33.33,Low
RRA-03379,2025-11-01,Mumbai,Chembur Ward,Eastern Express Highway,19.038291,72.904841,7.9,54.48,195.7,22.7,4.97,49.17,Low
RRA-03380,2025-03-27,Hyderabad,Gachibowli Ward,Outer Ring Road,17.440065,78.377006,6.38,56.99,1626.4,11.2,14.57,21.41,Medium
RRA-03381,2025-10-25,Pune,Bibwewadi Ward,Pune Satara Road,18.466754,73.872333,14.6,56.26,1631.2,27.2,7.35,53.6,High
RRA-03382,2025-11-26,Delhi,Nizamuddin Ward,Mathura Road,28.589064,77.249413,2.94,53.94,1795.5,15.6,7.2,61.4,Medium
RRA-03383,2025-01-30,Delhi,Laxmi Nagar Ward,Vikas Marg,28.624631,77.278292,3.34,47.63,1085.5,9.6,6.45,24.48,Low
RRA-03384,2025-05-17,Mumbai,Thane Ward,Ghodbunder Road,19.252906,72.967544,36.85,68.04,1464.9,18.8,30.74,60.54,Critical
RRA-03385,2025-04-01,Delhi,Azadpur Ward,GT Karnal Road,28.707667,77.177106,8.62,43.43,1357.7,8.5,40.45,55.67,Medium
RRA-03386,2025-03-24,Pune,Baner Ward,Baner Road,18.553031,73.780303,8.15,51.67,700.2,6.4,12.6,70.82,Low
RRA-03387,2025-06-11,Bangalore,Peenya Ward,Tumkur Road,13.023686,77.510569,32.02,53.01,958.2,7.4,16.59,84.46,Low
RRA-03388,2025-03-29,Pune,Baner Ward,Baner Road,18.565986,73.784079,11.79,55.35,2870.4,6.4,15.6,70.82,Medium
RRA-03389,2025-09-13,Bangalore,Whitefield Ward,Whitefield Main Road,12.973404,77.747694,22.49,50.95,2530.9,9.0,9.89,34.76,Medium
RRA-03390,2025-08-22,Delhi,Nizamuddin Ward,Mathura Road,28.597883,77.250709,27.91,70.51,1219.8,15.6,13.98,61.4,Medium
RRA-03391,2025-10-23,Delhi,Dwarka Ward,NH48 Highway,28.594474,77.041445,7.11,50.11,1429.4,3.7,9.62,33.75,Low
RRA-03392,2025-03-18,Bangalore,Peenya Ward,Tumkur Road,13.028755,77.530485,9.73,49.15,1897.7,7.4,10.4,84.46,Low
RRA-03393,2025-12-17,Chennai,Koyambedu Ward,Poonamallee High Road,13.076801,80.191795,23.96,50.71,2712.2,2.5,23.04,52.88,Medium
RRA-03394,2025-05-17,Pune,Baner Ward,Baner Road,18.561386,73.792179,22.93,57.01,1241.5,6.4,14.18,70.82,Low
RRA-03395,2025-03-11,Bangalore,HAL Ward,Old Airport Road,12.963571,77.652312,5.0,48.87,,5.6,24.52,58.83,Low
RRA-03396,2025-08-12,Hyderabad,Hussain Sagar Ward,Tank Bund Road,17.421655,78.463407,40.8,66.15,1599.5,22.2,12.16,26.42,Critical
RRA-03397,2025-06-01,Bangalore,HAL Ward,Old Airport Road,12.962666,77.654409,19.36,59.39,2600.9,5.6,8.69,58.83,Medium
RRA-03398,2025-01-13,Bangalore,HAL Ward,Old Airport Road,12.958997,77.637243,2.57,53.09,705.5,5.6,14.76,58.83,Low
RRA-03399,2025-12-29,Chennai,Tambaram Ward,GST Road,12.924008,80.095786,12.94,47.33,842.3,27.5,12.94,8.73,High
RRA-03400,2025-05-10,Delhi,Dwarka Ward,NH48 Highway,28.590107,77.054557,14.3,55.09,1347.0,3.7,14.58,33.75,Low
RRA-03401,2025-09-01,Delhi,Dhaula Kuan Ward,Outer Ring Road,28.60213,77.157308,24.28,63.52,1403.0,27.2,24.32,32.72,Critical
RRA-03402,2025-06-30,Pune,Bibwewadi Ward,Pune Satara Road,18.461269,73.858775,41.07,73.45,1481.8,27.2,,53.6,Critical
RRA-03403,2025-08-14,Bangalore,Bellandur Ward,Sarjapur Road,12.913063,77.698975,33.55,60.18,776.1,21.0,21.0,33.19,High
RRA-03404,2025-02-17,Bangalore,Marathahalli Ward,Outer Ring Road,12.962543,77.699628,11.38,56.45,2097.6,15.6,14.53,54.34,Medium
RRA-03405,2025-07-28,Delhi,Nangloi Ward,Rohtak Road,28.679548,77.053299,41.33,66.47,2314.4,7.7,20.15,55.52,High
RRA-03406,2025-07-22,Bangalore,Peenya Ward,Tumkur Road,13.028206,77.517667,35.56,73.55,1404.8,7.4,12.09,84.46,Medium
RRA-03407,2025-02-03,Delhi,Dwarka Ward,NH48 Highway,28.591606,77.036391,5.7,46.92,675.6,3.7,11.52,33.75,Low
RRA-03408,2025-11-27,Bangalore,Peenya Ward,Tumkur Road,13.029464,77.521718,5.91,50.46,458.2,7.4,13.82,84.46,Low
RRA-03409,2025-07-18,Chennai,Koyambedu Ward,Poonamallee High Road,13.070042,80.180981,5.56,50.2,1618.3,2.5,20.98,52.88,Low
RRA-03410,2025-09-26,Chennai,Koyambedu Ward,Poonamallee High Road,13.066153,80.200782,27.28,59.22,979.1,2.5,8.06,52.88,Low
RRA-03411,2025-11-25,Delhi,Dhaula Kuan Ward,Outer Ring Road,28.583256,77.167011,8.5,56.51,2175.9,27.2,11.41,32.72,High
RRA-03412,2025-08-26,Hyderabad,Gachibowli Ward,Outer Ring Road,17.433201,78.376416,30.01,67.1,1096.0,11.2,8.34,21.41,Medium
RRA-03413,2025-07-24,Chennai,Teynampet Ward,Anna Salai,13.049841,80.249141,5.69,45.95,993.3,26.0,10.43,24.53,Medium
RRA-03414,2025-08-02,Mumbai,Andheri Ward,Western Express Highway,19.115608,72.853714,44.1,72.59,1333.6,18.2,14.39,59.23,High
RRA-03415,2025-05-08,Bangalore,Bellandur Ward,Sarjapur Road,12.899989,77.68657,15.5,60.72,293.7,21.0,10.07,33.19,Medium
RRA-03416,2025-06-19,Hyderabad,Uppal Ward,Uppal Road,17.399554,78.553044,41.91,63.95,760.5,22.8,22.48,33.72,Critical
RRA-03417,2025-12-15,Delhi,Laxmi Nagar Ward,Vikas Marg,28.622458,77.262768,14.89,57.1,2457.2,9.6,17.86,24.48,High
RRA-03418,2025-09-16,Mumbai,Andheri Ward,Western Express Highway,19.130179,72.851446,16.76,50.72,1601.6,18.2,7.5,59.23,Medium
RRA-03419,2025-07-29,Bangalore,Electronic City Ward,Hosur Road,12.845325,77.661584,35.71,56.57,1017.7,3.2,11.48,45.63,Low
RRA-03420,2025-08-14,Bangalore,Peenya Ward,Tumkur Road,13.031705,77.514814,28.12,55.36,1200.0,7.4,8.23,84.46,Low
RRA-03421,2025-01-12,Mumbai,Thane Ward,Ghodbunder Road,19.244314,72.975574,6.68,40.68,863.0,18.8,11.46,60.54,Low
RRA-03422,2025-04-12,Mumbai,Andheri Ward,Western Express Highway,19.111245,72.842645,29.58,56.25,1456.5,18.2,23.21,59.23,High
RRA-03423,2025-09-12,Delhi,Dwarka Ward,NH48 Highway,28.593153,77.051253,23.33,54.48,505.8,3.7,13.42,33.75,Low
RRA-03424,2025-11-28,Bangalore,Bellandur Ward,Sarjapur Road,12.911349,77.690781,9.63,57.21,1275.0,21.0,7.16,33.19,Medium
RRA-03425,2025-12-01,Mumbai,Chembur Ward,Eastern Express Highway,19.054052,72.897366,9.78,66.26,1854.5,22.7,7.73,49.17,High
RRA-03426,2025-03-12,Bangalore,Peenya Ward,Tumkur Road,13.030446,77.50779,5.65,46.38,783.3,7.4,15.83,84.46,Low
RRA-03427,2025-04-08,Chennai,Teynampet Ward,Anna Salai,13.054391,80.237606,8.87,44.05,1090.4,26.0,15.77,24.53,High
RRA-03428,2025-06-15,Chennai,Teynampet Ward,Anna Salai,13.042299,80.231046,3.51,48.94,1185.2,26.0,18.69,24.53,High
RRA-03429,2025-05-25,Bangalore,Bellandur Ward,Sarjapur Road,12.914578,77.688683,18.53,50.37,853.0,21.0,4.46,33.19,Medium
RRA-03430,2025-12-25,Chennai,Neelankarai Ward,East Coast Road,12.956542,80.260956,12.58,45.49,2009.1,26.6,16.09,44.7,High
RRA-03431,2025-03-01,Delhi,Nizamuddin Ward,Mathura Road,28.591686,77.26076,3.29,53.08,1395.5,15.6,6.63,61.4,Low
RRA-03432,2025-10-18,Mumbai,Chembur Ward,Eastern Express Highway,19.04953,72.902651,12.06,44.3,100.0,22.7,20.88,49.17,Medium
RRA-03433,2025-07-11,Bangalore,Peenya Ward,Tumkur Road,13.041104,77.524579,35.89,64.46,4238.600208707559,7.4,,84.46,Medium
RRA-03434,2025-11-27,Bangalore,HAL Ward,Old Airport Road,12.948137,77.655146,4.1,44.14,703.2,5.6,6.63,58.83,Low
RRA-03435,2025-09-14,Delhi,Dwarka Ward,NH48 Highway,28.589004,77.044861,16.79,56.37,971.4,3.7,3.09,33.75,Low
RRA-03436,2025-07-27,Delhi,Azadpur Ward,GT Karnal Road,28.719351,77.17376,41.0,70.74,3413.1,8.5,6.23,55.67,High
RRA-03437,2025-10-09,Bangalore,Bellandur Ward,Sarjapur Road,12.918633,77.683442,,42.85,1557.4,21.0,2.12,33.19,Medium
RRA-03438,2025-04-15,Chennai,Teynampet Ward,Anna Salai,13.035154,80.240502,5.97,48.69,100.0,26.0,7.12,24.53,Medium
RRA-03439,2025-09-25,Chennai,Koyambedu Ward,Poonamallee High Road,13.074407,80.197411,27.83,71.24,991.9,2.5,8.54,52.88,Low
RRA-03440,2025-02-04,Chennai,Koyambedu Ward,Poonamallee High Road,13.074864,80.196573,5.14,35.46,2095.5,2.5,8.37,52.88,Low
RRA-03441,2025-03-26,Bangalore,Bannerghatta Ward,Bannerghatta Road,12.905111,77.594577,6.58,38.73,1145.5,27.2,8.37,33.99,Medium
RRA-03442,2025-04-21,Mumbai,Thane Ward,Ghodbunder Road,19.246905,72.974635,17.49,53.07,1778.6,18.8,16.3,60.54,Medium
RRA-03443,2025-09-30,Pune,Katraj Ward,Katraj Dehu Road Bypass,18.44542,73.868353,23.82,61.93,2180.8,27.9,,10.35,Critical
RRA-03444,2025-11-12,Chennai,Koyambedu Ward,Poonamallee High Road,13.070844,80.195783,29.88,,1039.3,2.5,14.46,52.88,Low
RRA-03445,2025-05-10,Mumbai,Vashi Ward,Sion Panvel Highway,19.085516,73.011877,34.69,69.02,2146.7,15.5,30.48,64.06,Critical
RRA-03446,2025-12-07,Hyderabad,Uppal Ward,Uppal Road,17.396769,78.556759,3.3,49.95,359.7,22.8,21.5,33.72,Medium
RRA-03447,2025-02-04,Mumbai,Malad Ward,Link Road,19.181306,72.856168,24.27,74.2,2035.4,27.8,8.37,34.41,Critical
RRA-03448,2025-09-14,Mumbai,Andheri Ward,Western Express Highway,19.117755,72.842447,18.57,50.3,827.6,18.2,15.58,59.23,Medium
RRA-03449,2025-01-29,Mumbai,Bandra Ward,SV Road,19.064068,72.828777,9.87,57.05,1144.1,13.0,8.62,25.17,Medium
RRA-03450,2025-03-28,Bangalore,Bannerghatta Ward,Bannerghatta Road,12.89161,77.594714,4.21,46.02,2630.5,27.2,6.35,33.99,High
RRA-03451,2025-11-19,Mumbai,Malad Ward,Link Road,19.183316,72.857639,5.61,53.01,1490.1,27.8,15.62,34.41,High
RRA-03452,2025-01-05,Mumbai,Bandra Ward,SV Road,19.051817,72.830093,24.15,60.93,1432.8,13.0,3.46,25.17,Medium
RRA-03453,2025-09-08,Bangalore,HAL Ward,Old Airport Road,12.966336,77.647937,28.95,54.8,1639.3,5.6,20.23,58.83,Medium
RRA-03454,2025-09-27,Chennai,Tambaram Ward,GST Road,12.929738,80.088036,26.6,58.71,1240.8,27.5,6.98,8.73,High
RRA-03455,2025-06-07,Delhi,Dwarka Ward,NH48 Highway,28.602927,77.05497,30.54,62.57,1826.2,3.7,13.58,33.75,Medium
RRA-03456,2025-07-01,Mumbai,Thane Ward,Ghodbunder Road,19.241382,72.97532,62.11,78.88,,18.8,,60.54,High
RRA-03457,2025-08-25,Hyderabad,Uppal Ward,Uppal Road,17.412549,78.558547,43.41,65.56,1979.9,22.8,17.26,33.72,Critical
RRA-03458,2025-11-14,Delhi,Dwarka Ward,NH48 Highway,28.591874,77.048316,6.72,51.43,496.6,3.7,7.0,33.75,Low
RRA-03459,2025-05-04,Delhi,Nangloi Ward,Rohtak Road,28.680758,77.057151,9.68,49.56,2367.8,7.7,21.89,55.52,Medium
RRA-03460,2025-06-16,Bangalore,Bannerghatta Ward,Bannerghatta Road,12.890467,77.593929,31.57,80.54,173.0,27.2,17.96,33.99,High
RRA-03461,2025-09-18,Delhi,Nizamuddin Ward,Mathura Road,28.591762,77.253306,15.37,55.41,2511.2,15.6,16.75,61.4,High
RRA-03462,2025-06-20,Bangalore,Whitefield Ward,Whitefield Main Road,12.957915,77.76394,28.04,58.94,295.0,9.0,5.97,34.76,Low
RRA-03463,2025-11-23,Hyderabad,Gachibowli Ward,Outer Ring Road,17.439375,78.381306,9.21,44.54,398.7,11.2,28.12,21.41,Medium
RRA-03464,2025-12-05,Pune,Bibwewadi Ward,Pune Satara Road,18.474399,73.869497,,53.48,1935.6,27.2,4.68,53.6,High
RRA-03465,2025-11-15,Bangalore,Bellandur Ward,Sarjapur Road,12.915152,77.683118,4.8,49.1,1479.8,21.0,8.15,33.19,Medium
RRA-03466,2025-12-13,Hyderabad,Uppal Ward,Uppal Road,17.402344,78.559828,10.62,48.92,1181.9,22.8,2.02,33.72,Medium
RRA-03467,2025-10-16,Hyderabad,Gachibowli Ward,Outer Ring Road,17.440367,78.379179,19.81,57.34,1057.9,11.2,16.78,21.41,Medium
RRA-03468,2025-05-11,Pune,Baner Ward,Baner Road,18.556905,73.774732,23.57,51.57,2208.4,6.4,6.85,70.82,Medium
RRA-03469,2025-02-25,Delhi,Dwarka Ward,NH48 Highway,28.58371,77.03922,4.43,48.44,2206.9,3.7,18.86,33.75,Medium
RRA-03470,2025-04-20,Pune,Baner Ward,Baner Road,18.5611,73.788386,10.82,48.55,1728.0,6.4,7.72,70.82,Low
RRA-03471,2025-08-12,Bangalore,Bannerghatta Ward,Bannerghatta Road,12.900368,77.590716,42.75,65.81,1318.0,27.2,18.42,33.99,Critical
RRA-03472,2025-12-19,Mumbai,Andheri Ward,Western Express Highway,19.110522,72.844731,8.87,54.03,954.4,18.2,6.58,59.23,Low
RRA-03473,2025-08-17,Mumbai,Vashi Ward,Sion Panvel Highway,19.079435,72.987724,36.41,73.56,1511.3,15.5,13.61,64.06,High
RRA-03474,2025-06-17,Chennai,Teynampet Ward,Anna Salai,13.033236,80.242327,9.26,49.35,1611.2,26.0,17.44,24.53,High
RRA-03475,2025-03-03,Delhi,Nizamuddin Ward,Mathura Road,28.586733,77.250553,16.45,45.24,1800.5,15.6,10.88,61.4,Medium
RRA-03476,2025-02-15,Hyderabad,Banjara Hills Ward,Banjara Hills Road No 12,17.417453,78.430479,7.6,35.97,2616.3,24.5,4.06,34.45,High
RRA-03477,2025-11-17,Delhi,Azadpur Ward,GT Karnal Road,28.713387,77.183652,4.71,45.7,,8.5,10.91,55.67,Low
RRA-03478,2025-07-01,Mumbai,Vashi Ward,Sion Panvel Highway,19.077748,72.997102,,84.85,1000.8,15.5,38.62,64.06,Critical
RRA-03479,2025-02-22,Delhi,Azadpur Ward,GT Karnal Road,28.717452,77.176782,17.59,55.79,2266.8,8.5,16.43,55.67,Medium
RRA-03480,2025-09-05,Delhi,Nizamuddin Ward,Mathura Road,28.576737,77.253525,30.74,58.31,918.0,15.6,5.97,61.4,Medium
RRA-03481,2025-12-02,Delhi,Dwarka Ward,NH48 Highway,28.595111,77.051252,9.89,46.33,1317.1,3.7,9.86,33.75,Low
RRA-03482,2025-06-08,Mumbai,Thane Ward,Ghodbunder Road,19.240425,72.977201,55.47,81.47,1655.0,18.8,14.98,60.54,Critical
RRA-03483,2025-02-11,Chennai,Tambaram Ward,GST Road,12.914526,80.092207,13.68,48.79,1024.0,27.5,16.9,8.73,High
RRA-03484,2025-05-13,Delhi,Dwarka Ward,NH48 Highway,28.599088,77.047441,14.89,47.61,1982.6,3.7,10.34,33.75,Medium
RRA-03485,2025-03-11,Chennai,Sholinganallur Ward,Old Mahabalipuram Road,12.904703,80.22949,7.3,58.8,1822.6,8.9,11.32,46.95,Medium
RRA-03486,2025-02-27,Chennai,Koyambedu Ward,Poonamallee High Road,13.079567,80.194496,8.79,41.31,341.5,2.5,11.92,52.88,Low
RRA-03487,2025-11-10,Mumbai,Andheri Ward,Western Express Highway,19.11215,72.858579,18.74,49.54,1377.2,18.2,18.74,59.23,Medium
RRA-03488,2025-12-25,Chennai,Koyambedu Ward,Poonamallee High Road,13.062996,80.189197,19.39,68.34,695.4,2.5,15.28,52.88,Low
RRA-03489,2025-12-09,Hyderabad,Gachibowli Ward,Outer Ring Road,17.448964,78.381311,13.86,55.46,1391.1,11.2,3.17,21.41,Low
RRA-03490,2025-08-06,Pune,Katraj Ward,Katraj Dehu Road Bypass,18.45738,73.862867,31.54,64.71,1741.1,27.9,8.35,10.35,Critical
RRA-03491,2025-02-17,Mumbai,Thane Ward,Ghodbunder Road,19.238364,72.982341,,47.86,2698.7,18.8,11.89,60.54,High
RRA-03492,2025-08-16,Mumbai,Ghatkopar Ward,LBS Marg,19.075518,72.918056,33.67,72.54,860.5,8.0,3.57,64.75,Low
RRA-03493,2025-06-27,Chennai,Teynampet Ward,Anna Salai,13.034983,80.249758,11.29,51.62,1945.4,26.0,10.96,24.53,High
RRA-03494,2025-02-08,Mumbai,Malad Ward,Link Road,19.192972,72.845991,6.16,52.97,1791.5,27.8,22.46,34.41,High
RRA-03495,2025-09-11,Mumbai,Chembur Ward,Eastern Express Highway,19.047421,72.890562,22.75,52.21,517.4,22.7,26.21,49.17,High
RRA-03496,2025-11-03,Pune,Katraj Ward,Katraj Dehu Road Bypass,18.446864,73.861752,13.51,44.41,3822.4420916393938,27.9,17.73,10.35,High
RRA-03497,2025-06-12,Mumbai,Thane Ward,Ghodbunder Road,19.231912,72.986104,56.34,81.16,1040.6,18.8,6.49,60.54,High
RRA-03498,2025-03-07,Delhi,Dwarka Ward,NH48 Highway,28.592847,77.04658,33.07,62.03,1725.2,3.7,7.78,33.75,Medium
RRA-03499,2025-05-23,Chennai,Neelankarai Ward,East Coast Road,12.954201,80.259387,17.58,58.67,,26.6,12.92,44.7,High
RRA-03500,2025-04-14,Delhi,Dhaula Kuan Ward,Outer Ring Road,28.594725,77.160422,5.29,45.25,2093.2,27.2,6.65,32.72,High
RRA-03501,2025-09-27,Pune,Vadgaon Sheri Ward,Nagar Road,18.563015,73.917684,9.55,59.45,1490.5,27.7,9.63,20.82,High
RRA-03502,2025-06-11,Chennai,Sholinganallur Ward,Old Mahabalipuram Road,12.901613,80.222744,15.23,58.14,649.1,8.9,9.45,46.95,Low
RRA-03503,2025-11-23,Bangalore,Whitefield Ward,Whitefield Main Road,12.957533,77.755286,12.22,54.87,1180.2,9.0,9.67,34.76,Low
RRA-03504,2025-02-13,Hyderabad,Gachibowli Ward,Outer Ring Road,17.45121,78.376985,15.62,64.45,1378.7,11.2,4.25,21.41,Medium
RRA-03505,2025-12-05,Bangalore,Peenya Ward,Tumkur Road,13.016817,77.518847,19.32,,1891.5,7.4,8.72,84.46,Low
RRA-03506,2025-12-18,Bangalore,Kengeri Ward,Mysore Road,12.901494,77.478699,7.48,53.72,1525.4,10.9,15.99,33.33,Medium
RRA-03507,2025-08-21,Delhi,Laxmi Nagar Ward,Vikas Marg,28.621202,77.281116,27.55,57.2,2024.0,9.6,27.16,24.48,High
RRA-03508,2025-02-20,Mumbai,Vashi Ward,Sion Panvel Highway,19.080076,73.001702,5.73,,,15.5,17.26,64.06,Low
RRA-03509,2025-03-21,Chennai,Teynampet Ward,Anna Salai,13.041227,80.248422,7.13,50.51,608.6,26.0,9.82,24.53,Medium
RRA-03510,2025-05-23,Bangalore,Marathahalli Ward,Outer Ring Road,12.956249,77.702786,14.37,57.74,1439.0,15.6,14.64,54.34,Medium
RRA-03511,2025-03-03,Bangalore,Bellandur Ward,Sarjapur Road,12.912371,77.686007,9.72,62.44,1178.3,21.0,5.39,33.19,Medium
RRA-03512,2025-06-08,Bangalore,Peenya Ward,Tumkur Road,13.028124,77.520179,31.46,69.51,,7.4,10.0,84.46,Low
RRA-03513,2025-10-31,Hyderabad,Hussain Sagar Ward,Tank Bund Road,17.423938,78.471826,9.83,48.77,1098.0,22.2,23.04,26.42,High
RRA-03514,2025-06-13,Mumbai,Andheri Ward,Western Express Highway,19.109673,72.845975,60.2,,881.6,18.2,15.34,59.23,Critical
RRA-03515,2025-09-26,Mumbai,Andheri Ward,Western Express Highway,19.119711,72.851181,12.42,51.65,1966.9,18.2,12.45,59.23,Medium
RRA-03516,2025-06-02,Delhi,Dwarka Ward,NH48 Highway,28.588225,77.045979,28.11,74.01,1076.1,3.7,9.23,33.75,Medium
RRA-03517,2025-11-22,Bangalore,Marathahalli Ward,Outer Ring Road,12.954767,77.706498,5.07,53.35,1144.5,15.6,8.32,54.34,Low
RRA-03518,2025-11-02,Bangalore,Peenya Ward,Tumkur Road,13.027564,77.517103,12.4,52.58,147.3,7.4,10.99,84.46,Low
RRA-03519,2025-06-26,Chennai,Sholinganallur Ward,Old Mahabalipuram Road,12.895475,80.233914,12.0,49.04,1346.5,8.9,9.64,46.95,Low
RRA-03520,2025-08-18,Bangalore,Peenya Ward,Tumkur Road,13.030718,77.51805,26.34,56.45,726.0,7.4,6.03,84.46,Low
RRA-03521,2025-04-06,Hyderabad,Gachibowli Ward,Outer Ring Road,17.450252,78.366164,6.25,51.54,578.5,11.2,15.19,21.41,Low
RRA-03522,2025-04-14,Hyderabad,Hussain Sagar Ward,Tank Bund Road,17.424273,78.48036,7.82,37.75,795.3,22.2,8.52,26.42,Medium
RRA-03523,2025-01-12,Mumbai,Chembur Ward,Eastern Express Highway,19.041381,72.899993,11.6,52.6,2330.8,22.7,10.21,49.17,High
RRA-03524,2025-07-07,Chennai,Tambaram Ward,GST Road,12.929601,80.100906,6.41,46.62,1194.5,27.5,9.43,8.73,High
RRA-03525,2025-05-21,Mumbai,Malad Ward,Link Road,19.192097,72.852248,47.07,68.88,2008.5,27.8,8.78,34.41,Critical
RRA-03526,2025-07-01,Bangalore,Marathahalli Ward,Outer Ring Road,12.954263,77.708933,34.7,61.81,1631.3,15.6,24.05,54.34,High
RRA-03527,2025-01-30,Mumbai,Malad Ward,Link Road,19.176261,72.845486,6.46,,2224.9,27.8,18.66,34.41,Critical
RRA-03528,2025-01-19,Hyderabad,Hussain Sagar Ward,Tank Bund Road,17.426586,78.471269,6.38,50.48,1318.5,22.2,11.08,26.42,Medium
RRA-03529,2025-02-11,Bangalore,Electronic City Ward,Hosur Road,12.848547,77.645046,7.86,49.56,1479.8,3.2,22.48,45.63,Low
RRA-03530,2025-08-28,Mumbai,Chembur Ward,Eastern Express Highway,19.059655,72.89786,25.74,,,22.7,8.72,49.17,Medium
RRA-03531,2025-06-26,Delhi,Nangloi Ward,Rohtak Road,28.683731,77.051691,39.45,57.49,1697.5,7.7,9.15,55.52,Medium
RRA-03532,2025-11-02,Pune,Katraj Ward,Katraj Dehu Road Bypass,18.455217,73.86469,5.97,37.1,1902.0,27.9,16.93,10.35,Critical
RRA-03533,2025-08-04,Pune,Baner Ward,Baner Road,18.555183,73.791641,31.87,61.55,109.3,6.4,16.53,70.82,Low
RRA-03534,2025-08-17,Hyderabad,Hussain Sagar Ward,Tank Bund Road,17.425474,78.479762,31.4,65.63,1602.5,22.2,17.02,26.42,Critical
RRA-03535,2025-11-05,Delhi,Nangloi Ward,Rohtak Road,28.68475,77.058353,5.72,55.47,1370.7,7.7,13.66,55.52,Low
RRA-03536,2025-06-10,Pune,Bibwewadi Ward,Pune Satara Road,18.462031,73.863522,38.01,74.3,814.7,27.2,9.62,53.6,High
RRA-03537,2025-06-15,Hyderabad,Hussain Sagar Ward,Tank Bund Road,17.42653,78.473781,20.43,64.61,1368.1,22.2,10.02,26.42,High
RRA-03538,2025-06-16,Mumbai,Vashi Ward,Sion Panvel Highway,19.083926,72.997704,59.04,85.52,,15.5,,64.06,High
RRA-03539,2025-09-02,Mumbai,Andheri Ward,Western Express Highway,19.130509,72.836562,26.07,53.07,418.6,18.2,8.59,59.23,Medium
RRA-03540,2025-12-08,Mumbai,Chembur Ward,Eastern Express Highway,19.050067,72.887073,7.96,53.36,942.5,22.7,6.14,49.17,Medium
RRA-03541,2025-01-07,Mumbai,Bandra Ward,SV Road,19.065694,72.836125,9.99,60.11,,13.0,22.27,25.17,High
RRA-03542,2025-04-08,Bangalore,Bellandur Ward,Sarjapur Road,12.917159,77.692677,4.22,51.51,2173.1,21.0,22.56,33.19,High
RRA-03543,2025-06-04,Pune,Baner Ward,Baner Road,18.556177,73.778906,34.77,70.13,1902.4,6.4,16.58,70.82,Medium
RRA-03544,2025-02-22,Chennai,Sholinganallur Ward,Old Mahabalipuram Road,12.9007,80.232475,4.89,52.88,1163.0,8.9,16.93,46.95,Low
RRA-03545,2025-09-09,Mumbai,Bandra Ward,SV Road,19.052584,72.836254,17.51,60.18,1135.4,13.0,14.16,25.17,Medium
RRA-03546,2025-06-29,Bangalore,Peenya Ward,Tumkur Road,13.019177,77.519714,46.71,,978.7,7.4,18.39,84.46,Medium
RRA-03547,2025-05-12,Hyderabad,Gachibowli Ward,Outer Ring Road,17.443573,78.386251,13.19,46.53,1418.4,11.2,7.99,21.41,Medium
RRA-03548,2025-05-31,Bangalore,Kengeri Ward,Mysore Road,12.911092,77.490022,21.65,51.77,2274.7,10.9,8.58,33.33,Medium
RRA-03549,2025-09-07,Bangalore,Electronic City Ward,Hosur Road,12.860678,77.662687,31.92,60.8,517.3,3.2,11.2,45.63,Low
RRA-03550,2025-05-21,Bangalore,Marathahalli Ward,Outer Ring Road,12.960486,77.697834,18.67,51.98,178.6,15.6,8.28,54.34,Low
RRA-03551,2025-10-20,Delhi,Dhaula Kuan Ward,Outer Ring Road,28.587678,77.166321,9.88,59.15,2181.1,27.2,30.45,32.72,Critical
RRA-03552,2025-07-31,Chennai,Sholinganallur Ward,Old Mahabalipuram Road,12.890662,80.227979,9.9,46.37,1264.8,8.9,12.43,46.95,Low
RRA-03553,2025-05-08,Mumbai,Thane Ward,Ghodbunder Road,19.239911,72.979331,36.19,72.52,1094.9,18.8,13.53,60.54,High
RRA-03554,2025-08-09,Bangalore,Kengeri Ward,Mysore Road,12.918303,77.483411,32.0,67.74,1678.3,10.9,12.16,33.33,High
RRA-03555,2025-04-18,Delhi,Nangloi Ward,Rohtak Road,28.696235,77.058968,15.69,56.68,1878.6,7.7,6.69,55.52,Low
RRA-03556,2025-10-01,Delhi,Dwarka Ward,NH48 Highway,28.596699,77.045143,16.35,52.73,571.4,3.7,16.93,33.75,Low
RRA-03557,2025-05-26,Pune,Vadgaon Sheri Ward,Nagar Road,18.555718,73.909271,22.74,60.21,544.3,27.7,6.92,20.82,High
RRA-03558,2025-04-17,Mumbai,Malad Ward,Link Road,19.187662,72.848837,18.73,52.42,1996.3,27.8,16.3,34.41,Critical
RRA-03559,2025-09-19,Mumbai,Ghatkopar Ward,LBS Marg,19.07924,72.911875,13.42,48.55,1912.5,8.0,28.39,64.75,Medium
RRA-03560,2025-07-16,Mumbai,Bandra Ward,SV Road,19.067359,72.828566,59.4,80.97,1980.8,13.0,8.81,25.17,Critical
RRA-03561,2025-09-17,Bangalore,Whitefield Ward,Whitefield Main Road,12.958928,77.744296,,66.81,,9.0,8.6,34.76,Medium
RRA-03562,2025-01-29,Pune,Baner Ward,Baner Road,18.551643,73.789148,10.78,59.0,652.3,6.4,13.1,70.82,Low
RRA-03563,2025-02-08,Mumbai,Malad Ward,Link Road,19.184628,72.850913,8.88,48.17,3272.3,27.8,6.98,34.41,Critical
RRA-03564,2025-11-17,Delhi,Nangloi Ward,Rohtak Road,28.677323,77.03936,9.04,61.38,540.5,7.7,8.81,55.52,Low
RRA-03565,2025-08-15,Hyderabad,Hussain Sagar Ward,Tank Bund Road,17.405728,78.487346,39.3,75.47,1060.2,22.2,19.11,26.42,Critical
RRA-03566,2025-12-23,Pune,Bibwewadi Ward,Pune Satara Road,18.457902,73.863535,18.97,64.17,1490.9,27.2,11.76,53.6,High
RRA-03567,2025-05-18,Bangalore,Marathahalli Ward,Outer Ring Road,12.966208,77.713464,24.07,60.9,1515.6,15.6,12.45,54.34,Medium
RRA-03568,2025-08-16,Mumbai,Ghatkopar Ward,LBS Marg,19.090611,72.909845,44.44,80.91,1530.5,8.0,9.32,64.75,Medium
RRA-03569,2025-03-13,Mumbai,Bandra Ward,SV Road,19.042016,72.837152,10.67,44.55,1432.9,13.0,14.64,25.17,Medium
RRA-03570,2025-12-17,Delhi,Dhaula Kuan Ward,Outer Ring Road,28.590671,77.164038,3.27,39.47,1451.8,27.2,2.0,32.72,Medium
RRA-03571,2025-05-08,Delhi,Nizamuddin Ward,Mathura Road,28.588933,77.250673,,42.86,915.4,15.6,13.54,61.4,Low
RRA-03572,2025-06-19,Delhi,Azadpur Ward,GT Karnal Road,28.719434,77.170958,31.46,63.35,1299.3,8.5,7.98,55.67,Medium
RRA-03573,2025-08-19,Hyderabad,Hussain Sagar Ward,Tank Bund Road,17.429572,78.487743,42.18,59.84,492.7,22.2,13.61,26.42,High
RRA-03574,2025-02-11,Hyderabad,Banjara Hills Ward,Banjara Hills Road No 12,17.424439,78.438575,8.98,44.05,794.9,24.5,12.59,34.45,Medium
RRA-03575,2025-12-26,Bangalore,Kengeri Ward,Mysore Road,12.910842,77.482551,5.14,48.05,1936.6,10.9,14.38,33.33,Medium
RRA-03576,2025-01-05,Pune,Baner Ward,Baner Road,18.560137,73.790503,5.29,59.77,2102.9,6.4,7.42,70.82,Low
RRA-03577,2025-10-08,Chennai,Sholinganallur Ward,Old Mahabalipuram Road,12.905633,80.231963,31.48,61.33,1128.6,8.9,6.68,46.95,Medium
RRA-03578,2025-10-23,Chennai,Teynampet Ward,Anna Salai,13.047824,80.236574,34.74,69.76,1130.3,26.0,16.93,24.53,Critical
RRA-03579,2025-03-10,Mumbai,Chembur Ward,Eastern Express Highway,19.050382,72.900551,19.49,57.69,1168.2,22.7,21.38,49.17,High
RRA-03580,2025-11-12,Chennai,Neelankarai Ward,East Coast Road,12.963249,80.243423,31.85,70.5,1275.7,26.6,4.14,44.7,High
RRA-03581,2025-07-11,Pune,Vadgaon Sheri Ward,Nagar Road,18.556465,73.916695,43.75,73.05,2593.6,27.7,18.75,20.82,Critical
RRA-03582,2025-09-26,Bangalore,Peenya Ward,Tumkur Road,13.031744,77.518702,10.36,,1111.3,7.4,17.93,84.46,Low
RRA-03583,2025-08-22,Chennai,Koyambedu Ward,Poonamallee High Road,13.068856,80.194031,18.27,53.77,1033.4,2.5,9.23,52.88,Low
RRA-03584,2025-02-20,Mumbai,Malad Ward,Link Road,19.193671,72.862513,7.6,47.39,344.8,27.8,4.43,34.41,Medium
RRA-03585,2025-01-17,Mumbai,Malad Ward,Link Road,19.184306,72.845625,25.4,57.41,546.5,27.8,9.18,34.41,High
RRA-03586,2025-08-16,Bangalore,Kengeri Ward,Mysore Road,12.909078,77.479125,29.03,65.33,1253.3,10.9,12.75,33.33,Medium
RRA-03587,2025-08-19,Delhi,Nizamuddin Ward,Mathura Road,28.594774,77.261388,30.03,62.26,674.9,15.6,17.88,61.4,Medium
RRA-03588,2025-04-22,Hyderabad,Gachibowli Ward,Outer Ring Road,17.437485,78.384385,13.34,50.63,1480.9,11.2,14.39,21.41,Medium
RRA-03589,2025-05-13,Delhi,Dhaula Kuan Ward,Outer Ring Road,28.595621,77.165749,12.98,54.72,1112.1,27.2,21.57,32.72,High
RRA-03590,2025-03-22,Mumbai,Ghatkopar Ward,LBS Marg,19.099093,72.902099,8.11,58.55,1534.2,8.0,12.95,64.75,Low
RRA-03591,2025-05-31,Bangalore,Whitefield Ward,Whitefield Main Road,12.97038,77.753503,17.52,52.35,1278.5,9.0,12.19,34.76,Medium
RRA-03592,2025-11-05,Bangalore,Marathahalli Ward,Outer Ring Road,12.954339,77.706592,9.52,45.98,1085.4,15.6,10.48,54.34,Low
RRA-03593,2025-03-05,Chennai,Neelankarai Ward,East Coast Road,12.958118,80.255282,6.75,38.75,,26.6,10.81,44.7,Medium
RRA-03594,2025-05-05,Mumbai,Chembur Ward,Eastern Express Highway,19.037541,72.899377,33.82,68.88,1001.4,22.7,12.07,49.17,High
RRA-03595,2025-03-12,Chennai,Teynampet Ward,Anna Salai,13.034618,80.233732,12.96,59.46,1466.5,26.0,13.2,24.53,High
RRA-03596,2025-10-22,Mumbai,Chembur Ward,Eastern Express Highway,19.052203,72.898262,12.37,55.35,1789.5,22.7,17.16,49.17,High
RRA-03597,2025-01-27,Bangalore,Kengeri Ward,Mysore Road,12.908002,77.491998,4.52,54.45,1613.0,10.9,6.45,33.33,Low
RRA-03598,2025-03-01,Chennai,Koyambedu Ward,Poonamallee High Road,13.067897,80.189127,6.83,51.54,792.5,2.5,13.53,52.88,Low
RRA-03599,2025-11-23,Hyderabad,Hussain Sagar Ward,Tank Bund Road,17.421759,78.470473,9.93,56.16,2503.1,22.2,7.32,26.42,High
RRA-03600,2025-06-13,Chennai,Koyambedu Ward,Poonamallee High Road,13.067354,80.202872,3.45,50.05,1559.4,2.5,5.84,52.88,Low
RRA-03601,2025-11-26,Mumbai,Thane Ward,Ghodbunder Road,19.238175,72.977601,6.29,33.35,1844.8,18.8,18.34,60.54,Medium
RRA-03602,2025-07-09,Hyderabad,Banjara Hills Ward,Banjara Hills Road No 12,17.417603,78.436122,41.42,76.28,3534.2,24.5,12.66,34.45,Critical
RRA-03603,2025-12-11,Pune,Vadgaon Sheri Ward,Nagar Road,18.552407,73.908585,4.1,54.19,715.1,27.7,14.1,20.82,High
RRA-03604,2025-02-11,Delhi,Dhaula Kuan Ward,Outer Ring Road,28.594608,77.170546,10.26,62.77,962.3,27.2,17.01,32.72,High
RRA-03605,2025-05-03,Chennai,Sholinganallur Ward,Old Mahabalipuram Road,12.907656,80.222205,6.86,50.14,,8.9,3.6,46.95,Low
RRA-03606,2025-01-10,Bangalore,Peenya Ward,Tumkur Road,13.016349,77.518838,10.79,55.5,456.7,7.4,16.03,84.46,Low
RRA-03607,2025-10-17,Chennai,Teynampet Ward,Anna Salai,13.044136,80.247792,34.6,57.38,1451.5,26.0,14.09,24.53,Critical
RRA-03608,2025-02-20,Chennai,Koyambedu Ward,Poonamallee High Road,13.06778,80.192294,9.63,39.07,2555.6,2.5,16.16,52.88,Medium
RRA-03609,2025-02-22,Bangalore,Bannerghatta Ward,Bannerghatta Road,12.905788,77.596385,9.92,51.86,2717.2,27.2,10.37,33.99,Critical
RRA-03610,2025-12-25,Delhi,Nizamuddin Ward,Mathura Road,28.591929,77.247076,20.56,62.26,2482.9,15.6,2.46,61.4,Medium
RRA-03611,2025-01-19,Pune,Baner Ward,Baner Road,18.55729,73.787529,7.4,49.39,1129.2,6.4,6.06,70.82,Low
RRA-03612,2025-08-13,Delhi,Laxmi Nagar Ward,Vikas Marg,28.631097,77.269642,41.54,63.71,,9.6,15.14,24.48,Medium
RRA-03613,2025-10-15,Bangalore,HAL Ward,Old Airport Road,12.964055,77.639411,11.21,53.56,710.4,5.6,11.76,58.83,Low
RRA-03614,2025-01-06,Bangalore,Bannerghatta Ward,Bannerghatta Road,12.906997,77.589305,3.07,48.91,2529.1,27.2,7.47,33.99,High
RRA-03615,2025-12-12,Bangalore,Electronic City Ward,Hosur Road,12.834528,77.662118,9.26,52.98,1576.3,3.2,16.88,45.63,Low
RRA-03616,2025-10-26,Pune,Vadgaon Sheri Ward,Nagar Road,18.544229,73.919406,4.35,50.47,525.4,27.7,6.03,20.82,Medium
RRA-03617,2025-08-15,Bangalore,Marathahalli Ward,Outer Ring Road,12.958746,77.707733,33.44,64.88,3002.2,15.6,18.68,54.34,Critical
RRA-03618,2025-04-09,Hyderabad,Banjara Hills Ward,Banjara Hills Road No 12,17.411257,78.441414,11.09,,368.6,24.5,14.72,34.45,Medium
RRA-03619,2025-01-23,Mumbai,Bandra Ward,SV Road,19.065318,72.822155,10.01,46.81,1018.0,13.0,9.19,25.17,Medium
RRA-03620,2025-01-08,Hyderabad,Banjara Hills Ward,Banjara Hills Road No 12,17.415192,78.437318,5.98,33.21,2951.7,24.5,12.16,34.45,High
RRA-03621,2025-04-26,Bangalore,Whitefield Ward,Whitefield Main Road,12.979427,77.753754,20.13,49.06,1032.0,9.0,8.61,34.76,Low
RRA-03622,2025-03-22,Chennai,Teynampet Ward,Anna Salai,13.042996,80.238782,3.88,49.55,1274.5,26.0,13.01,24.53,High
RRA-03623,2025-04-14,Mumbai,Bandra Ward,SV Road,19.070422,72.84105,23.01,52.24,1917.4,13.0,4.65,25.17,Medium
RRA-03624,2025-06-14,Delhi,Nizamuddin Ward,Mathura Road,28.580412,77.250654,30.1,56.67,1794.0,15.6,21.13,61.4,High
RRA-03625,2025-10-28,Hyderabad,Uppal Ward,Uppal Road,17.410059,78.557508,10.56,50.75,2419.2,22.8,23.37,33.72,Critical
RRA-03626,2025-03-20,Bangalore,Bannerghatta Ward,Bannerghatta Road,12.900664,77.591305,9.68,54.05,2850.8,27.2,17.22,33.99,Critical
RRA-03627,2025-06-12,Hyderabad,Gachibowli Ward,Outer Ring Road,17.458898,78.376321,26.78,64.97,3344.2,11.2,14.46,21.41,Critical
RRA-03628,2025-04-18,Chennai,Neelankarai Ward,East Coast Road,12.953697,80.253939,3.51,46.56,1506.9,26.6,6.6,44.7,Medium
RRA-03629,2025-03-02,Delhi,Laxmi Nagar Ward,Vikas Marg,28.637827,77.274435,6.52,51.83,1886.2,9.6,19.21,24.48,Medium
RRA-03630,2025-05-11,Bangalore,Electronic City Ward,Hosur Road,12.846362,77.658842,11.22,48.88,1128.5,3.2,13.42,45.63,Low
RRA-03631,2025-06-10,Delhi,Dwarka Ward,NH48 Highway,28.5881,77.041652,27.96,63.11,1612.6,3.7,40.52,33.75,High
RRA-03632,2025-09-01,Mumbai,Andheri Ward,Western Express Highway,19.115196,72.845003,28.03,58.14,990.0,18.2,5.7,59.23,Medium
RRA-03633,2025-03-10,Mumbai,Ghatkopar Ward,LBS Marg,19.086497,72.917314,13.13,49.78,1746.0,8.0,4.31,64.75,Low
RRA-03634,2025-12-03,Chennai,Teynampet Ward,Anna Salai,13.036283,80.248227,30.13,56.7,926.4,26.0,10.95,24.53,High
RRA-03635,2025-02-05,Bangalore,Electronic City Ward,Hosur Road,12.84903,77.654929,11.52,44.78,2994.5,3.2,7.03,45.63,Medium
RRA-03636,2025-08-21,Bangalore,HAL Ward,Old Airport Road,12.960351,77.646951,30.52,69.31,3855.2070967664376,5.6,13.41,58.83,Medium
RRA-03637,2025-10-04,Bangalore,Kengeri Ward,Mysore Road,12.909377,77.483496,12.22,54.33,1962.6,10.9,10.6,33.33,Medium
RRA-03638,2025-04-24,Bangalore,Electronic City Ward,Hosur Road,12.843427,77.659639,8.65,48.63,1823.4,3.2,15.52,45.63,Low
RRA-03639,2025-05-08,Bangalore,Bannerghatta Ward,Bannerghatta Road,12.909072,77.6016,17.0,63.7,1064.8,27.2,12.7,33.99,High
RRA-03640,2025-02-28,Bangalore,Bellandur Ward,Sarjapur Road,12.905383,77.683339,6.85,49.55,772.8,21.0,26.65,33.19,Medium
RRA-03641,2025-05-24,Mumbai,Bandra Ward,SV Road,19.061975,72.823808,45.51,61.32,610.6,13.0,16.64,25.17,High
RRA-03642,2025-06-18,Bangalore,Peenya Ward,Tumkur Road,13.02213,77.518479,38.77,60.64,1254.7,7.4,10.37,84.46,Medium
RRA-03643,2025-02-03,Chennai,Koyambedu Ward,Poonamallee High Road,13.072162,80.192633,6.49,52.21,1084.3,2.5,18.28,52.88,Low
RRA-03644,2025-06-29,Bangalore,Kengeri Ward,Mysore Road,12.901715,77.481871,33.77,70.01,941.6,10.9,26.23,33.33,High
RRA-03645,2025-10-24,Hyderabad,Banjara Hills Ward,Banjara Hills Road No 12,17.411082,78.435002,8.22,54.63,774.2,24.5,10.21,34.45,Medium
RRA-03646,2025-08-08,Mumbai,Bandra Ward,SV Road,19.058834,72.828395,44.45,,1537.3,13.0,10.85,25.17,High
RRA-03647,2025-07-02,Pune,Bibwewadi Ward,Pune Satara Road,18.466163,73.85248,38.35,57.75,1387.9,27.2,9.89,53.6,High
RRA-03648,2025-11-29,Chennai,Teynampet Ward,Anna Salai,13.038207,80.249883,27.57,47.9,1753.2,26.0,11.77,24.53,High
RRA-03649,2025-12-21,Mumbai,Andheri Ward,Western Express Highway,19.110708,72.842624,6.82,,1505.3,18.2,16.28,59.23,Medium
RRA-03650,2025-05-13,Hyderabad,Hussain Sagar Ward,Tank Bund Road,17.419204,78.47418,10.19,54.91,267.0,22.2,6.21,26.42,Medium
RRA-03651,2025-09-11,Mumbai,Ghatkopar Ward,LBS Marg,19.075556,72.902691,35.97,74.51,1648.9,8.0,12.89,64.75,Medium
RRA-03652,2025-02-02,Bangalore,Kengeri Ward,Mysore Road,12.91169,77.481919,10.7,50.57,936.4,10.9,26.94,33.33,Medium
RRA-03653,2025-05-23,Bangalore,Electronic City Ward,Hosur Road,12.845024,77.661732,19.25,60.28,718.0,3.2,14.2,45.63,Low
RRA-03654,2025-09-16,Delhi,Dwarka Ward,NH48 Highway,28.58683,77.046372,16.74,45.04,924.1,3.7,8.99,33.75,Low
RRA-03655,2025-05-28,Bangalore,Bellandur Ward,Sarjapur Road,12.906282,77.680937,22.88,60.19,1040.5,21.0,6.67,33.19,Medium
RRA-03656,2025-07-20,Chennai,Tambaram Ward,GST Road,12.923641,80.104189,4.57,45.53,847.4,27.5,13.23,8.73,High
RRA-03657,2025-06-20,Bangalore,Kengeri Ward,Mysore Road,12.908376,77.493204,34.02,55.03,1706.9,10.9,34.65,33.33,High
RRA-03658,2025-05-05,Bangalore,Bannerghatta Ward,Bannerghatta Road,12.904356,77.603606,16.82,62.23,1566.0,27.2,4.49,33.99,High
RRA-03659,2025-06-13,Chennai,Koyambedu Ward,Poonamallee High Road,13.068743,80.190428,6.22,51.93,1615.7,2.5,8.88,52.88,Low
RRA-03660,2025-12-23,Delhi,Laxmi Nagar Ward,Vikas Marg,28.630847,77.272787,3.77,45.44,1066.6,9.6,7.58,24.48,Low
RRA-03661,2025-12-08,Bangalore,Whitefield Ward,Whitefield Main Road,12.970639,77.753444,3.72,48.53,2275.6,9.0,8.49,34.76,Medium
RRA-03662,2025-12-05,Mumbai,Chembur Ward,Eastern Express Highway,19.046115,72.892285,10.55,46.91,1162.1,22.7,14.44,49.17,Medium
RRA-03663,2025-08-26,Pune,Vadgaon Sheri Ward,Nagar Road,18.561737,73.907369,33.3,69.11,2512.6,27.7,5.13,20.82,Critical
RRA-03664,2025-10-29,Bangalore,Marathahalli Ward,Outer Ring Road,12.965254,77.695157,12.29,47.56,2161.2,15.6,22.62,54.34,High
RRA-03665,2025-02-16,Chennai,Sholinganallur Ward,Old Mahabalipuram Road,12.905455,80.231114,18.78,58.46,734.7,8.9,3.96,46.95,Low
RRA-03666,2025-08-31,Delhi,Nangloi Ward,Rohtak Road,28.676073,77.05215,26.19,54.85,814.2,7.7,6.66,55.52,Low
RRA-03667,2025-09-25,Chennai,Teynampet Ward,Anna Salai,13.052618,80.238612,25.08,63.88,1900.1,26.0,5.52,24.53,High
RRA-03668,2025-08-25,Bangalore,Peenya Ward,Tumkur Road,13.027106,77.524242,22.28,62.99,2318.7,7.4,14.35,84.46,Medium
RRA-03669,2025-10-22,Delhi,Laxmi Nagar Ward,Vikas Marg,28.62001,77.26778,12.65,52.28,,9.6,7.24,24.48,Medium
RRA-03670,2025-05-14,Mumbai,Chembur Ward,Eastern Express Highway,19.053365,72.891668,40.37,62.3,1297.5,22.7,9.03,49.17,High
RRA-03671,2025-08-05,Chennai,Neelankarai Ward,East Coast Road,12.965469,80.254524,15.78,63.78,957.2,26.6,6.98,44.7,High
RRA-03672,2025-12-27,Delhi,Nizamuddin Ward,Mathura Road,28.585029,77.253443,12.72,44.99,1375.4,15.6,11.16,61.4,Medium
RRA-03673,2025-08-19,Chennai,Neelankarai Ward,East Coast Road,12.957845,80.257676,15.34,,,26.6,11.17,44.7,Medium
RRA-03674,2025-03-25,Bangalore,Marathahalli Ward,Outer Ring Road,12.952639,77.700975,8.97,,1882.2,15.6,15.45,54.34,Medium
RRA-03675,2025-10-16,Bangalore,Bannerghatta Ward,Bannerghatta Road,12.90289,77.599863,7.35,52.66,2993.4,27.2,20.1,33.99,Critical
RRA-03676,2025-02-19,Hyderabad,Hussain Sagar Ward,Tank Bund Road,17.414277,78.473523,16.91,57.02,985.5,22.2,9.89,26.42,Medium
RRA-03677,2025-06-10,Bangalore,Electronic City Ward,Hosur Road,12.85819,77.668934,23.87,67.29,,3.2,14.75,45.63,Medium
RRA-03678,2025-06-23,Delhi,Laxmi Nagar Ward,Vikas Marg,28.631683,77.273718,35.53,66.25,989.6,9.6,7.05,24.48,Medium
RRA-03679,2025-01-03,Delhi,Laxmi Nagar Ward,Vikas Marg,28.627824,77.28145,6.07,42.6,803.6,9.6,14.39,24.48,Low
RRA-03680,2025-03-22,Mumbai,Andheri Ward,Western Express Highway,19.118003,72.845413,31.27,,1138.2,18.2,8.98,59.23,Medium
RRA-03681,2025-09-05,Delhi,Azadpur Ward,GT Karnal Road,28.71463,77.167762,20.61,49.73,1429.6,8.5,4.75,55.67,Low
RRA-03682,2025-10-23,Chennai,Koyambedu Ward,Poonamallee High Road,13.070692,80.200588,41.91,,765.1,2.5,17.85,52.88,Medium
RRA-03683,2025-05-15,Bangalore,Whitefield Ward,Whitefield Main Road,12.970095,77.748842,11.53,48.66,669.7,9.0,10.05,34.76,Low
RRA-03684,2025-03-01,Delhi,Dhaula Kuan Ward,Outer Ring Road,28.589925,77.169286,11.44,52.45,929.3,27.2,14.78,32.72,High
RRA-03685,2025-11-28,Delhi,Nangloi Ward,Rohtak Road,28.679379,77.052864,24.14,60.33,592.5,7.7,11.4,55.52,Low
RRA-03686,2025-11-23,Chennai,Koyambedu Ward,Poonamallee High Road,13.070188,80.203002,29.56,63.75,1020.3,2.5,5.33,52.88,Low
RRA-03687,2025-09-09,Chennai,Sholinganallur Ward,Old Mahabalipuram Road,12.899245,80.233864,21.01,56.35,294.6,8.9,6.58,46.95,Low
RRA-03688,2025-10-23,Mumbai,Andheri Ward,Western Express Highway,19.122223,72.847993,20.02,61.57,1646.4,18.2,23.85,59.23,High
RRA-03689,2025-04-02,Hyderabad,Banjara Hills Ward,Banjara Hills Road No 12,17.423612,78.432587,,55.94,1487.8,24.5,7.38,34.45,Medium
RRA-03690,2025-11-27,Hyderabad,Uppal Ward,Uppal Road,17.398194,78.561632,5.67,47.87,1010.8,22.8,20.53,33.72,Medium
RRA-03691,2025-07-23,Bangalore,HAL Ward,Old Airport Road,12.96294,77.642829,34.27,65.55,2958.8,5.6,11.85,58.83,High
RRA-03692,2025-09-20,Pune,Vadgaon Sheri Ward,Nagar Road,18.558536,73.913228,13.47,,1258.1,27.7,16.39,20.82,High
RRA-03693,2025-05-02,Mumbai,Chembur Ward,Eastern Express Highway,19.047471,72.893052,29.12,61.29,425.7,22.7,5.7,49.17,Medium
RRA-03694,2025-10-17,Bangalore,Bannerghatta Ward,Bannerghatta Road,12.892629,77.590529,15.78,57.13,459.9,27.2,7.87,33.99,Medium
RRA-03695,2025-06-30,Delhi,Laxmi Nagar Ward,Vikas Marg,28.624478,77.270593,47.93,65.94,2262.8,9.6,15.47,24.48,Critical
RRA-03696,2025-09-25,Bangalore,Peenya Ward,Tumkur Road,13.027462,77.524322,10.66,63.33,2932.6,7.4,11.05,84.46,Medium
RRA-03697,2025-08-23,Delhi,Dwarka Ward,NH48 Highway,28.592428,77.053475,29.61,76.67,642.1,3.7,21.5,33.75,Medium
RRA-03698,2025-06-20,Hyderabad,Hussain Sagar Ward,Tank Bund Road,17.421333,78.469377,41.71,65.57,,22.2,12.65,26.42,High
RRA-03699,2025-06-17,Pune,Katraj Ward,Katraj Dehu Road Bypass,18.44868,73.871988,32.97,63.95,1036.4,27.9,,10.35,Critical
RRA-03700,2025-03-09,Delhi,Nizamuddin Ward,Mathura Road,28.595329,77.248005,9.59,36.98,1792.5,15.6,5.65,61.4,Low
RRA-03701,2025-10-17,Hyderabad,Hussain Sagar Ward,Tank Bund Road,17.411618,78.469852,16.92,49.38,1394.5,22.2,12.99,26.42,High
RRA-03702,2025-08-16,Bangalore,HAL Ward,Old Airport Road,12.962282,77.640954,28.77,55.53,1032.5,5.6,12.96,58.83,Low
RRA-03703,2025-01-04,Bangalore,Kengeri Ward,Mysore Road,12.913678,77.479945,5.93,46.88,903.9,10.9,9.44,33.33,Low
RRA-03704,2025-06-10,Mumbai,Malad Ward,Link Road,19.196765,72.841439,63.04,85.05,995.8,27.8,7.27,34.41,Critical
RRA-03705,2025-08-05,Pune,Baner Ward,Baner Road,18.560412,73.784373,41.39,78.35,832.6,6.4,10.98,70.82,Medium
RRA-03706,2025-02-17,Delhi,Azadpur Ward,GT Karnal Road,28.717312,77.175867,11.54,48.96,1932.4,8.5,8.94,55.67,Low
RRA-03707,2025-02-20,Bangalore,Marathahalli Ward,Outer Ring Road,12.953463,77.709959,13.24,52.31,6075.142574010423,15.6,4.3,54.34,Medium
RRA-03708,2025-03-14,Chennai,Neelankarai Ward,East Coast Road,12.954829,80.269067,12.3,50.26,1040.3,26.6,17.47,44.7,High
RRA-03709,2025-12-22,Bangalore,HAL Ward,Old Airport Road,12.955209,77.655598,4.51,49.19,2280.7,5.6,10.56,58.83,Low
RRA-03710,2025-05-20,Bangalore,Bannerghatta Ward,Bannerghatta Road,12.899066,77.59386,17.06,53.58,1917.4,27.2,15.04,33.99,Critical
RRA-03711,2025-06-09,Bangalore,Bannerghatta Ward,Bannerghatta Road,12.890992,77.595031,21.98,54.37,338.6,27.2,8.65,33.99,Medium
RRA-03712,2025-03-31,Hyderabad,Uppal Ward,Uppal Road,17.394817,78.560968,23.4,57.52,1448.2,22.8,18.65,33.72,High
RRA-03713,2025-03-04,Pune,Vadgaon Sheri Ward,Nagar Road,18.553316,73.908972,6.57,52.96,1396.9,27.7,8.32,20.82,High
RRA-03714,2025-09-04,Hyderabad,Gachibowli Ward,Outer Ring Road,17.43887,78.376378,25.44,57.86,326.6,11.2,8.23,21.41,Low
RRA-03715,2025-08-13,Mumbai,Ghatkopar Ward,LBS Marg,19.091372,72.911315,45.32,61.9,669.2,8.0,22.6,64.75,Medium
RRA-03716,2025-11-04,Bangalore,Bannerghatta Ward,Bannerghatta Road,12.895954,77.607397,9.91,58.79,451.0,27.2,22.07,33.99,High
RRA-03717,2025-03-01,Bangalore,HAL Ward,Old Airport Road,12.959574,77.643435,6.71,46.13,1549.5,5.6,22.57,58.83,Low
RRA-03718,2025-12-07,Bangalore,Whitefield Ward,Whitefield Main Road,12.977055,77.749854,,47.78,2148.3,9.0,10.02,34.76,Medium
RRA-03719,2025-05-17,Hyderabad,Hussain Sagar Ward,Tank Bund Road,17.426949,78.476294,20.03,48.8,1090.1,22.2,19.08,26.42,High
RRA-03720,2025-08-07,Chennai,Tambaram Ward,GST Road,12.921599,80.102937,9.44,59.34,456.1,27.5,,8.73,High
RRA-03721,2025-08-25,Bangalore,Marathahalli Ward,Outer Ring Road,12.951835,77.702445,23.89,62.29,1448.9,15.6,4.92,54.34,Medium
RRA-03722,2025-05-27,Mumbai,Malad Ward,Link Road,19.185554,72.848827,45.43,86.95,543.1,27.8,8.56,34.41,Critical
RRA-03723,2025-07-29,Pune,Baner Ward,Baner Road,18.560711,73.782607,37.27,71.58,1664.4,6.4,17.37,70.82,Medium
RRA-03724,2025-01-29,Chennai,Neelankarai Ward,East Coast Road,12.95827,80.260854,5.61,44.78,2371.4,26.6,13.35,44.7,High
RRA-03725,2025-08-12,Pune,Baner Ward,Baner Road,18.557578,73.792966,30.06,,1340.6,6.4,2.0,70.82,Low
RRA-03726,2025-02-09,Bangalore,Whitefield Ward,Whitefield Main Road,12.971402,77.756511,14.14,53.0,1415.2,9.0,16.64,34.76,Medium
RRA-03727,2025-08-07,Delhi,Nizamuddin Ward,Mathura Road,28.583753,77.2611,37.46,74.41,3248.5,15.6,6.72,61.4,Critical
RRA-03728,2025-08-19,Chennai,Neelankarai Ward,East Coast Road,12.95892,80.26957,16.48,46.81,2228.8,26.6,8.17,44.7,High
RRA-03729,2025-05-25,Mumbai,Andheri Ward,Western Express Highway,19.114343,72.852098,47.03,76.57,1177.4,18.2,5.72,59.23,High
RRA-03730,2025-10-18,Hyderabad,Hussain Sagar Ward,Tank Bund Road,17.421943,78.472787,7.17,46.09,1647.1,22.2,12.43,26.42,High
RRA-03731,2025-07-28,Delhi,Laxmi Nagar Ward,Vikas Marg,28.633449,77.277801,45.38,67.57,1224.6,9.6,27.96,24.48,High
RRA-03732,2025-04-03,Delhi,Dwarka Ward,NH48 Highway,28.581125,77.039251,24.71,43.38,968.1,3.7,10.56,33.75,Low
RRA-03733,2025-12-23,Mumbai,Malad Ward,Link Road,19.191747,72.843523,24.29,57.48,2276.0,27.8,13.12,34.41,Critical
RRA-03734,2025-08-08,Mumbai,Vashi Ward,Sion Panvel Highway,19.086303,72.993963,44.12,74.67,,15.5,6.32,64.06,High
RRA-03735,2025-03-07,Pune,Baner Ward,Baner Road,18.551957,73.791589,4.04,41.33,2431.9,6.4,6.33,70.82,Low
RRA-03736,2025-08-08,Pune,Baner Ward,Baner Road,18.556683,73.78253,31.27,56.8,2351.9,6.4,9.08,70.82,Medium
RRA-03737,2025-04-23,Mumbai,Ghatkopar Ward,LBS Marg,19.082806,72.905328,27.33,73.23,663.4,8.0,17.58,64.75,Medium
RRA-03738,2025-07-16,Bangalore,Bannerghatta Ward,Bannerghatta Road,12.901973,77.599279,46.11,79.11,2911.2,27.2,7.85,33.99,Critical
RRA-03739,2025-01-02,Bangalore,Electronic City Ward,Hosur Road,12.842171,77.656808,15.29,61.96,1387.4,3.2,6.61,45.63,Low
RRA-03740,2025-03-10,Chennai,Neelankarai Ward,East Coast Road,12.950256,80.252515,8.91,54.06,1207.3,26.6,30.11,44.7,High
RRA-03741,2025-10-21,Mumbai,Chembur Ward,Eastern Express Highway,19.046195,72.903843,16.32,57.48,779.1,22.7,8.76,49.17,Medium
RRA-03742,2025-10-15,Bangalore,Marathahalli Ward,Outer Ring Road,12.960939,77.698747,11.3,60.01,1197.2,15.6,9.94,54.34,Medium
RRA-03743,2025-04-15,Mumbai,Malad Ward,Link Road,19.186564,72.846358,23.83,66.06,1345.8,27.8,28.77,34.41,Critical
RRA-03744,2025-04-17,Chennai,Neelankarai Ward,East Coast Road,12.969877,80.251099,18.45,51.01,683.3,26.6,21.22,44.7,High
RRA-03745,2025-06-05,Hyderabad,Gachibowli Ward,Outer Ring Road,17.447789,78.368991,19.77,55.41,1377.8,11.2,16.99,21.41,Medium
RRA-03746,2025-03-19,Pune,Bibwewadi Ward,Pune Satara Road,18.467214,73.858272,4.35,54.0,1704.0,27.2,12.68,53.6,High
RRA-03747,2025-01-19,Delhi,Laxmi Nagar Ward,Vikas Marg,28.637015,77.271716,10.54,53.79,747.0,9.6,8.97,24.48,Low
RRA-03748,2025-09-24,Delhi,Azadpur Ward,GT Karnal Road,28.715687,77.169431,13.45,43.52,1164.1,8.5,12.59,55.67,Low
RRA-03749,2025-02-20,Chennai,Sholinganallur Ward,Old Mahabalipuram Road,12.912481,80.231932,7.95,44.11,851.2,8.9,35.87,46.95,Medium
RRA-03750,2025-05-25,Pune,Baner Ward,Baner Road,18.554145,73.78958,25.73,59.49,1110.8,6.4,16.28,70.82,Low
RRA-03751,2025-01-15,Delhi,Dhaula Kuan Ward,Outer Ring Road,28.591318,77.155863,,54.12,790.8,27.2,9.34,32.72,Medium
RRA-03752,2025-08-18,Delhi,Nizamuddin Ward,Mathura Road,28.592494,77.254351,32.21,65.71,707.0,15.6,12.28,61.4,Medium
RRA-03753,2025-04-04,Delhi,Azadpur Ward,GT Karnal Road,28.705866,77.175874,5.29,49.24,2305.5,8.5,2.42,55.67,Low
RRA-03754,2025-09-01,Bangalore,Marathahalli Ward,Outer Ring Road,12.960612,77.706104,26.68,67.39,,15.6,17.48,54.34,High
RRA-03755,2025-02-10,Chennai,Neelankarai Ward,East Coast Road,12.967378,80.260203,10.56,52.42,5445.373644295817,26.6,7.99,44.7,Medium
RRA-03756,2025-08-13,Mumbai,Chembur Ward,Eastern Express Highway,19.049489,72.908598,41.18,66.76,1025.0,22.7,20.18,49.17,Critical
RRA-03757,2025-02-04,Bangalore,Electronic City Ward,Hosur Road,12.8488,77.654401,4.8,,1717.0,3.2,5.77,45.63,Low
RRA-03758,2025-06-09,Bangalore,Marathahalli Ward,Outer Ring Road,12.952071,77.695075,34.78,60.63,1836.5,15.6,9.99,54.34,Medium
RRA-03759,2025-06-25,Hyderabad,Banjara Hills Ward,Banjara Hills Road No 12,17.410016,78.428929,25.64,57.3,1406.1,24.5,20.24,34.45,Critical
RRA-03760,2025-07-14,Chennai,Neelankarai Ward,East Coast Road,12.95528,80.248265,13.87,58.23,940.0,26.6,10.07,44.7,High
RRA-03761,2025-10-19,Pune,Vadgaon Sheri Ward,Nagar Road,18.558775,73.919798,7.91,51.64,1062.2,27.7,12.07,20.82,High
RRA-03762,2025-02-02,Hyderabad,Uppal Ward,Uppal Road,17.41733,78.55762,4.58,48.76,678.3,22.8,18.13,33.72,Medium
RRA-03763,2025-09-06,Pune,Bibwewadi Ward,Pune Satara Road,18.466355,73.869905,16.61,61.71,1212.9,27.2,8.49,53.6,High
RRA-03764,2025-08-17,Hyderabad,Gachibowli Ward,Outer Ring Road,17.440554,78.378363,36.25,64.86,769.6,11.2,19.21,21.41,Medium
RRA-03765,2025-10-25,Hyderabad,Banjara Hills Ward,Banjara Hills Road No 12,17.418695,78.42513,13.54,57.29,477.7,24.5,10.45,34.45,Medium
RRA-03766,2025-10-11,Hyderabad,Hussain Sagar Ward,Tank Bund Road,17.424784,78.474049,15.12,64.52,690.6,22.2,15.69,26.42,High
RRA-03767,2025-05-07,Bangalore,Marathahalli Ward,Outer Ring Road,12.960377,77.69945,13.73,58.34,1376.4,15.6,7.77,54.34,Medium
RRA-03768,2025-11-09,Mumbai,Andheri Ward,Western Express Highway,19.118946,72.842502,9.81,55.59,652.3,18.2,22.65,59.23,Medium
RRA-03769,2025-02-17,Pune,Bibwewadi Ward,Pune Satara Road,18.469301,73.85696,12.79,46.79,1538.3,27.2,10.73,53.6,High
RRA-03770,2025-02-13,Bangalore,Whitefield Ward,Whitefield Main Road,12.964789,77.747095,12.21,48.08,3138.5,9.0,13.85,34.76,High
RRA-03771,2025-06-11,Pune,Katraj Ward,Katraj Dehu Road Bypass,18.462229,73.852816,36.4,60.06,1431.7,27.9,4.35,10.35,Critical
RRA-03772,2025-10-27,Delhi,Nangloi Ward,Rohtak Road,28.673225,77.058118,9.66,48.53,964.2,7.7,6.39,55.52,Low
RRA-03773,2025-05-24,Mumbai,Thane Ward,Ghodbunder Road,19.225772,72.967545,45.08,66.3,650.2,18.8,7.8,60.54,Medium
RRA-03774,2025-03-16,Mumbai,Malad Ward,Link Road,19.187109,72.842883,16.92,53.11,1484.5,27.8,5.71,34.41,High
RRA-03775,2025-10-05,Chennai,Teynampet Ward,Anna Salai,13.038452,80.244795,38.7,67.26,921.5,26.0,19.84,24.53,Critical
RRA-03776,2025-03-26,Bangalore,Electronic City Ward,Hosur Road,12.839262,77.665845,4.45,41.05,348.3,3.2,14.34,45.63,Low
RRA-03777,2025-03-19,Delhi,Dhaula Kuan Ward,Outer Ring Road,28.591664,77.160029,7.36,57.67,2036.7,27.2,15.36,32.72,High
RRA-03778,2025-03-18,Bangalore,Bellandur Ward,Sarjapur Road,12.931559,77.699547,3.47,39.19,100.0,21.0,18.51,33.19,Medium
RRA-03779,2025-03-12,Hyderabad,Banjara Hills Ward,Banjara Hills Road No 12,17.419696,78.442434,7.81,51.77,2147.4,24.5,12.79,34.45,High
RRA-03780,2025-06-05,Hyderabad,Uppal Ward,Uppal Road,17.403563,78.554317,18.5,71.07,1842.7,22.8,16.04,33.72,High
RRA-03781,2025-05-06,Chennai,Neelankarai Ward,East Coast Road,12.950652,80.250458,15.05,,1127.7,26.6,13.1,44.7,High
RRA-03782,2025-04-27,Hyderabad,Uppal Ward,Uppal Road,17.408032,78.556094,7.98,,1892.6,22.8,2.82,33.72,Medium
RRA-03783,2025-04-15,Chennai,Neelankarai Ward,East Coast Road,12.96363,80.260226,13.18,49.16,751.3,26.6,10.44,44.7,Medium
RRA-03784,2025-10-10,Chennai,Tambaram Ward,GST Road,12.92672,80.101986,34.53,72.34,1179.7,27.5,19.73,8.73,Critical
RRA-03785,2025-11-02,Mumbai,Vashi Ward,Sion Panvel Highway,19.074328,73.001702,20.15,58.98,1950.8,15.5,10.25,64.06,Medium
RRA-03786,2025-11-23,Chennai,Neelankarai Ward,East Coast Road,12.959961,80.247532,35.62,70.31,2333.1,26.6,9.36,44.7,Critical
RRA-03787,2025-05-08,Pune,Baner Ward,Baner Road,18.560233,73.790939,22.49,52.3,864.9,6.4,14.26,70.82,Low
RRA-03788,2025-03-09,Bangalore,Kengeri Ward,Mysore Road,12.904042,77.485677,6.35,,670.9,10.9,18.71,33.33,Low
RRA-03789,2025-04-02,Chennai,Neelankarai Ward,East Coast Road,12.961963,80.259196,9.48,40.68,829.3,26.6,13.03,44.7,Medium
RRA-03790,2025-05-28,Mumbai,Ghatkopar Ward,LBS Marg,19.08968,72.901863,46.09,74.46,249.1,8.0,10.91,64.75,Medium
RRA-03791,2025-01-23,Pune,Katraj Ward,Katraj Dehu Road Bypass,18.446599,73.857964,14.93,53.77,407.2,27.9,8.83,10.35,Medium
RRA-03792,2025-01-12,Chennai,Teynampet Ward,Anna Salai,13.042443,80.248143,3.04,48.75,3740.0,26.0,14.55,24.53,Critical
RRA-03793,2025-08-10,Pune,Vadgaon Sheri Ward,Nagar Road,18.570038,73.912708,36.34,66.68,2635.0,27.7,6.44,20.82,Critical
RRA-03794,2025-09-17,Bangalore,Bannerghatta Ward,Bannerghatta Road,12.895019,77.59792,12.61,54.61,2158.5,27.2,10.17,33.99,High
RRA-03795,2025-02-28,Bangalore,Kengeri Ward,Mysore Road,12.909659,77.470888,6.2,50.47,2300.9,10.9,7.57,33.33,Medium
RRA-03796,2025-12-06,Delhi,Nangloi Ward,Rohtak Road,28.686478,77.054725,,43.03,1949.9,7.7,10.24,55.52,Low
RRA-03797,2025-05-28,Delhi,Nangloi Ward,Rohtak Road,28.681358,77.058207,19.26,58.97,1948.9,7.7,10.36,55.52,Medium
RRA-03798,2025-12-16,Hyderabad,Hussain Sagar Ward,Tank Bund Road,17.427397,78.460105,11.57,36.99,,22.2,14.73,26.42,Medium
RRA-03799,2025-02-10,Bangalore,Marathahalli Ward,Outer Ring Road,12.955073,77.69595,3.34,50.44,261.3,15.6,29.67,54.34,Medium
RRA-03800,2025-01-03,Mumbai,Chembur Ward,Eastern Express Highway,19.05017,72.904989,6.99,49.4,2070.1,22.7,,49.17,High
RRA-03801,2025-02-28,Pune,Katraj Ward,Katraj Dehu Road Bypass,18.462236,73.862897,11.95,57.41,1612.1,27.9,5.66,10.35,High
RRA-03802,2025-02-28,Delhi,Nangloi Ward,Rohtak Road,28.684482,77.055247,4.84,41.43,923.5,7.7,22.41,55.52,Low
RRA-03803,2025-09-07,Delhi,Azadpur Ward,GT Karnal Road,28.704298,77.183206,20.91,55.89,770.4,8.5,18.57,55.67,Medium
RRA-03804,2025-08-23,Bangalore,Electronic City Ward,Hosur Road,12.841292,77.660383,31.47,64.97,686.7,3.2,14.36,45.63,Low
RRA-03805,2025-02-23,Hyderabad,Hussain Sagar Ward,Tank Bund Road,17.417636,78.474274,6.85,59.17,2509.2,22.2,7.03,26.42,High
RRA-03806,2025-07-15,Delhi,Nangloi Ward,Rohtak Road,28.679228,77.060732,40.46,78.66,680.7,7.7,7.85,55.52,Medium
RRA-03807,2025-04-08,Chennai,Neelankarai Ward,East Coast Road,12.968108,80.264169,6.42,31.96,1374.1,26.6,7.23,44.7,Medium
RRA-03808,2025-06-07,Mumbai,Thane Ward,Ghodbunder Road,19.246463,72.977999,55.13,80.84,1989.4,18.8,21.88,60.54,Critical
RRA-03809,2025-04-14,Mumbai,Andheri Ward,Western Express Highway,19.126973,72.842851,17.78,49.08,1269.0,18.2,15.09,59.23,Medium
RRA-03810,2025-01-08,Bangalore,Electronic City Ward,Hosur Road,12.844162,77.660293,10.15,55.3,1265.6,3.2,10.2,45.63,Low
RRA-03811,2025-05-31,Bangalore,Marathahalli Ward,Outer Ring Road,12.951764,77.714988,24.65,52.88,747.0,15.6,12.77,54.34,Medium
RRA-03812,2025-07-25,Hyderabad,Uppal Ward,Uppal Road,17.412696,78.553183,51.37,84.92,1470.3,22.8,22.54,33.72,Critical
RRA-03813,2025-02-17,Hyderabad,Hussain Sagar Ward,Tank Bund Road,17.414758,78.475103,5.81,50.11,828.8,22.2,17.48,26.42,Medium
RRA-03814,2025-12-03,Chennai,Tambaram Ward,GST Road,12.933519,80.105899,28.24,70.67,524.1,27.5,17.46,8.73,Critical
RRA-03815,2025-10-13,Bangalore,HAL Ward,Old Airport Road,12.959419,77.656829,24.08,50.83,1038.8,5.6,10.21,58.83,Low
RRA-03816,2025-05-15,Delhi,Azadpur Ward,GT Karnal Road,28.709431,77.16826,11.79,58.19,,8.5,15.91,55.67,Medium
RRA-03817,2025-05-26,Chennai,Koyambedu Ward,Poonamallee High Road,13.064647,80.197234,13.41,45.95,2061.4,2.5,15.0,52.88,Low
RRA-03818,2025-11-24,Mumbai,Chembur Ward,Eastern Express Highway,19.042225,72.890418,10.6,52.61,942.1,22.7,12.33,49.17,Medium
RRA-03819,2025-08-20,Mumbai,Ghatkopar Ward,LBS Marg,19.100357,72.908969,36.94,69.2,1029.0,8.0,14.74,64.75,Medium
RRA-03820,2025-12-17,Pune,Baner Ward,Baner Road,18.553391,73.778842,4.42,39.63,410.1,6.4,7.99,70.82,Low
RRA-03821,2025-04-08,Bangalore,Marathahalli Ward,Outer Ring Road,12.957126,77.69509,4.8,51.03,1427.9,15.6,7.14,54.34,Low
RRA-03822,2025-06-03,Mumbai,Malad Ward,Link Road,19.191998,72.850947,61.28,80.3,4253.067873309111,27.8,25.76,34.41,Critical
RRA-03823,2025-10-06,Chennai,Neelankarai Ward,East Coast Road,12.964786,80.253993,58.74,86.55,701.1,26.6,12.51,44.7,Critical
RRA-03824,2025-04-03,Pune,Katraj Ward,Katraj Dehu Road Bypass,18.461208,73.84935,7.7,59.91,1620.2,27.9,12.92,10.35,High
RRA-03825,2025-02-25,Bangalore,HAL Ward,Old Airport Road,12.959593,77.653654,5.1,52.02,1052.7,5.6,16.46,58.83,Low
RRA-03826,2025-06-11,Hyderabad,Hussain Sagar Ward,Tank Bund Road,17.420962,78.47715,19.15,57.49,1724.0,22.2,13.28,26.42,High
RRA-03827,2025-05-12,Delhi,Laxmi Nagar Ward,Vikas Marg,28.622169,77.279801,14.8,46.66,2555.6,9.6,19.04,24.48,High
RRA-03828,2025-05-10,Delhi,Laxmi Nagar Ward,Vikas Marg,28.629047,77.27132,29.29,72.23,1847.5,9.6,24.59,24.48,High
RRA-03829,2025-01-12,Hyderabad,Uppal Ward,Uppal Road,17.398395,78.559174,15.31,47.26,913.1,22.8,9.96,33.72,Medium
RRA-03830,2025-11-28,Mumbai,Vashi Ward,Sion Panvel Highway,19.070682,73.004626,5.53,59.25,1360.4,15.5,19.46,64.06,Medium
RRA-03831,2025-07-12,Delhi,Laxmi Nagar Ward,Vikas Marg,28.631328,77.278116,38.98,67.12,2404.1,9.6,18.53,24.48,Critical
RRA-03832,2025-10-02,Bangalore,Bellandur Ward,Sarjapur Road,12.922372,77.675214,10.39,43.0,1392.8,21.0,19.66,33.19,High
RRA-03833,2025-03-31,Delhi,Azadpur Ward,GT Karnal Road,28.714637,77.174491,15.02,60.33,1203.4,8.5,16.14,55.67,Medium
RRA-03834,2025-07-21,Mumbai,Bandra Ward,SV Road,19.058741,72.826851,58.71,78.37,776.1,13.0,18.69,25.17,High
RRA-03835,2025-03-02,Mumbai,Ghatkopar Ward,LBS Marg,19.084177,72.908612,23.05,59.27,1492.8,8.0,13.21,64.75,Medium
RRA-03836,2025-09-06,Delhi,Dhaula Kuan Ward,Outer Ring Road,28.587436,77.160223,24.9,65.11,1977.2,27.2,16.52,32.72,Critical
RRA-03837,2025-03-15,Bangalore,HAL Ward,Old Airport Road,12.952872,77.641116,4.93,43.49,606.0,5.6,9.02,58.83,Low
RRA-03838,2025-09-29,Bangalore,Electronic City Ward,Hosur Road,12.844607,77.663611,9.62,50.74,1488.9,3.2,12.24,45.63,Low
RRA-03839,2025-11-27,Bangalore,HAL Ward,Old Airport Road,12.961067,77.64231,7.55,41.22,1762.7,5.6,26.23,58.83,Medium
RRA-03840,2025-01-29,Hyderabad,Banjara Hills Ward,Banjara Hills Road No 12,17.417098,78.432438,6.59,43.8,1493.3,24.5,8.9,34.45,Medium
RRA-03841,2025-12-26,Chennai,Tambaram Ward,GST Road,12.923848,80.091885,22.48,55.42,2280.2,27.5,5.14,8.73,Critical
RRA-03842,2025-02-18,Mumbai,Thane Ward,Ghodbunder Road,19.237396,72.982929,14.85,54.14,1667.2,18.8,7.49,60.54,Medium
RRA-03843,2025-02-20,Hyderabad,Banjara Hills Ward,Banjara Hills Road No 12,17.417592,78.428684,4.7,40.27,693.2,24.5,18.11,34.45,Medium
RRA-03844,2025-10-09,Chennai,Koyambedu Ward,Poonamallee High Road,13.070343,80.206594,,64.18,1409.5,2.5,12.55,52.88,Medium
RRA-03845,2025-02-07,Mumbai,Vashi Ward,Sion Panvel Highway,19.072039,73.00067,6.61,47.83,933.5,15.5,17.15,64.06,Low
RRA-03846,2025-10-24,Bangalore,Bellandur Ward,Sarjapur Road,12.914164,77.678839,6.54,47.85,1167.3,21.0,9.36,33.19,Medium
RRA-03847,2025-02-27,Mumbai,Chembur Ward,Eastern Express Highway,19.039894,72.905082,9.55,,3210.97050245028,22.7,8.94,49.17,Medium
RRA-03848,2025-05-08,Delhi,Laxmi Nagar Ward,Vikas Marg,28.641288,77.276523,28.64,71.24,1466.0,9.6,10.55,24.48,Medium
RRA-03849,2025-06-14,Chennai,Sholinganallur Ward,Old Mahabalipuram Road,12.906911,80.222782,14.83,53.89,465.6,8.9,11.26,46.95,Low
RRA-03850,2025-10-02,Mumbai,Vashi Ward,Sion Panvel Highway,19.078312,73.005933,17.45,53.45,1593.1,15.5,12.39,64.06,Medium
RRA-03851,2025-05-13,Chennai,Sholinganallur Ward,Old Mahabalipuram Road,12.907453,80.223081,3.95,48.7,1305.1,8.9,5.46,46.95,Low
RRA-03852,2025-04-13,Hyderabad,Uppal Ward,Uppal Road,17.408267,78.555085,20.9,51.29,1539.3,22.8,19.67,33.72,High
RRA-03853,2025-01-27,Delhi,Laxmi Nagar Ward,Vikas Marg,28.633584,77.274904,3.22,46.06,924.2,9.6,5.59,24.48,Low
RRA-03854,2025-12-10,Bangalore,Marathahalli Ward,Outer Ring Road,12.953221,77.701682,,47.89,1869.7,15.6,10.15,54.34,Medium
RRA-03855,2025-05-01,Mumbai,Chembur Ward,Eastern Express Highway,19.057698,72.914316,27.04,53.91,1269.0,22.7,7.88,49.17,High
RRA-03856,2025-08-25,Mumbai,Thane Ward,Ghodbunder Road,19.245381,72.975004,28.87,67.1,953.0,18.8,19.69,60.54,High
RRA-03857,2025-06-12,Mumbai,Thane Ward,Ghodbunder Road,19.241176,72.987297,62.22,82.67,,18.8,19.37,60.54,Critical
RRA-03858,2025-02-05,Chennai,Sholinganallur Ward,Old Mahabalipuram Road,12.904693,80.229014,4.79,53.31,1356.4,8.9,15.59,46.95,Medium
RRA-03859,2025-11-05,Delhi,Azadpur Ward,GT Karnal Road,28.718391,77.176177,9.17,44.28,1218.1,8.5,9.32,55.67,Low
RRA-03860,2025-08-28,Bangalore,Marathahalli Ward,Outer Ring Road,12.957474,77.692228,36.9,65.7,2223.2,15.6,18.1,54.34,High
RRA-03861,2025-07-30,Hyderabad,Gachibowli Ward,Outer Ring Road,17.442189,78.388149,40.37,67.16,1880.3,11.2,7.87,21.41,High
RRA-03862,2025-02-17,Pune,Vadgaon Sheri Ward,Nagar Road,18.552213,73.909347,4.62,53.8,1304.8,27.7,20.15,20.82,High
RRA-03863,2025-04-13,Delhi,Nangloi Ward,Rohtak Road,28.683278,77.066114,8.33,53.19,1576.5,7.7,14.72,55.52,Low
RRA-03864,2025-10-04,Chennai,Sholinganallur Ward,Old Mahabalipuram Road,12.892673,80.226135,32.09,60.18,1615.8,8.9,4.78,46.95,Medium
RRA-03865,2025-03-04,Mumbai,Thane Ward,Ghodbunder Road,19.244521,72.984066,,44.3,791.5,18.8,14.85,60.54,Low
RRA-03866,2025-07-27,Bangalore,Bellandur Ward,Sarjapur Road,12.912857,77.693975,33.77,67.88,100.0,21.0,16.43,33.19,Medium
RRA-03867,2025-06-12,Pune,Bibwewadi Ward,Pune Satara Road,18.468123,73.857115,33.49,64.82,1236.2,27.2,20.25,53.6,Critical
RRA-03868,2025-10-27,Mumbai,Bandra Ward,SV Road,19.057141,72.829925,9.07,42.84,3539.0460732678216,13.0,22.34,25.17,Medium
RRA-03869,2025-01-24,Delhi,Nizamuddin Ward,Mathura Road,28.589076,77.262363,19.99,55.43,1120.1,15.6,14.33,61.4,Medium
RRA-03870,2025-09-17,Chennai,Tambaram Ward,GST Road,12.920774,80.093685,23.18,71.49,1744.6,27.5,13.37,8.73,Critical
RRA-03871,2025-06-02,Mumbai,Andheri Ward,Western Express Highway,19.120089,72.840481,50.47,84.55,,18.2,22.2,59.23,Critical
RRA-03872,2025-11-22,Mumbai,Ghatkopar Ward,LBS Marg,19.072035,72.912301,9.43,44.71,1017.6,8.0,9.19,64.75,Low
RRA-03873,2025-02-07,Pune,Baner Ward,Baner Road,18.555469,73.788111,3.76,45.12,533.2,6.4,22.44,70.82,Low
RRA-03874,2025-02-13,Chennai,Teynampet Ward,Anna Salai,13.035796,80.243735,6.14,54.59,986.7,26.0,26.42,24.53,High
RRA-03875,2025-12-20,Mumbai,Andheri Ward,Western Express Highway,19.120446,72.848454,10.29,51.92,1665.0,18.2,10.22,59.23,Medium
RRA-03876,2025-07-31,Bangalore,Electronic City Ward,Hosur Road,12.846923,77.66055,31.55,68.18,917.0,3.2,18.6,45.63,Medium
RRA-03877,2025-03-26,Delhi,Nizamuddin Ward,Mathura Road,28.584024,77.254149,12.72,44.49,2157.6,15.6,14.21,61.4,Medium
RRA-03878,2025-06-05,Bangalore,Bellandur Ward,Sarjapur Road,12.9159,77.695152,25.28,43.94,1369.6,21.0,8.99,33.19,Medium
RRA-03879,2025-06-11,Delhi,Nizamuddin Ward,Mathura Road,28.583159,77.255366,24.89,55.9,1061.2,15.6,11.54,61.4,Medium
RRA-03880,2025-03-20,Chennai,Tambaram Ward,GST Road,12.932137,80.107227,15.85,59.56,3035.7,27.5,4.86,8.73,Critical
RRA-03881,2025-10-01,Chennai,Sholinganallur Ward,Old Mahabalipuram Road,12.906124,80.227666,39.45,82.05,1648.5,8.9,11.98,46.95,Medium
RRA-03882,2025-12-05,Delhi,Nangloi Ward,Rohtak Road,28.691259,77.050071,17.6,52.29,1188.8,7.7,13.76,55.52,Low
RRA-03883,2025-04-19,Bangalore,Kengeri Ward,Mysore Road,12.908598,77.47541,12.2,61.01,2491.1,10.9,10.69,33.33,Medium
RRA-03884,2025-11-04,Pune,Bibwewadi Ward,Pune Satara Road,18.460994,73.861355,9.28,47.72,842.7,27.2,9.06,53.6,Medium
RRA-03885,2025-03-07,Pune,Vadgaon Sheri Ward,Nagar Road,18.558459,73.919406,7.2,52.66,1387.3,27.7,16.2,20.82,High
RRA-03886,2025-07-16,Mumbai,Thane Ward,Ghodbunder Road,19.249684,72.973119,59.34,65.2,1150.0,18.8,11.57,60.54,High
RRA-03887,2025-12-27,Delhi,Nangloi Ward,Rohtak Road,28.676496,77.053121,15.59,52.61,3202.1,7.7,5.84,55.52,Medium
RRA-03888,2025-03-06,Chennai,Sholinganallur Ward,Old Mahabalipuram Road,12.894031,80.225252,3.78,46.84,2802.4,8.9,,46.95,Medium
RRA-03889,2025-12-25,Delhi,Nangloi Ward,Rohtak Road,28.682076,77.058994,10.26,47.67,695.4,7.7,27.02,55.52,Medium
RRA-03890,2025-10-06,Bangalore,HAL Ward,Old Airport Road,12.95867,77.642179,8.28,58.67,615.6,5.6,13.52,58.83,Low
RRA-03891,2025-12-27,Mumbai,Andheri Ward,Western Express Highway,19.117822,72.840607,10.44,,902.1,18.2,9.97,59.23,Low
RRA-03892,2025-07-08,Mumbai,Chembur Ward,Eastern Express Highway,19.050396,72.888,61.86,70.88,2479.5,22.7,8.9,49.17,Critical
RRA-03893,2025-02-16,Pune,Bibwewadi Ward,Pune Satara Road,18.467426,73.855687,15.98,61.68,174.0,27.2,6.41,53.6,Medium
RRA-03894,2025-09-09,Pune,Katraj Ward,Katraj Dehu Road Bypass,18.444122,73.880745,16.6,48.31,266.7,27.9,11.61,10.35,Medium
RRA-03895,2025-09-16,Hyderabad,Gachibowli Ward,Outer Ring Road,17.44185,78.377,26.55,64.2,275.3,11.2,11.07,21.41,Medium
RRA-03896,2025-01-05,Mumbai,Ghatkopar Ward,LBS Marg,19.089341,72.900068,23.74,67.23,3169.8,8.0,13.88,64.75,High
RRA-03897,2025-05-15,Delhi,Laxmi Nagar Ward,Vikas Marg,28.625209,77.281237,23.67,50.22,918.7,9.6,7.59,24.48,Medium
RRA-03898,2025-11-28,Pune,Vadgaon Sheri Ward,Nagar Road,18.567834,73.915856,14.33,61.57,1373.0,27.7,23.15,20.82,Critical
RRA-03899,2025-06-15,Chennai,Tambaram Ward,GST Road,12.928687,80.095522,23.56,63.64,100.0,27.5,11.73,8.73,High
RRA-03900,2025-11-22,Bangalore,Peenya Ward,Tumkur Road,13.028078,77.527103,3.99,47.51,1163.6,7.4,17.78,84.46,Low
RRA-03901,2025-06-06,Pune,Bibwewadi Ward,Pune Satara Road,18.465986,73.865748,31.16,54.19,194.7,27.2,16.96,53.6,High
RRA-03902,2025-02-26,Mumbai,Andheri Ward,Western Express Highway,19.132025,72.849182,13.07,47.7,950.7,18.2,15.48,59.23,Medium
RRA-03903,2025-08-13,Bangalore,Peenya Ward,Tumkur Road,13.028075,77.514018,29.59,56.15,2450.7,7.4,,84.46,Medium
RRA-03904,2025-07-18,Pune,Vadgaon Sheri Ward,Nagar Road,18.561647,73.918038,38.3,73.39,1028.5,27.7,23.04,20.82,Critical
RRA-03905,2025-06-03,Delhi,Dhaula Kuan Ward,Outer Ring Road,28.595551,77.167968,24.72,60.88,1409.6,27.2,11.79,32.72,High
RRA-03906,2025-12-04,Mumbai,Malad Ward,Link Road,19.178324,72.847593,7.37,41.17,2572.7,27.8,16.33,34.41,Critical
RRA-03907,2025-10-30,Pune,Katraj Ward,Katraj Dehu Road Bypass,18.448374,73.865009,10.93,54.87,1106.1,27.9,12.71,10.35,High
RRA-03908,2025-06-07,Chennai,Sholinganallur Ward,Old Mahabalipuram Road,12.896463,80.234283,5.75,51.88,2264.0,8.9,16.11,46.95,Medium
RRA-03909,2025-05-25,Pune,Katraj Ward,Katraj Dehu Road Bypass,18.448288,73.864714,27.64,77.22,1732.5,27.9,11.84,10.35,Critical
RRA-03910,2025-11-28,Bangalore,HAL Ward,Old Airport Road,12.958123,77.654156,10.57,55.45,822.4,5.6,6.7,58.83,Low
RRA-03911,2025-01-29,Pune,Bibwewadi Ward,Pune Satara Road,18.468781,73.871005,6.59,44.69,865.1,27.2,15.32,53.6,Medium
RRA-03912,2025-09-09,Delhi,Laxmi Nagar Ward,Vikas Marg,28.632487,77.277304,18.55,48.15,1675.9,9.6,,24.48,Medium
RRA-03913,2025-01-02,Bangalore,Kengeri Ward,Mysore Road,12.898358,77.483281,,51.02,1705.8,10.9,3.5,33.33,Low
RRA-03914,2025-04-03,Chennai,Neelankarai Ward,East Coast Road,12.949619,80.260055,6.76,42.46,825.3,26.6,9.35,44.7,Medium
RRA-03915,2025-02-07,Mumbai,Bandra Ward,SV Road,19.050824,72.819576,11.53,49.73,417.5,13.0,12.9,25.17,Low
RRA-03916,2025-11-22,Hyderabad,Uppal Ward,Uppal Road,17.412811,78.557793,14.54,44.95,1198.6,22.8,20.57,33.72,High
RRA-03917,2025-11-29,Delhi,Azadpur Ward,GT Karnal Road,28.709963,77.163039,5.44,46.54,1375.7,8.5,11.56,55.67,Low
RRA-03918,2025-06-22,Hyderabad,Hussain Sagar Ward,Tank Bund Road,17.425257,78.463658,32.2,56.0,2310.3,22.2,30.46,26.42,Critical
RRA-03919,2025-03-18,Bangalore,Bellandur Ward,Sarjapur Road,12.911542,77.684263,9.93,45.95,757.9,21.0,15.22,33.19,Medium
RRA-03920,2025-08-11,Bangalore,Marathahalli Ward,Outer Ring Road,12.960044,77.700152,30.62,62.83,1463.7,15.6,35.18,54.34,Critical
RRA-03921,2025-09-04,Pune,Vadgaon Sheri Ward,Nagar Road,18.557575,73.913865,18.64,54.94,7202.769373837251,27.7,2.81,20.82,High
RRA-03922,2025-05-21,Mumbai,Andheri Ward,Western Express Highway,19.117838,72.841463,46.63,,1652.6,18.2,18.3,59.23,Critical
RRA-03923,2025-08-21,Pune,Katraj Ward,Katraj Dehu Road Bypass,18.45585,73.874403,24.19,52.19,1231.1,27.9,5.74,10.35,High
RRA-03924,2025-08-20,Bangalore,Peenya Ward,Tumkur Road,13.033357,77.528714,,56.33,1075.9,7.4,10.36,84.46,Low
RRA-03925,2025-08-15,Chennai,Teynampet Ward,Anna Salai,13.035707,80.250073,11.2,42.63,2829.2,26.0,8.39,24.53,High
RRA-03926,2025-01-06,Chennai,Koyambedu Ward,Poonamallee High Road,13.069203,80.197992,18.9,57.36,1754.4,2.5,24.56,52.88,Medium
RRA-03927,2025-10-26,Pune,Baner Ward,Baner Road,18.557545,73.794518,9.93,54.21,2191.6,6.4,10.35,70.82,Low
RRA-03928,2025-05-09,Chennai,Sholinganallur Ward,Old Mahabalipuram Road,12.896614,80.230938,7.26,48.42,2261.8,8.9,7.61,46.95,Medium
RRA-03929,2025-10-23,Mumbai,Thane Ward,Ghodbunder Road,19.238234,72.978891,7.49,55.95,2044.7,18.8,6.16,60.54,Medium
RRA-03930,2025-08-21,Hyderabad,Banjara Hills Ward,Banjara Hills Road No 12,17.407134,78.435594,34.52,67.74,667.9,24.5,7.18,34.45,High
RRA-03931,2025-02-03,Bangalore,Kengeri Ward,Mysore Road,12.906348,77.483077,15.74,65.19,538.8,10.9,17.12,33.33,Medium
RRA-03932,2025-09-24,Bangalore,Bannerghatta Ward,Bannerghatta Road,12.893299,77.592128,14.46,56.97,,27.2,13.35,33.99,Critical
RRA-03933,2025-08-27,Mumbai,Bandra Ward,SV Road,19.059172,72.840928,25.07,62.9,1967.2,13.0,16.9,25.17,High
RRA-03934,2025-06-13,Mumbai,Bandra Ward,SV Road,19.060029,72.825382,59.6,77.79,1914.8,13.0,19.8,25.17,Critical
RRA-03935,2025-10-13,Bangalore,Peenya Ward,Tumkur Road,13.025631,77.519494,8.37,,1567.8,7.4,8.33,84.46,Low
RRA-03936,2025-05-17,Bangalore,Kengeri Ward,Mysore Road,12.903952,77.485089,22.51,59.26,1096.7,10.9,21.65,33.33,Medium
RRA-03937,2025-02-23,Pune,Katraj Ward,Katraj Dehu Road Bypass,18.448739,73.875711,8.18,55.61,2253.9,27.9,4.98,10.35,High
RRA-03938,2025-11-20,Bangalore,Peenya Ward,Tumkur Road,13.028678,77.531928,4.75,59.52,1367.9,7.4,17.56,84.46,Low
RRA-03939,2025-03-12,Delhi,Nizamuddin Ward,Mathura Road,28.583637,77.2443,5.4,52.71,1587.3,15.6,14.33,61.4,Medium
RRA-03940,2025-12-09,Bangalore,Electronic City Ward,Hosur Road,12.840659,77.652684,14.12,60.59,2334.1,3.2,18.96,45.63,Medium
RRA-03941,2025-06-10,Bangalore,Electronic City Ward,Hosur Road,12.843302,77.660638,24.51,66.26,1041.0,3.2,6.23,45.63,Low
RRA-03942,2025-04-24,Mumbai,Malad Ward,Link Road,19.200975,72.848374,26.05,57.63,2200.4,27.8,6.49,34.41,Critical
RRA-03943,2025-04-29,Bangalore,Bellandur Ward,Sarjapur Road,12.906036,77.682609,17.9,64.06,100.0,21.0,9.86,33.19,Medium
RRA-03944,2025-03-08,Delhi,Nizamuddin Ward,Mathura Road,28.594109,77.258871,5.98,50.01,742.7,15.6,12.06,61.4,Low
RRA-03945,2025-11-12,Hyderabad,Hussain Sagar Ward,Tank Bund Road,17.420723,78.472516,4.33,46.35,886.1,22.2,12.23,26.42,Medium
RRA-03946,2025-10-13,Pune,Baner Ward,Baner Road,18.561542,73.79514,7.53,58.51,2130.7,6.4,9.89,70.82,Low
RRA-03947,2025-07-14,Mumbai,Andheri Ward,Western Express Highway,19.121531,72.848469,59.71,80.15,2279.5,18.2,16.36,59.23,Critical
RRA-03948,2025-05-19,Chennai,Sholinganallur Ward,Old Mahabalipuram Road,12.903424,80.223712,3.92,48.53,1344.3,8.9,18.8,46.95,Low
RRA-03949,2025-07-10,Bangalore,Whitefield Ward,Whitefield Main Road,12.971631,77.754733,35.08,60.78,1689.8,9.0,11.78,34.76,Medium
RRA-03950,2025-05-23,Pune,Katraj Ward,Katraj Dehu Road Bypass,18.455904,73.869012,20.96,64.06,763.1,27.9,7.66,10.35,High
RRA-03951,2025-03-04,Pune,Katraj Ward,Katraj Dehu Road Bypass,18.442943,73.866972,5.13,43.17,1156.5,27.9,20.83,10.35,High
RRA-03952,2025-09-18,Chennai,Teynampet Ward,Anna Salai,13.045017,80.246488,25.67,69.29,2313.3,26.0,15.55,24.53,Critical
RRA-03953,2025-03-12,Mumbai,Andheri Ward,Western Express Highway,19.121062,72.846446,15.48,53.17,1743.0,18.2,6.49,59.23,Medium
RRA-03954,2025-12-20,Pune,Katraj Ward,Katraj Dehu Road Bypass,18.447676,73.863785,10.45,53.57,1662.7,27.9,9.07,10.35,High
RRA-03955,2025-06-04,Pune,Bibwewadi Ward,Pune Satara Road,18.461999,73.860806,32.99,68.27,1854.0,27.2,14.46,53.6,Critical
RRA-03956,2025-10-16,Chennai,Koyambedu Ward,Poonamallee High Road,13.077024,80.19703,31.78,64.83,913.2,2.5,5.69,52.88,Low
RRA-03957,2025-10-01,Hyderabad,Uppal Ward,Uppal Road,17.394121,78.564924,14.84,48.05,1775.7,22.8,29.96,33.72,Critical
RRA-03958,2025-09-21,Hyderabad,Banjara Hills Ward,Banjara Hills Road No 12,17.425501,78.434203,15.53,46.77,562.6,24.5,2.57,34.45,Medium
RRA-03959,2025-03-24,Chennai,Tambaram Ward,GST Road,12.914656,80.091334,15.34,44.71,806.1,27.5,7.05,8.73,High
RRA-03960,2025-06-14,Chennai,Tambaram Ward,GST Road,12.926105,80.099925,6.42,43.85,2078.7,27.5,10.92,8.73,High
RRA-03961,2025-01-14,Pune,Katraj Ward,Katraj Dehu Road Bypass,18.457972,73.865469,8.32,,771.5,27.9,2.1,10.35,Medium
RRA-03962,2025-03-04,Chennai,Sholinganallur Ward,Old Mahabalipuram Road,12.905394,80.228097,19.26,63.63,425.4,8.9,8.8,46.95,Low
RRA-03963,2025-05-13,Bangalore,Bannerghatta Ward,Bannerghatta Road,12.895242,77.603628,13.23,44.43,1383.9,27.2,10.86,33.99,High
RRA-03964,2025-03-11,Mumbai,Ghatkopar Ward,LBS Marg,19.086633,72.903781,10.1,60.57,1540.6,8.0,28.13,64.75,Medium
RRA-03965,2025-04-13,Delhi,Dwarka Ward,NH48 Highway,28.588967,77.053804,9.51,49.95,2539.1,3.7,3.97,33.75,Low
RRA-03966,2025-04-25,Mumbai,Bandra Ward,SV Road,19.054901,72.823078,51.04,77.42,2462.9,13.0,9.19,25.17,Critical
RRA-03967,2025-01-24,Mumbai,Bandra Ward,SV Road,19.059428,72.839477,14.04,50.28,2437.9,13.0,14.8,25.17,High
RRA-03968,2025-04-19,Mumbai,Ghatkopar Ward,LBS Marg,19.097447,72.899886,27.67,64.94,1737.1,8.0,8.35,64.75,Medium
RRA-03969,2025-01-15,Pune,Bibwewadi Ward,Pune Satara Road,18.464783,73.858446,4.73,45.76,,27.2,10.27,53.6,Medium
RRA-03970,2025-01-03,Bangalore,Bannerghatta Ward,Bannerghatta Road,12.901785,77.600888,6.88,47.17,304.2,27.2,11.07,33.99,Medium
RRA-03971,2025-09-29,Bangalore,Kengeri Ward,Mysore Road,12.907882,77.473849,12.48,44.89,1313.0,10.9,25.55,33.33,Medium
RRA-03972,2025-03-31,Delhi,Laxmi Nagar Ward,Vikas Marg,28.637604,77.27249,7.27,59.35,1802.0,9.6,9.75,24.48,Medium
RRA-03973,2025-08-05,Pune,Baner Ward,Baner Road,18.556975,73.787086,32.59,60.57,2257.9,6.4,10.98,70.82,Medium
RRA-03974,2025-02-26,Chennai,Teynampet Ward,Anna Salai,13.042849,80.243235,3.74,41.1,1090.7,26.0,16.91,24.53,Medium
RRA-03975,2025-03-08,Mumbai,Andheri Ward,Western Express Highway,19.129763,72.842437,9.12,58.45,478.4,18.2,7.45,59.23,Low
RRA-03976,2025-01-24,Pune,Baner Ward,Baner Road,18.558594,73.791743,8.3,59.33,725.9,6.4,23.35,70.82,Low
RRA-03977,2025-04-29,Chennai,Neelankarai Ward,East Coast Road,12.946632,80.255158,10.44,53.62,2704.8,26.6,16.43,44.7,Critical
RRA-03978,2025-06-17,Pune,Baner Ward,Baner Road,18.558924,73.780097,32.44,65.9,1139.3,6.4,15.83,70.82,Medium
RRA-03979,2025-12-27,Mumbai,Thane Ward,Ghodbunder Road,19.244051,72.985087,9.76,41.66,1931.8,18.8,,60.54,Medium
RRA-03980,2025-06-29,Chennai,Teynampet Ward,Anna Salai,13.049215,80.247143,4.22,44.93,2021.8,26.0,27.95,24.53,Critical
RRA-03981,2025-11-01,Delhi,Dhaula Kuan Ward,Outer Ring Road,28.583536,77.166271,12.99,58.25,1514.5,27.2,10.94,32.72,High
RRA-03982,2025-03-15,Mumbai,Ghatkopar Ward,LBS Marg,19.087233,72.902544,9.87,58.14,658.6,8.0,13.52,64.75,Low
RRA-03983,2025-07-12,Mumbai,Malad Ward,Link Road,19.195481,72.85901,65.64,79.76,1789.1,27.8,9.91,34.41,Critical
RRA-03984,2025-10-08,Bangalore,Kengeri Ward,Mysore Road,12.927541,77.490871,23.15,53.04,1239.0,10.9,29.94,33.33,High
RRA-03985,2025-07-10,Bangalore,Kengeri Ward,Mysore Road,12.919,77.480687,46.24,67.81,1008.7,10.9,11.93,33.33,High
RRA-03986,2025-07-31,Chennai,Koyambedu Ward,Poonamallee High Road,13.06408,80.197703,,49.13,772.8,2.5,11.18,52.88,Low
RRA-03987,2025-05-23,Hyderabad,Gachibowli Ward,Outer Ring Road,17.448323,78.369284,18.38,57.67,1719.5,11.2,15.2,21.41,Medium
RRA-03988,2025-04-19,Bangalore,Marathahalli Ward,Outer Ring Road,12.962167,77.707451,21.76,51.93,1502.4,15.6,,54.34,High
RRA-03989,2025-03-12,Delhi,Laxmi Nagar Ward,Vikas Marg,28.633709,77.274212,16.97,50.65,1779.5,9.6,16.03,24.48,Medium
RRA-03990,2025-04-17,Chennai,Tambaram Ward,GST Road,12.923929,80.099483,11.9,48.5,3632.2,27.5,11.49,8.73,Critical
RRA-03991,2025-11-08,Mumbai,Bandra Ward,SV Road,19.062662,72.831429,13.27,56.5,639.1,13.0,11.0,25.17,Medium
RRA-03992,2025-01-29,Chennai,Koyambedu Ward,Poonamallee High Road,13.070018,80.194644,15.37,55.83,100.0,2.5,11.13,52.88,Low
RRA-03993,2025-06-03,Pune,Bibwewadi Ward,Pune Satara Road,18.47266,73.869358,34.48,65.25,1681.8,27.2,6.26,53.6,High
RRA-03994,2025-12-03,Bangalore,Peenya Ward,Tumkur Road,13.035038,77.534757,5.88,48.13,2256.8,7.4,12.22,84.46,Low
RRA-03995,2025-11-23,Mumbai,Vashi Ward,Sion Panvel Highway,19.084612,73.002589,9.05,48.6,1745.4,15.5,14.84,64.06,Medium
RRA-03996,2025-10-05,Chennai,Tambaram Ward,GST Road,12.920356,80.092026,33.85,58.48,2113.8,27.5,10.95,8.73,Critical
RRA-03997,2025-09-07,Mumbai,Thane Ward,Ghodbunder Road,19.23836,72.97828,32.99,66.26,1641.9,18.8,10.8,60.54,High
RRA-03998,2025-12-30,Bangalore,Whitefield Ward,Whitefield Main Road,12.974573,77.750787,6.11,42.25,718.6,9.0,23.26,34.76,Low
RRA-03999,2025-12-14,Bangalore,Peenya Ward,Tumkur Road,13.025737,77.510762,7.87,48.22,797.7,7.4,10.7,84.46,Low
RRA-04000,2025-09-23,Delhi,Nizamuddin Ward,Mathura Road,28.585805,77.252545,18.63,45.81,2229.2,15.6,15.41,61.4,Medium
RRA-04001,2025-06-28,Bangalore,Electronic City Ward,Hosur Road,12.848755,77.660158,30.82,75.86,1238.8,3.2,19.19,45.63,Medium
RRA-04002,2025-05-04,Delhi,Laxmi Nagar Ward,Vikas Marg,28.631579,77.281312,9.71,51.35,1464.0,9.6,10.9,24.48,Medium
RRA-04003,2025-05-08,Chennai,Tambaram Ward,GST Road,12.927845,80.099243,8.25,50.02,,27.5,20.16,8.73,High
RRA-04004,2025-10-03,Mumbai,Chembur Ward,Eastern Express Highway,19.061409,72.887037,11.27,51.72,2898.4,22.7,6.61,49.17,High
RRA-04005,2025-04-22,Delhi,Nizamuddin Ward,Mathura Road,28.596488,77.255773,15.13,,878.3,15.6,,61.4,Low
RRA-04006,2025-07-25,Bangalore,Kengeri Ward,Mysore Road,12.920649,77.485288,43.99,80.83,1420.6,10.9,19.78,33.33,High
RRA-04007,2025-02-16,Pune,Bibwewadi Ward,Pune Satara Road,18.460632,73.858145,4.68,60.51,1109.6,27.2,6.17,53.6,Medium
RRA-04008,2025-05-02,Chennai,Sholinganallur Ward,Old Mahabalipuram Road,12.894757,80.226662,8.28,44.91,1275.8,8.9,9.03,46.95,Low
RRA-04009,2025-10-15,Chennai,Teynampet Ward,Anna Salai,13.041827,80.237433,36.05,63.97,2297.9,26.0,7.81,24.53,Critical
RRA-04010,2025-09-30,Chennai,Sholinganallur Ward,Old Mahabalipuram Road,12.902954,80.228092,,62.06,1329.8,8.9,3.6,46.95,Low
RRA-04011,2025-07-27,Bangalore,Electronic City Ward,Hosur Road,12.837698,77.663827,46.27,74.9,2088.2,3.2,10.51,45.63,Medium
RRA-04012,2025-08-26,Pune,Vadgaon Sheri Ward,Nagar Road,18.566037,73.913778,24.25,58.12,2406.3,27.7,18.28,20.82,Critical
RRA-04013,2025-06-24,Bangalore,Bannerghatta Ward,Bannerghatta Road,12.907437,77.610016,38.0,67.8,1995.8,27.2,16.92,33.99,Critical
RRA-04014,2025-12-20,Pune,Katraj Ward,Katraj Dehu Road Bypass,18.448256,73.864962,10.44,47.08,1645.1,27.9,22.61,10.35,Critical
RRA-04015,2025-01-16,Delhi,Dhaula Kuan Ward,Outer Ring Road,28.602072,77.169386,2.33,46.55,608.5,27.2,17.53,32.72,Medium
RRA-04016,2025-02-28,Delhi,Nangloi Ward,Rohtak Road,28.675369,77.066077,18.18,57.24,1112.8,7.7,9.72,55.52,Low
RRA-04017,2025-07-25,Mumbai,Thane Ward,Ghodbunder Road,19.241438,72.984295,56.56,79.25,1145.8,18.8,4.03,60.54,High
RRA-04018,2025-07-02,Chennai,Teynampet Ward,Anna Salai,13.029626,80.240603,15.71,45.92,1455.7,26.0,5.54,24.53,High
RRA-04019,2025-09-08,Bangalore,HAL Ward,Old Airport Road,12.967257,77.652494,16.66,67.81,1438.9,5.6,4.18,58.83,Low
RRA-04020,2025-12-02,Bangalore,Peenya Ward,Tumkur Road,13.029549,77.519638,6.6,42.52,2550.5,7.4,22.92,84.46,Medium
RRA-04021,2025-10-30,Hyderabad,Uppal Ward,Uppal Road,17.410616,78.552357,6.33,47.35,203.3,22.8,12.28,33.72,Medium
RRA-04022,2025-12-10,Pune,Bibwewadi Ward,Pune Satara Road,18.47696,73.854323,12.13,45.73,1544.5,27.2,22.99,53.6,High
RRA-04023,2025-10-20,Delhi,Dhaula Kuan Ward,Outer Ring Road,28.589149,77.162735,7.21,49.43,,27.2,7.35,32.72,High
RRA-04024,2025-05-25,Bangalore,Peenya Ward,Tumkur Road,13.027295,77.515354,16.48,54.62,1212.7,7.4,11.65,84.46,Low
RRA-04025,2025-11-10,Chennai,Sholinganallur Ward,Old Mahabalipuram Road,12.898078,80.226932,34.85,67.12,2811.9,8.9,14.35,46.95,High
RRA-04026,2025-05-15,Mumbai,Vashi Ward,Sion Panvel Highway,19.07354,73.001327,36.06,59.63,1718.5,15.5,7.14,64.06,Medium
RRA-04027,2025-02-02,Hyderabad,Hussain Sagar Ward,Tank Bund Road,17.42337,78.469108,5.33,59.33,1960.6,22.2,17.25,26.42,High
RRA-04028,2025-09-01,Bangalore,Bannerghatta Ward,Bannerghatta Road,12.90135,77.596198,22.29,59.04,2359.6,27.2,10.09,33.99,Critical
RRA-04029,2025-08-01,Delhi,Nizamuddin Ward,Mathura Road,28.59688,77.255608,43.53,76.05,269.0,15.6,3.94,61.4,Medium
RRA-04030,2025-12-18,Mumbai,Chembur Ward,Eastern Express Highway,19.046242,72.902175,13.1,51.72,2626.4,22.7,,49.17,High
RRA-04031,2025-03-01,Mumbai,Vashi Ward,Sion Panvel Highway,19.081918,73.001643,14.17,59.58,2242.1,15.5,5.59,64.06,Medium
RRA-04032,2025-02-22,Bangalore,Whitefield Ward,Whitefield Main Road,12.980798,77.749659,15.14,,701.9,9.0,14.62,34.76,Low
RRA-04033,2025-02-28,Delhi,Nizamuddin Ward,Mathura Road,28.587648,77.257354,6.12,47.01,1085.9,15.6,5.22,61.4,Low
RRA-04034,2025-08-01,Bangalore,Bannerghatta Ward,Bannerghatta Road,12.895924,77.600565,31.7,55.79,1417.1,27.2,13.15,33.99,Critical
RRA-04035,2025-01-04,Chennai,Koyambedu Ward,Poonamallee High Road,13.057784,80.196145,3.98,41.64,849.2,2.5,17.98,52.88,Low
RRA-04036,2025-11-30,Bangalore,Electronic City Ward,Hosur Road,12.852337,77.652834,8.71,52.76,2052.5,3.2,14.05,45.63,Low
RRA-04037,2025-08-28,Bangalore,HAL Ward,Old Airport Road,12.962162,77.656744,28.42,49.58,628.4,5.6,16.25,58.83,Low
RRA-04038,2025-12-24,Chennai,Teynampet Ward,Anna Salai,13.049443,80.229898,15.97,56.61,1313.2,26.0,4.62,24.53,High
RRA-04039,2025-07-16,Bangalore,Whitefield Ward,Whitefield Main Road,12.977142,77.745787,43.02,67.69,1353.3,9.0,6.54,34.76,Medium
RRA-04040,2025-02-28,Bangalore,Kengeri Ward,Mysore Road,12.898623,77.48093,9.59,54.16,1017.2,10.9,21.69,33.33,Medium
RRA-04041,2025-09-06,Bangalore,Peenya Ward,Tumkur Road,13.034494,77.515565,17.22,47.96,1133.3,7.4,20.39,84.46,Low
RRA-04042,2025-10-10,Pune,Baner Ward,Baner Road,18.55438,73.785252,16.28,50.38,,6.4,10.66,70.82,Low
RRA-04043,2025-11-28,Mumbai,Malad Ward,Link Road,19.185955,72.847179,6.15,50.05,1268.3,27.8,21.29,34.41,High
RRA-04044,2025-09-28,Hyderabad,Gachibowli Ward,Outer Ring Road,17.448111,78.375393,17.54,58.23,1134.0,11.2,5.52,21.41,Medium
RRA-04045,2025-06-13,Mumbai,Thane Ward,Ghodbunder Road,19.241757,72.989052,61.51,79.16,1485.6,18.8,12.08,60.54,Critical
RRA-04046,2025-05-31,Delhi,Nangloi Ward,Rohtak Road,28.684586,77.06238,26.67,72.06,948.1,7.7,2.45,55.52,Low
RRA-04047,2025-07-22,Bangalore,HAL Ward,Old Airport Road,12.964408,77.648848,36.1,62.02,1889.2,5.6,24.4,58.83,Medium
RRA-04048,2025-08-12,Bangalore,Peenya Ward,Tumkur Road,13.024931,77.522196,,59.19,1072.2,7.4,7.01,84.46,Low
RRA-04049,2025-05-15,Bangalore,Marathahalli Ward,Outer Ring Road,12.950532,77.697174,25.24,45.41,5443.246046560295,15.6,5.0,54.34,Medium
RRA-04050,2025-10-19,Bangalore,Electronic City Ward,Hosur Road,12.839461,77.663034,6.94,52.09,871.2,3.2,17.6,45.63,Low
RRA-04051,2025-10-09,Delhi,Dhaula Kuan Ward,Outer Ring Road,28.594165,77.158356,10.03,63.53,2135.6,27.2,26.87,32.72,Critical
RRA-04052,2025-07-19,Pune,Baner Ward,Baner Road,18.558952,73.78115,44.89,73.94,1981.0,6.4,10.67,70.82,Medium
RRA-04053,2025-07-22,Mumbai,Ghatkopar Ward,LBS Marg,19.087222,72.918589,52.71,84.64,2491.1,8.0,15.1,64.75,High
RRA-04054,2025-10-20,Chennai,Neelankarai Ward,East Coast Road,12.948668,80.256611,33.04,64.49,1694.8,26.6,11.72,44.7,Critical
RRA-04055,2025-12-30,Pune,Vadgaon Sheri Ward,Nagar Road,18.560383,73.917614,10.39,44.11,1185.6,27.7,13.51,20.82,High
RRA-04056,2025-02-24,Mumbai,Andheri Ward,Western Express Highway,19.108144,72.852001,8.65,44.59,1770.4,18.2,10.28,59.23,Medium
RRA-04057,2025-03-01,Mumbai,Bandra Ward,SV Road,19.062173,72.827803,10.48,43.32,,13.0,18.71,25.17,Medium
RRA-04058,2025-05-16,Bangalore,Marathahalli Ward,Outer Ring Road,12.961562,77.698421,19.22,55.79,1084.3,15.6,9.17,54.34,Medium
RRA-04059,2025-05-14,Pune,Baner Ward,Baner Road,18.560601,73.786332,22.43,65.9,225.8,6.4,24.32,70.82,Low
RRA-04060,2025-11-09,Hyderabad,Hussain Sagar Ward,Tank Bund Road,17.427173,78.476003,16.4,61.35,1076.1,22.2,6.5,26.42,Medium
RRA-04061,2025-01-15,Hyderabad,Banjara Hills Ward,Banjara Hills Road No 12,17.40766,78.435799,4.1,43.4,647.6,24.5,12.93,34.45,Medium
RRA-04062,2025-09-15,Bangalore,Kengeri Ward,Mysore Road,12.917534,77.472159,15.51,48.96,1396.1,10.9,7.01,33.33,Medium
RRA-04063,2025-08-02,Bangalore,Kengeri Ward,Mysore Road,12.903117,77.483088,,74.77,2188.9,10.9,13.57,33.33,High
RRA-04064,2025-08-30,Pune,Baner Ward,Baner Road,18.556889,73.787384,19.74,48.95,2675.4,6.4,11.76,70.82,Medium
RRA-04065,2025-06-23,Bangalore,Peenya Ward,Tumkur Road,13.025399,77.512578,27.44,62.31,3016.6,7.4,17.97,84.46,High
RRA-04066,2025-09-21,Delhi,Nangloi Ward,Rohtak Road,28.672659,77.054009,24.99,61.6,1264.6,7.7,16.99,55.52,Medium
RRA-04067,2025-10-30,Chennai,Neelankarai Ward,East Coast Road,12.958997,80.260566,48.01,71.32,5841.1068231029685,26.6,7.84,44.7,Critical
RRA-04068,2025-04-03,Delhi,Dwarka Ward,NH48 Highway,28.598655,77.049597,11.21,33.87,1439.7,3.7,21.94,33.75,Medium
RRA-04069,2025-02-11,Pune,Baner Ward,Baner Road,18.565318,73.778582,20.45,65.65,1692.1,6.4,10.55,70.82,Medium
RRA-04070,2025-04-08,Pune,Vadgaon Sheri Ward,Nagar Road,18.570915,73.922349,11.8,57.31,815.5,27.7,8.65,20.82,High
RRA-04071,2025-11-20,Hyderabad,Banjara Hills Ward,Banjara Hills Road No 12,17.418351,78.425181,4.97,47.77,1070.3,24.5,17.44,34.45,Medium
RRA-04072,2025-04-14,Pune,Bibwewadi Ward,Pune Satara Road,18.47869,73.866827,7.24,37.94,302.7,27.2,8.77,53.6,Medium
RRA-04073,2025-04-22,Bangalore,Bannerghatta Ward,Bannerghatta Road,12.910257,77.602359,8.64,54.47,1698.9,27.2,13.0,33.99,High
RRA-04074,2025-12-06,Hyderabad,Gachibowli Ward,Outer Ring Road,17.45179,78.375976,13.12,53.82,696.9,11.2,19.02,21.41,Medium
RRA-04075,2025-06-07,Hyderabad,Uppal Ward,Uppal Road,17.40391,78.562887,28.59,61.48,2199.0,22.8,19.65,33.72,Critical
RRA-04076,2025-10-07,Pune,Bibwewadi Ward,Pune Satara Road,18.473424,73.861585,8.14,53.56,202.4,27.2,5.8,53.6,Medium
RRA-04077,2025-04-03,Bangalore,Bellandur Ward,Sarjapur Road,12.922892,77.686517,5.66,50.24,957.0,21.0,7.12,33.19,Medium
RRA-04078,2025-09-06,Delhi,Dhaula Kuan Ward,Outer Ring Road,28.593637,77.166363,21.78,49.1,1513.2,27.2,14.6,32.72,High
RRA-04079,2025-03-17,Pune,Bibwewadi Ward,Pune Satara Road,18.465107,73.860469,6.08,40.61,1150.1,27.2,10.74,53.6,Medium
RRA-04080,2025-07-15,Hyderabad,Gachibowli Ward,Outer Ring Road,17.443408,78.374584,35.43,,1351.9,11.2,5.07,21.41,Medium
RRA-04081,2025-07-10,Bangalore,Peenya Ward,Tumkur Road,13.017913,77.51754,34.27,69.38,1423.7,7.4,16.47,84.46,Medium
RRA-04082,2025-06-04,Chennai,Koyambedu Ward,Poonamallee High Road,13.076731,80.192942,8.79,56.55,1333.6,2.5,6.46,52.88,Low
RRA-04083,2025-09-01,Pune,Bibwewadi Ward,Pune Satara Road,18.466047,73.867984,25.62,56.77,1838.9,27.2,9.38,53.6,High
RRA-04084,2025-06-04,Delhi,Dwarka Ward,NH48 Highway,28.607636,77.046868,22.13,67.88,1817.7,3.7,24.46,33.75,Medium
RRA-04085,2025-07-18,Chennai,Teynampet Ward,Anna Salai,13.053422,80.24235,5.37,47.55,1003.9,26.0,8.1,24.53,Medium
RRA-04086,2025-06-03,Bangalore,Electronic City Ward,Hosur Road,12.840717,77.66081,19.59,65.71,1626.1,3.2,11.6,45.63,Medium
RRA-04087,2025-07-13,Chennai,Sholinganallur Ward,Old Mahabalipuram Road,12.896048,80.235419,6.8,50.41,471.2,8.9,10.31,46.95,Low
RRA-04088,2025-12-15,Mumbai,Chembur Ward,Eastern Express Highway,19.052114,72.898221,6.98,52.69,1421.8,22.7,10.2,49.17,Medium
RRA-04089,2025-10-14,Delhi,Laxmi Nagar Ward,Vikas Marg,28.625923,77.27616,,51.02,100.0,9.6,11.84,24.48,Low
RRA-04090,2025-06-30,Chennai,Teynampet Ward,Anna Salai,13.036703,80.242227,22.63,65.51,709.1,26.0,3.36,24.53,Medium
RRA-04091,2025-10-02,Delhi,Nangloi Ward,Rohtak Road,28.68905,77.050356,13.11,60.98,1703.9,7.7,13.48,55.52,Medium
RRA-04092,2025-06-12,Mumbai,Bandra Ward,SV Road,19.056803,72.82501,58.03,79.73,,13.0,,25.17,High
RRA-04093,2025-03-23,Bangalore,Peenya Ward,Tumkur Road,13.025249,77.517527,14.69,42.46,2052.9,7.4,6.76,84.46,Low
RRA-04094,2025-07-29,Delhi,Dwarka Ward,NH48 Highway,28.58928,77.047923,38.12,64.28,1417.2,3.7,11.49,33.75,Medium
RRA-04095,2025-06-09,Bangalore,Bellandur Ward,Sarjapur Road,12.901647,77.682424,23.13,71.47,1743.8,21.0,9.86,33.19,High
RRA-04096,2025-05-22,Hyderabad,Hussain Sagar Ward,Tank Bund Road,17.423468,78.476777,14.55,56.54,565.0,22.2,20.11,26.42,High
RRA-04097,2025-12-07,Mumbai,Ghatkopar Ward,LBS Marg,19.09688,72.906556,14.23,57.05,672.2,8.0,21.58,64.75,Low
RRA-04098,2025-02-27,Pune,Katraj Ward,Katraj Dehu Road Bypass,18.448639,73.864845,12.72,44.14,930.4,27.9,8.38,10.35,High
RRA-04099,2025-09-22,Delhi,Azadpur Ward,GT Karnal Road,28.718816,77.163536,13.08,57.64,1664.6,8.5,4.68,55.67,Low
RRA-04100,2025-12-22,Delhi,Laxmi Nagar Ward,Vikas Marg,28.628356,77.270141,3.76,48.63,595.0,9.6,13.71,24.48,Low
RRA-04101,2025-03-04,Mumbai,Andheri Ward,Western Express Highway,19.10457,72.858447,7.29,44.31,,18.2,12.99,59.23,Medium
RRA-04102,2025-10-20,Mumbai,Vashi Ward,Sion Panvel Highway,19.080422,72.999115,12.35,57.73,2133.8,15.5,4.48,64.06,Medium
RRA-04103,2025-12-24,Chennai,Teynampet Ward,Anna Salai,13.045796,80.244653,14.24,50.76,1384.9,26.0,9.82,24.53,High
RRA-04104,2025-05-11,Chennai,Teynampet Ward,Anna Salai,13.042446,80.239298,3.29,49.17,1895.9,26.0,4.53,24.53,High
RRA-04105,2025-01-24,Delhi,Azadpur Ward,GT Karnal Road,28.702609,77.165143,2.21,50.18,616.5,8.5,16.41,55.67,Low
RRA-04106,2025-09-16,Mumbai,Ghatkopar Ward,LBS Marg,19.07839,72.921485,14.47,60.6,1600.7,8.0,13.2,64.75,Medium
RRA-04107,2025-02-17,Chennai,Koyambedu Ward,Poonamallee High Road,13.068514,80.196631,7.84,49.8,1494.9,2.5,12.26,52.88,Low
RRA-04108,2025-07-31,Chennai,Tambaram Ward,GST Road,12.925009,80.087664,8.95,45.3,2836.0,27.5,21.12,8.73,Critical
RRA-04109,2025-06-16,Chennai,Tambaram Ward,GST Road,12.932901,80.090031,8.05,41.05,1360.9,27.5,13.82,8.73,High
RRA-04110,2025-03-02,Chennai,Neelankarai Ward,East Coast Road,12.965573,80.25529,12.46,41.83,769.8,26.6,3.02,44.7,Medium
RRA-04111,2025-12-02,Chennai,Teynampet Ward,Anna Salai,13.030068,80.250714,26.48,51.81,624.7,26.0,7.19,24.53,High
RRA-04112,2025-01-19,Bangalore,HAL Ward,Old Airport Road,12.970991,77.646256,3.53,47.08,1198.4,5.6,8.46,58.83,Low
RRA-04113,2025-04-13,Delhi,Laxmi Nagar Ward,Vikas Marg,28.640743,77.282295,8.56,56.57,1286.9,9.6,10.11,24.48,Medium
RRA-04114,2025-07-21,Hyderabad,Uppal Ward,Uppal Road,17.407105,78.56114,38.63,72.63,1808.7,22.8,4.46,33.72,High
RRA-04115,2025-10-20,Bangalore,Marathahalli Ward,Outer Ring Road,12.960288,77.698423,21.98,53.75,1670.6,15.6,,54.34,Medium
RRA-04116,2025-10-07,Hyderabad,Gachibowli Ward,Outer Ring Road,17.442042,78.373924,11.11,53.72,1737.5,11.2,10.85,21.41,Medium
RRA-04117,2025-09-25,Delhi,Azadpur Ward,GT Karnal Road,28.721004,77.169144,21.7,55.59,1922.7,8.5,13.82,55.67,Medium
RRA-04118,2025-06-12,Chennai,Neelankarai Ward,East Coast Road,12.956764,80.247587,6.54,48.8,822.2,26.6,10.51,44.7,Medium
RRA-04119,2025-01-23,Delhi,Nangloi Ward,Rohtak Road,28.684736,77.059389,13.94,54.71,1305.1,7.7,6.86,55.52,Low
RRA-04120,2025-03-15,Bangalore,Kengeri Ward,Mysore Road,12.901893,77.50218,6.8,54.92,2091.8,10.9,4.24,33.33,Medium
RRA-04121,2025-11-02,Mumbai,Vashi Ward,Sion Panvel Highway,19.086196,73.001,10.0,54.07,1583.7,15.5,6.76,64.06,Medium
RRA-04122,2025-10-01,Bangalore,Peenya Ward,Tumkur Road,13.026264,77.515791,8.94,50.67,1766.7,7.4,14.21,84.46,Low
RRA-04123,2025-10-02,Chennai,Tambaram Ward,GST Road,12.92121,80.107118,31.45,61.91,678.3,27.5,16.32,8.73,Critical
RRA-04124,2025-03-06,Pune,Vadgaon Sheri Ward,Nagar Road,18.555943,73.924451,5.78,44.54,1318.1,27.7,6.58,20.82,High
RRA-04125,2025-12-21,Mumbai,Thane Ward,Ghodbunder Road,19.234994,72.974457,18.3,42.6,752.9,18.8,5.89,60.54,Low
RRA-04126,2025-06-16,Pune,Bibwewadi Ward,Pune Satara Road,18.464038,73.868296,32.56,59.02,1174.0,27.2,8.71,53.6,High
RRA-04127,2025-12-22,Delhi,Dwarka Ward,NH48 Highway,28.582111,77.054057,12.24,50.53,1219.6,3.7,17.34,33.75,Low
RRA-04128,2025-07-21,Bangalore,Bannerghatta Ward,Bannerghatta Road,12.896437,77.596799,33.9,60.26,1663.7,27.2,3.56,33.99,High
RRA-04129,2025-01-05,Delhi,Dhaula Kuan Ward,Outer Ring Road,28.596313,77.159399,13.73,58.92,118.1,27.2,24.28,32.72,High
RRA-04130,2025-08-04,Bangalore,Bannerghatta Ward,Bannerghatta Road,12.897046,77.59951,30.74,56.03,2040.6,27.2,16.34,33.99,Critical
RRA-04131,2025-07-08,Bangalore,Kengeri Ward,Mysore Road,12.90306,77.501327,38.45,71.1,1304.1,10.9,5.71,33.33,Medium
RRA-04132,2025-08-12,Chennai,Sholinganallur Ward,Old Mahabalipuram Road,12.907441,80.231539,12.3,49.67,814.5,8.9,21.15,46.95,Medium
RRA-04133,2025-07-05,Hyderabad,Uppal Ward,Uppal Road,17.407369,78.565907,44.31,67.4,3353.4,22.8,18.45,33.72,Critical
RRA-04134,2025-04-16,Pune,Baner Ward,Baner Road,18.554886,73.788429,16.7,62.63,1221.7,6.4,13.64,70.82,Low
RRA-04135,2025-04-09,Chennai,Tambaram Ward,GST Road,12.918876,80.095589,3.67,40.57,974.8,27.5,6.77,8.73,Medium
RRA-04136,2025-08-07,Hyderabad,Hussain Sagar Ward,Tank Bund Road,17.420635,78.472012,43.32,59.57,1334.5,22.2,8.9,26.42,High
RRA-04137,2025-07-18,Mumbai,Thane Ward,Ghodbunder Road,19.249294,72.978809,60.19,86.1,1295.2,18.8,10.1,60.54,Critical
RRA-04138,2025-07-30,Mumbai,Ghatkopar Ward,LBS Marg,19.088928,72.91122,56.63,77.1,1727.0,8.0,16.1,64.75,High
RRA-04139,2025-12-07,Bangalore,Kengeri Ward,Mysore Road,12.907533,77.487086,8.65,42.41,1038.5,10.9,7.64,33.33,Low
RRA-04140,2025-07-21,Pune,Vadgaon Sheri Ward,Nagar Road,18.555554,73.919453,63.48,84.93,1116.9,27.7,5.25,20.82,Critical
RRA-04141,2025-06-10,Delhi,Nangloi Ward,Rohtak Road,28.676139,77.061212,32.33,63.54,990.7,7.7,,55.52,Low
RRA-04142,2025-07-05,Bangalore,Marathahalli Ward,Outer Ring Road,12.960062,77.702636,32.21,76.36,1794.7,15.6,9.09,54.34,High
RRA-04143,2025-06-20,Chennai,Koyambedu Ward,Poonamallee High Road,13.073231,80.194738,3.25,44.79,1704.7,2.5,11.04,52.88,Low
RRA-04144,2025-09-03,Delhi,Azadpur Ward,GT Karnal Road,28.707286,77.16933,21.53,53.17,1902.3,8.5,20.77,55.67,Medium
RRA-04145,2025-05-22,Delhi,Dwarka Ward,NH48 Highway,28.598564,77.060044,16.03,51.53,2471.0,3.7,5.96,33.75,Medium
RRA-04146,2025-10-04,Hyderabad,Banjara Hills Ward,Banjara Hills Road No 12,17.422915,78.435495,18.65,60.86,2381.4,24.5,8.09,34.45,High
RRA-04147,2025-10-06,Pune,Katraj Ward,Katraj Dehu Road Bypass,18.451026,73.861923,17.36,52.22,804.5,27.9,13.12,10.35,High
RRA-04148,2025-05-25,Chennai,Sholinganallur Ward,Old Mahabalipuram Road,12.894084,80.231526,7.2,53.18,2265.6,8.9,12.13,46.95,Medium
RRA-04149,2025-01-21,Delhi,Azadpur Ward,GT Karnal Road,28.71277,77.172357,3.44,44.01,1002.1,8.5,27.34,55.67,Low
RRA-04150,2025-03-15,Delhi,Azadpur Ward,GT Karnal Road,28.721122,77.170343,2.44,41.69,2443.3,8.5,3.87,55.67,Low
RRA-04151,2025-01-24,Mumbai,Ghatkopar Ward,LBS Marg,19.082914,72.906589,7.58,44.43,1215.6,8.0,,64.75,Low
RRA-04152,2025-04-22,Mumbai,Ghatkopar Ward,LBS Marg,19.075347,72.912162,27.37,54.12,1264.8,8.0,8.02,64.75,Low
RRA-04153,2025-06-15,Delhi,Nizamuddin Ward,Mathura Road,28.594023,77.26542,26.84,52.14,1978.8,15.6,7.4,61.4,Medium
RRA-04154,2025-08-17,Delhi,Dhaula Kuan Ward,Outer Ring Road,28.592611,77.168045,32.65,57.97,1099.5,27.2,14.16,32.72,High
RRA-04155,2025-10-28,Delhi,Dhaula Kuan Ward,Outer Ring Road,28.589586,77.155582,4.12,51.42,2468.2,27.2,8.63,32.72,High
RRA-04156,2025-06-29,Bangalore,Peenya Ward,Tumkur Road,13.032773,77.51662,29.84,67.13,1006.5,7.4,20.03,84.46,Medium
RRA-04157,2025-06-11,Delhi,Laxmi Nagar Ward,Vikas Marg,28.636232,77.280406,33.2,69.98,6445.344579991306,9.6,27.08,24.48,High
RRA-04158,2025-10-15,Bangalore,Whitefield Ward,Whitefield Main Road,12.980037,77.739413,15.17,48.18,579.3,9.0,16.51,34.76,Low
RRA-04159,2025-07-11,Delhi,Nizamuddin Ward,Mathura Road,28.588716,77.261048,38.65,63.94,2330.3,15.6,13.86,61.4,High
RRA-04160,2025-02-23,Mumbai,Thane Ward,Ghodbunder Road,19.232496,72.978164,5.84,49.62,1049.9,18.8,13.38,60.54,Medium
RRA-04161,2025-02-14,Bangalore,Bannerghatta Ward,Bannerghatta Road,12.894161,77.597503,8.1,50.32,1501.6,27.2,18.47,33.99,High
RRA-04162,2025-01-22,Bangalore,Peenya Ward,Tumkur Road,13.035052,77.528252,3.06,50.83,2283.1,7.4,3.04,84.46,Low
RRA-04163,2025-06-17,Mumbai,Andheri Ward,Western Express Highway,19.128811,72.836836,66.02,91.35,2126.8,18.2,12.96,59.23,Critical
RRA-04164,2025-07-25,Bangalore,Bellandur Ward,Sarjapur Road,12.919752,77.68479,37.55,74.9,1450.1,21.0,26.65,33.19,Critical
RRA-04165,2025-12-25,Mumbai,Bandra Ward,SV Road,19.05377,72.823202,6.94,54.06,1758.5,13.0,17.59,25.17,Medium
RRA-04166,2025-09-21,Mumbai,Andheri Ward,Western Express Highway,19.118191,72.839109,15.05,49.01,956.7,18.2,38.18,59.23,High
RRA-04167,2025-11-08,Delhi,Nizamuddin Ward,Mathura Road,28.587779,77.266861,15.45,40.43,1669.7,15.6,9.62,61.4,Medium
RRA-04168,2025-07-01,Pune,Baner Ward,Baner Road,18.554881,73.792358,47.32,77.93,2970.6,6.4,8.45,70.82,High
RRA-04169,2025-03-12,Mumbai,Bandra Ward,SV Road,19.052401,72.835118,14.5,59.17,2446.1,13.0,11.69,25.17,High
RRA-04170,2025-09-22,Chennai,Sholinganallur Ward,Old Mahabalipuram Road,12.897398,80.224604,25.13,67.65,1564.6,8.9,8.82,46.95,Medium
RRA-04171,2025-12-21,Hyderabad,Hussain Sagar Ward,Tank Bund Road,17.411388,78.479965,7.39,54.24,2259.9,22.2,9.52,26.42,High
RRA-04172,2025-12-27,Mumbai,Thane Ward,Ghodbunder Road,19.236184,72.974124,9.28,55.05,579.3,18.8,11.14,60.54,Medium
RRA-04173,2025-03-02,Chennai,Koyambedu Ward,Poonamallee High Road,13.071334,80.195256,3.71,50.59,341.4,2.5,12.21,52.88,Low
RRA-04174,2025-10-11,Mumbai,Bandra Ward,SV Road,19.056275,72.823418,25.99,60.32,1245.2,13.0,20.88,25.17,High
RRA-04175,2025-11-26,Hyderabad,Hussain Sagar Ward,Tank Bund Road,17.42591,78.472849,9.54,49.42,642.9,22.2,11.11,26.42,Medium
RRA-04176,2025-12-16,Delhi,Laxmi Nagar Ward,Vikas Marg,28.616312,77.27536,20.79,53.1,1376.5,9.6,11.51,24.48,Medium
RRA-04177,2025-01-24,Mumbai,Andheri Ward,Western Express Highway,19.122306,72.836648,9.09,55.6,1343.1,18.2,2.0,59.23,Low
RRA-04178,2025-07-17,Mumbai,Thane Ward,Ghodbunder Road,19.240157,72.975748,63.16,85.16,1279.5,18.8,11.69,60.54,Critical
RRA-04179,2025-06-19,Delhi,Nangloi Ward,Rohtak Road,28.680159,77.053901,30.39,67.7,1396.2,7.7,17.52,55.52,Medium
RRA-04180,2025-04-13,Bangalore,Peenya Ward,Tumkur Road,13.023986,77.531312,11.12,46.51,1094.0,7.4,,84.46,Low
RRA-04181,2025-02-25,Mumbai,Thane Ward,Ghodbunder Road,19.243842,72.981152,9.0,48.5,2496.8,18.8,14.04,60.54,High
RRA-04182,2025-06-14,Chennai,Koyambedu Ward,Poonamallee High Road,13.076016,80.193363,12.86,54.53,252.3,2.5,12.46,52.88,Low
RRA-04183,2025-07-31,Chennai,Neelankarai Ward,East Coast Road,12.963245,80.252206,8.98,47.45,1188.1,26.6,27.48,44.7,High
RRA-04184,2025-09-03,Mumbai,Andheri Ward,Western Express Highway,19.114572,72.852702,41.89,59.74,947.0,18.2,11.94,59.23,High
RRA-04185,2025-09-06,Mumbai,Ghatkopar Ward,LBS Marg,19.082771,72.913862,25.75,57.18,1476.0,8.0,13.64,64.75,Medium
RRA-04186,2025-04-20,Delhi,Dhaula Kuan Ward,Outer Ring Road,28.596192,77.161969,,57.86,1150.6,27.2,11.06,32.72,High
RRA-04187,2025-06-02,Delhi,Dwarka Ward,NH48 Highway,28.593717,77.045239,21.89,56.16,1340.4,3.7,23.14,33.75,Medium
RRA-04188,2025-10-16,Mumbai,Thane Ward,Ghodbunder Road,19.239713,72.983199,12.48,47.97,628.6,18.8,9.05,60.54,Low
RRA-04189,2025-01-22,Bangalore,Whitefield Ward,Whitefield Main Road,12.973424,77.74754,7.3,41.43,1775.1,9.0,16.22,34.76,Medium
RRA-04190,2025-01-07,Pune,Vadgaon Sheri Ward,Nagar Road,18.558192,73.911439,3.65,,1015.2,27.7,9.55,20.82,Medium
RRA-04191,2025-03-07,Delhi,Nizamuddin Ward,Mathura Road,28.580719,77.252393,11.2,50.64,926.4,15.6,26.22,61.4,Medium
RRA-04192,2025-02-28,Bangalore,Marathahalli Ward,Outer Ring Road,12.962741,77.703581,4.05,44.86,1424.9,15.6,18.69,54.34,Medium
RRA-04193,2025-11-19,Delhi,Azadpur Ward,GT Karnal Road,28.718269,77.163375,4.78,40.72,1208.9,8.5,13.65,55.67,Low
RRA-04194,2025-05-28,Mumbai,Andheri Ward,Western Express Highway,19.112963,72.83727,,76.65,2130.2,18.2,7.7,59.23,High
RRA-04195,2025-04-21,Hyderabad,Uppal Ward,Uppal Road,17.400572,78.555393,7.92,47.83,2440.2,22.8,7.12,33.72,High
RRA-04196,2025-10-22,Bangalore,Kengeri Ward,Mysore Road,12.912747,77.486575,5.51,42.51,1660.2,10.9,7.93,33.33,Low
RRA-04197,2025-01-01,Hyderabad,Gachibowli Ward,Outer Ring Road,17.455697,78.378085,13.94,60.5,1477.8,11.2,10.39,21.41,Medium
RRA-04198,2025-09-27,Pune,Baner Ward,Baner Road,18.552235,73.792046,11.97,53.47,1394.1,6.4,13.26,70.82,Low
RRA-04199,2025-10-10,Delhi,Laxmi Nagar Ward,Vikas Marg,28.624724,77.270136,9.57,46.26,192.5,9.6,6.88,24.48,Low
RRA-04200,2025-07-07,Chennai,Teynampet Ward,Anna Salai,13.048159,80.238292,8.98,,1802.0,26.0,20.64,24.53,High
RRA-04201,2025-09-16,Delhi,Nizamuddin Ward,Mathura Road,28.5924,77.244545,21.5,45.27,1416.8,15.6,15.41,61.4,Medium
RRA-04202,2025-05-03,Pune,Vadgaon Sheri Ward,Nagar Road,18.559698,73.920837,19.37,66.33,867.6,27.7,13.61,20.82,High
RRA-04203,2025-06-10,Delhi,Nizamuddin Ward,Mathura Road,28.59449,77.248236,26.5,60.78,2851.2,15.6,4.88,61.4,High
RRA-04204,2025-10-17,Chennai,Neelankarai Ward,East Coast Road,12.956517,80.247826,31.06,62.31,1063.7,26.6,16.99,44.7,High
RRA-04205,2025-10-04,Bangalore,Bannerghatta Ward,Bannerghatta Road,12.907375,77.59381,12.93,47.4,702.7,27.2,6.08,33.99,Medium
RRA-04206,2025-11-12,Mumbai,Ghatkopar Ward,LBS Marg,19.086908,72.907293,13.31,55.88,2271.9,8.0,14.88,64.75,Medium
RRA-04207,2025-07-04,Pune,Katraj Ward,Katraj Dehu Road Bypass,18.452761,73.87184,42.76,70.7,2547.6,27.9,6.33,10.35,Critical
RRA-04208,2025-02-14,Hyderabad,Uppal Ward,Uppal Road,17.397819,78.569921,10.58,46.55,1091.7,22.8,11.59,33.72,Medium
RRA-04209,2025-04-13,Hyderabad,Hussain Sagar Ward,Tank Bund Road,17.426186,78.466427,5.47,50.33,2387.1,22.2,7.29,26.42,High
RRA-04210,2025-03-13,Mumbai,Malad Ward,Link Road,19.184786,72.852802,13.73,50.28,1403.1,27.8,18.46,34.41,High
RRA-04211,2025-04-06,Bangalore,Whitefield Ward,Whitefield Main Road,12.965357,77.735034,8.77,38.43,1737.3,9.0,20.18,34.76,Medium
RRA-04212,2025-09-27,Chennai,Koyambedu Ward,Poonamallee High Road,13.075318,80.197136,29.67,65.09,990.1,2.5,13.62,52.88,Low
RRA-04213,2025-02-20,Chennai,Teynampet Ward,Anna Salai,13.048649,80.243523,11.68,46.31,1486.3,26.0,7.23,24.53,High
RRA-04214,2025-09-18,Pune,Vadgaon Sheri Ward,Nagar Road,18.55733,73.917152,13.73,54.77,1219.6,27.7,15.25,20.82,High
RRA-04215,2025-11-30,Delhi,Laxmi Nagar Ward,Vikas Marg,28.635326,77.266557,6.55,53.24,901.2,9.6,3.67,24.48,Low
RRA-04216,2025-08-30,Mumbai,Bandra Ward,SV Road,19.042013,72.841339,35.52,67.84,1864.1,13.0,9.71,25.17,High
RRA-04217,2025-11-06,Pune,Vadgaon Sheri Ward,Nagar Road,18.558919,73.90516,3.22,44.88,1050.8,27.7,16.06,20.82,High
RRA-04218,2025-05-23,Hyderabad,Uppal Ward,Uppal Road,17.399934,78.550795,,54.6,940.1,22.8,26.65,33.72,High
RRA-04219,2025-03-18,Delhi,Dwarka Ward,NH48 Highway,28.586693,77.041863,2.56,45.31,3158.4,3.7,3.71,33.75,Low
RRA-04220,2025-10-01,Mumbai,Chembur Ward,Eastern Express Highway,19.046447,72.895581,9.54,48.3,1497.7,22.7,,49.17,Medium
RRA-04221,2025-09-29,Bangalore,Bannerghatta Ward,Bannerghatta Road,12.898701,77.594541,17.79,51.53,1682.7,27.2,17.3,33.99,Critical
RRA-04222,2025-07-14,Mumbai,Vashi Ward,Sion Panvel Highway,19.063819,73.002459,56.69,80.0,740.0,15.5,9.27,64.06,Medium
RRA-04223,2025-06-21,Chennai,Koyambedu Ward,Poonamallee High Road,13.070979,80.170994,6.78,56.56,1088.4,2.5,15.45,52.88,Low
RRA-04224,2025-02-16,Mumbai,Thane Ward,Ghodbunder Road,19.248492,72.97688,12.75,53.5,863.2,18.8,21.09,60.54,Medium
RRA-04225,2025-10-04,Delhi,Dhaula Kuan Ward,Outer Ring Road,28.594968,77.170305,12.25,52.25,1555.1,27.2,12.03,32.72,High
RRA-04226,2025-12-22,Mumbai,Vashi Ward,Sion Panvel Highway,19.067957,72.996788,7.07,48.77,1805.3,15.5,24.58,64.06,Medium
RRA-04227,2025-06-26,Bangalore,Electronic City Ward,Hosur Road,12.837347,77.660248,31.95,64.53,2018.3,3.2,22.2,45.63,Medium
RRA-04228,2025-05-13,Pune,Katraj Ward,Katraj Dehu Road Bypass,18.450005,73.858525,22.82,58.96,1152.9,27.9,6.77,10.35,High
RRA-04229,2025-03-10,Mumbai,Bandra Ward,SV Road,19.067543,72.832569,16.17,48.26,2663.7,13.0,13.07,25.17,High
RRA-04230,2025-10-16,Bangalore,Peenya Ward,Tumkur Road,13.024642,77.514857,11.66,49.2,1504.0,7.4,6.7,84.46,Low
RRA-04231,2025-06-24,Chennai,Koyambedu Ward,Poonamallee High Road,13.053644,80.185077,13.57,58.37,1510.9,2.5,,52.88,Low
RRA-04232,2025-12-03,Mumbai,Bandra Ward,SV Road,19.057433,72.829658,9.88,51.17,716.4,13.0,6.22,25.17,Low
RRA-04233,2025-02-13,Mumbai,Bandra Ward,SV Road,19.063289,72.819938,5.59,51.16,807.3,13.0,16.44,25.17,Medium
RRA-04234,2025-10-03,Mumbai,Ghatkopar Ward,LBS Marg,19.099161,72.90656,10.11,45.84,384.2,8.0,8.2,64.75,Low
RRA-04235,2025-05-05,Mumbai,Malad Ward,Link Road,19.18801,72.847462,31.81,66.98,1661.4,27.8,4.26,34.41,High
RRA-04236,2025-10-27,Hyderabad,Uppal Ward,Uppal Road,17.407121,78.570073,14.45,57.18,1395.0,22.8,12.91,33.72,High
RRA-04237,2025-10-24,Hyderabad,Banjara Hills Ward,Banjara Hills Road No 12,17.418155,78.43509,19.87,60.08,1407.7,24.5,15.22,34.45,High
RRA-04238,2025-07-09,Bangalore,Electronic City Ward,Hosur Road,12.855464,77.664606,34.98,59.66,975.3,3.2,18.57,45.63,Medium
RRA-04239,2025-07-28,Bangalore,HAL Ward,Old Airport Road,12.966829,77.648384,47.6,66.47,1305.1,5.6,16.1,58.83,Medium
RRA-04240,2025-03-16,Pune,Katraj Ward,Katraj Dehu Road Bypass,18.44227,73.871699,,36.12,3146.7,27.9,19.37,10.35,Critical
RRA-04241,2025-05-02,Bangalore,Whitefield Ward,Whitefield Main Road,12.962673,77.742777,18.43,58.55,1691.0,9.0,6.67,34.76,Medium
RRA-04242,2025-07-03,Delhi,Nangloi Ward,Rohtak Road,28.677303,77.060257,37.95,61.7,1539.2,7.7,13.47,55.52,Medium
RRA-04243,2025-08-01,Bangalore,Kengeri Ward,Mysore Road,12.90257,77.488131,39.02,71.25,970.5,10.9,3.96,33.33,Medium
RRA-04244,2025-11-13,Delhi,Nizamuddin Ward,Mathura Road,28.582098,77.255785,14.17,49.32,867.4,15.6,14.51,61.4,Medium
RRA-04245,2025-01-20,Delhi,Azadpur Ward,GT Karnal Road,28.715257,77.180455,10.67,59.89,1993.1,8.5,8.9,55.67,Medium
RRA-04246,2025-02-06,Bangalore,Marathahalli Ward,Outer Ring Road,12.959302,77.702247,7.74,45.51,2173.9,15.6,14.49,54.34,Medium
RRA-04247,2025-12-08,Bangalore,HAL Ward,Old Airport Road,12.961689,77.648291,14.9,48.44,1061.0,5.6,19.49,58.83,Low
RRA-04248,2025-04-25,Bangalore,Marathahalli Ward,Outer Ring Road,12.953087,77.701019,10.7,47.82,1536.9,15.6,13.61,54.34,Medium
RRA-04249,2025-08-03,Hyderabad,Banjara Hills Ward,Banjara Hills Road No 12,17.419297,78.433122,46.2,79.81,673.6,24.5,11.81,34.45,High
RRA-04250,2025-10-11,Bangalore,Bellandur Ward,Sarjapur Road,12.912304,77.686368,14.63,49.04,956.3,21.0,4.12,33.19,Medium
RRA-04251,2025-10-07,Bangalore,Marathahalli Ward,Outer Ring Road,12.9474,77.698336,12.03,53.53,1131.0,15.6,6.57,54.34,Medium
RRA-04252,2025-09-17,Bangalore,Peenya Ward,Tumkur Road,13.020022,77.523538,15.32,42.63,1821.5,7.4,9.38,84.46,Low
RRA-04253,2025-11-21,Delhi,Nizamuddin Ward,Mathura Road,28.592341,77.262618,4.98,47.45,100.0,15.6,7.81,61.4,Low
RRA-04254,2025-05-31,Bangalore,Whitefield Ward,Whitefield Main Road,12.966975,77.756727,19.26,64.14,1505.5,9.0,13.73,34.76,Medium
RRA-04255,2025-12-03,Delhi,Nizamuddin Ward,Mathura Road,28.592199,77.249164,10.45,45.35,1034.5,15.6,4.44,61.4,Low
RRA-04256,2025-02-25,Bangalore,Electronic City Ward,Hosur Road,12.841645,77.671548,4.66,53.58,2288.6,3.2,5.68,45.63,Low
RRA-04257,2025-09-15,Bangalore,Whitefield Ward,Whitefield Main Road,12.972764,77.758118,16.37,57.45,592.3,9.0,17.3,34.76,Medium
RRA-04258,2025-07-07,Delhi,Azadpur Ward,GT Karnal Road,28.722304,77.165493,36.74,58.91,1493.2,8.5,11.68,55.67,Medium
RRA-04259,2025-08-20,Chennai,Koyambedu Ward,Poonamallee High Road,13.064389,80.187835,11.91,55.55,876.0,2.5,25.89,52.88,Low
RRA-04260,2025-05-13,Delhi,Dwarka Ward,NH48 Highway,28.602664,77.040957,15.45,50.35,1846.7,3.7,11.56,33.75,Low
RRA-04261,2025-05-04,Chennai,Teynampet Ward,Anna Salai,13.043581,80.243208,5.07,47.56,630.3,26.0,12.1,24.53,Medium
RRA-04262,2025-11-01,Chennai,Teynampet Ward,Anna Salai,13.030939,80.23855,35.14,71.1,1958.7,26.0,4.89,24.53,Critical
RRA-04263,2025-06-14,Delhi,Nizamuddin Ward,Mathura Road,28.581043,77.24951,28.37,68.32,1154.8,15.6,15.71,61.4,Medium
RRA-04264,2025-02-10,Mumbai,Malad Ward,Link Road,19.189528,72.843583,13.78,57.29,1481.1,27.8,9.29,34.41,High
RRA-04265,2025-04-02,Pune,Baner Ward,Baner Road,18.556119,73.803481,11.36,54.65,970.8,6.4,5.68,70.82,Low
RRA-04266,2025-01-30,Delhi,Dhaula Kuan Ward,Outer Ring Road,28.588655,77.154466,8.02,45.61,100.0,27.2,7.33,32.72,Medium
RRA-04267,2025-02-17,Delhi,Nangloi Ward,Rohtak Road,28.686327,77.06478,3.28,50.08,1348.2,7.7,16.08,55.52,Low
RRA-04268,2025-03-20,Hyderabad,Uppal Ward,Uppal Road,17.39519,78.559648,5.91,34.95,950.8,22.8,10.14,33.72,Medium
RRA-04269,2025-06-26,Mumbai,Andheri Ward,Western Express Highway,19.116422,72.846185,60.42,68.64,823.6,18.2,7.22,59.23,High
RRA-04270,2025-06-26,Chennai,Teynampet Ward,Anna Salai,13.056921,80.231944,6.1,52.02,1188.4,26.0,28.96,24.53,High
RRA-04271,2025-09-03,Chennai,Koyambedu Ward,Poonamallee High Road,13.072309,80.196406,,60.43,505.1,2.5,5.7,52.88,Low
RRA-04272,2025-09-22,Pune,Bibwewadi Ward,Pune Satara Road,18.480723,73.859223,16.07,48.81,1115.3,27.2,3.89,53.6,Medium
RRA-04273,2025-07-23,Delhi,Dwarka Ward,NH48 Highway,28.602582,77.042586,41.71,77.6,1661.6,3.7,9.56,33.75,Medium
RRA-04274,2025-07-10,Mumbai,Bandra Ward,SV Road,19.062986,72.828454,,82.36,1367.6,13.0,6.09,25.17,High
RRA-04275,2025-12-14,Chennai,Teynampet Ward,Anna Salai,13.032326,80.234589,18.87,48.24,1688.1,26.0,2.21,24.53,High
RRA-04276,2025-11-24,Mumbai,Vashi Ward,Sion Panvel Highway,19.068753,72.995177,18.32,59.08,1775.5,15.5,13.98,64.06,Medium
RRA-04277,2025-12-17,Delhi,Nangloi Ward,Rohtak Road,28.681494,77.055417,5.44,57.41,1397.1,7.7,13.93,55.52,Low
RRA-04278,2025-11-23,Pune,Bibwewadi Ward,Pune Satara Road,18.468401,73.867912,11.07,52.97,2804.9,27.2,33.44,53.6,Critical
RRA-04279,2025-08-02,Delhi,Dwarka Ward,NH48 Highway,28.595056,77.054683,44.35,69.6,776.8,3.7,4.78,33.75,Medium
RRA-04280,2025-12-29,Hyderabad,Hussain Sagar Ward,Tank Bund Road,17.423696,78.476987,9.45,51.98,708.3,22.2,11.39,26.42,Medium
RRA-04281,2025-08-19,Mumbai,Malad Ward,Link Road,19.193856,72.844474,,68.25,1631.2,27.8,15.75,34.41,Critical
RRA-04282,2025-05-07,Hyderabad,Banjara Hills Ward,Banjara Hills Road No 12,17.410126,78.435143,14.31,65.96,1188.9,24.5,10.31,34.45,High
RRA-04283,2025-06-15,Mumbai,Thane Ward,Ghodbunder Road,19.241484,72.971638,70.16,95.25,887.5,18.8,14.48,60.54,Critical
RRA-04284,2025-10-10,Bangalore,Whitefield Ward,Whitefield Main Road,12.970696,77.748784,14.94,47.27,2050.5,9.0,5.97,34.76,Medium
RRA-04285,2025-07-18,Pune,Vadgaon Sheri Ward,Nagar Road,18.553102,73.910844,40.03,64.28,1419.2,27.7,11.83,20.82,Critical
RRA-04286,2025-07-01,Bangalore,Electronic City Ward,Hosur Road,12.84095,77.651118,35.44,72.72,1694.1,3.2,11.37,45.63,Medium
RRA-04287,2025-03-12,Bangalore,Marathahalli Ward,Outer Ring Road,12.956391,77.697639,4.41,32.63,2131.9,15.6,14.29,54.34,Medium
RRA-04288,2025-06-19,Mumbai,Malad Ward,Link Road,19.195541,72.855111,68.22,89.33,1450.9,27.8,9.64,34.41,Critical
RRA-04289,2025-04-30,Chennai,Tambaram Ward,GST Road,12.935804,80.093774,5.67,50.93,1357.9,27.5,5.79,8.73,High
RRA-04290,2025-03-11,Chennai,Neelankarai Ward,East Coast Road,12.961419,80.24969,6.07,41.93,106.8,26.6,5.44,44.7,Medium
RRA-04291,2025-03-09,Bangalore,Marathahalli Ward,Outer Ring Road,12.959848,77.697042,9.41,44.98,2051.1,15.6,21.17,54.34,Medium
RRA-04292,2025-12-15,Mumbai,Andheri Ward,Western Express Highway,19.109044,72.851439,,41.79,1539.2,18.2,9.6,59.23,Medium
RRA-04293,2025-05-18,Mumbai,Bandra Ward,SV Road,19.063702,72.835022,38.87,71.21,2319.2,13.0,9.96,25.17,High
RRA-04294,2025-11-04,Pune,Katraj Ward,Katraj Dehu Road Bypass,18.467186,73.870842,7.22,56.02,2658.4,27.9,22.2,10.35,Critical
RRA-04295,2025-04-16,Pune,Katraj Ward,Katraj Dehu Road Bypass,18.4553,73.869458,15.32,49.67,2522.1,27.9,17.04,10.35,Critical
RRA-04296,2025-02-22,Mumbai,Thane Ward,Ghodbunder Road,19.247837,72.978951,8.74,50.91,745.4,18.8,22.66,60.54,Medium
RRA-04297,2025-02-21,Delhi,Laxmi Nagar Ward,Vikas Marg,28.628226,77.285264,2.31,44.2,,9.6,4.74,24.48,Low
RRA-04298,2025-03-13,Hyderabad,Uppal Ward,Uppal Road,17.398711,78.570741,10.47,61.53,1278.0,22.8,15.22,33.72,High
RRA-04299,2025-02-09,Chennai,Tambaram Ward,GST Road,12.916062,80.10469,12.21,48.64,1341.3,27.5,10.51,8.73,High
RRA-04300,2025-03-14,Pune,Katraj Ward,Katraj Dehu Road Bypass,18.449014,73.867018,13.48,51.62,2024.9,27.9,8.24,10.35,High
RRA-04301,2025-02-04,Delhi,Azadpur Ward,GT Karnal Road,28.702116,77.175013,7.57,53.78,823.0,8.5,8.67,55.67,Low
RRA-04302,2025-11-11,Bangalore,Peenya Ward,Tumkur Road,13.028342,77.525383,5.37,45.18,2739.5,7.4,20.94,84.46,Medium
RRA-04303,2025-03-28,Mumbai,Vashi Ward,Sion Panvel Highway,19.075131,72.997125,13.33,55.43,2658.2,15.5,11.17,64.06,Medium
RRA-04304,2025-01-14,Bangalore,Bannerghatta Ward,Bannerghatta Road,12.896253,77.603715,3.59,44.16,,27.2,25.58,33.99,High
RRA-04305,2025-12-19,Chennai,Tambaram Ward,GST Road,12.921866,80.084933,19.46,64.62,729.0,27.5,,8.73,High
RRA-04306,2025-12-03,Mumbai,Thane Ward,Ghodbunder Road,19.243882,72.981669,17.87,61.17,1432.7,18.8,10.65,60.54,Medium
RRA-04307,2025-07-12,Hyderabad,Banjara Hills Ward,Banjara Hills Road No 12,17.414098,78.43518,34.79,70.35,380.4,24.5,11.45,34.45,High
RRA-04308,2025-01-21,Bangalore,Bellandur Ward,Sarjapur Road,12.928988,77.69392,24.54,65.32,1171.7,21.0,16.57,33.19,High
RRA-04309,2025-06-11,Bangalore,Marathahalli Ward,Outer Ring Road,12.943875,77.710872,21.95,63.49,1059.7,15.6,13.0,54.34,Medium
RRA-04310,2025-11-09,Bangalore,HAL Ward,Old Airport Road,12.962321,77.64549,12.89,47.86,1249.0,5.6,7.05,58.83,Low
RRA-04311,2025-01-13,Bangalore,Bannerghatta Ward,Bannerghatta Road,12.903659,77.601601,13.59,46.45,506.0,27.2,14.2,33.99,Medium
RRA-04312,2025-05-25,Delhi,Nangloi Ward,Rohtak Road,28.683177,77.058678,18.66,54.62,1445.2,7.7,3.4,55.52,Low
RRA-04313,2025-03-17,Mumbai,Andheri Ward,Western Express Highway,19.117577,72.856184,9.57,44.63,1237.5,18.2,9.16,59.23,Medium
RRA-04314,2025-07-28,Mumbai,Bandra Ward,SV Road,19.059163,72.830739,51.93,65.7,1139.2,13.0,7.43,25.17,High
RRA-04315,2025-03-16,Chennai,Neelankarai Ward,East Coast Road,12.946288,80.249799,8.4,54.6,851.0,26.6,4.93,44.7,Medium
RRA-04316,2025-10-13,Hyderabad,Banjara Hills Ward,Banjara Hills Road No 12,17.415646,78.42561,9.39,59.7,1169.8,24.5,11.3,34.45,Medium
RRA-04317,2025-09-14,Delhi,Azadpur Ward,GT Karnal Road,28.719995,77.166504,17.54,57.25,232.0,8.5,5.2,55.67,Low
RRA-04318,2025-10-30,Hyderabad,Banjara Hills Ward,Banjara Hills Road No 12,17.407306,78.433891,4.92,50.13,1825.8,24.5,12.29,34.45,High
RRA-04319,2025-02-24,Delhi,Dhaula Kuan Ward,Outer Ring Road,28.584555,77.163479,4.69,26.57,2634.7,27.2,11.61,32.72,High
RRA-04320,2025-01-18,Delhi,Dhaula Kuan Ward,Outer Ring Road,28.584673,77.159807,6.74,48.06,1143.1,27.2,4.75,32.72,Medium
RRA-04321,2025-11-08,Delhi,Dhaula Kuan Ward,Outer Ring Road,28.593129,77.155938,18.35,56.5,1656.8,27.2,15.11,32.72,High
RRA-04322,2025-05-23,Mumbai,Vashi Ward,Sion Panvel Highway,19.07857,73.010958,49.29,75.08,2247.1,15.5,18.59,64.06,Critical
RRA-04323,2025-03-31,Mumbai,Bandra Ward,SV Road,19.059025,72.82885,14.03,50.15,379.0,13.0,17.38,25.17,Medium
RRA-04324,2025-06-17,Hyderabad,Uppal Ward,Uppal Road,17.390518,78.55761,25.27,59.53,652.6,22.8,6.81,33.72,Medium
RRA-04325,2025-04-21,Chennai,Sholinganallur Ward,Old Mahabalipuram Road,12.903168,80.228367,6.42,53.39,1807.4,8.9,,46.95,Medium
RRA-04326,2025-12-03,Delhi,Dwarka Ward,NH48 Highway,28.584445,77.045799,10.84,54.55,1236.8,3.7,4.59,33.75,Low
RRA-04327,2025-09-10,Bangalore,Bellandur Ward,Sarjapur Road,12.903603,77.695426,16.83,64.69,1841.2,21.0,17.85,33.19,High
RRA-04328,2025-10-23,Hyderabad,Gachibowli Ward,Outer Ring Road,17.440069,78.370521,16.25,45.43,1407.6,11.2,16.58,21.41,Medium
RRA-04329,2025-10-14,Chennai,Sholinganallur Ward,Old Mahabalipuram Road,12.89973,80.229791,36.73,70.59,1901.5,8.9,10.02,46.95,Medium
RRA-04330,2025-01-23,Hyderabad,Banjara Hills Ward,Banjara Hills Road No 12,17.402775,78.421704,6.69,44.82,171.6,24.5,8.59,34.45,Medium
RRA-04331,2025-01-07,Mumbai,Bandra Ward,SV Road,19.06492,72.821759,7.72,50.19,2130.6,13.0,22.51,25.17,High
RRA-04332,2025-12-04,Bangalore,HAL Ward,Old Airport Road,12.959887,77.65454,8.02,57.0,,5.6,10.49,58.83,Low
RRA-04333,2025-03-07,Hyderabad,Banjara Hills Ward,Banjara Hills Road No 12,17.41885,78.431731,13.46,41.73,652.4,24.5,7.03,34.45,Medium
RRA-04334,2025-04-28,Bangalore,HAL Ward,Old Airport Road,12.96437,77.648526,11.07,45.49,1362.8,5.6,35.19,58.83,Medium
RRA-04335,2025-12-28,Hyderabad,Uppal Ward,Uppal Road,17.405826,78.556792,7.02,49.22,2344.6,22.8,6.39,33.72,High
RRA-04336,2025-10-31,Mumbai,Ghatkopar Ward,LBS Marg,19.079352,72.90157,13.82,52.02,1230.2,8.0,16.41,64.75,Low
RRA-04337,2025-03-27,Chennai,Tambaram Ward,GST Road,12.925282,80.092826,7.97,54.42,1313.0,27.5,6.88,8.73,High
RRA-04338,2025-03-07,Bangalore,Electronic City Ward,Hosur Road,12.835554,77.661308,12.87,52.27,640.8,3.2,10.8,45.63,Low
RRA-04339,2025-12-20,Mumbai,Vashi Ward,Sion Panvel Highway,19.080306,73.003577,10.1,45.07,2506.9,15.5,12.31,64.06,Medium
RRA-04340,2025-07-29,Delhi,Laxmi Nagar Ward,Vikas Marg,28.622962,77.255351,38.09,57.08,1691.7,9.6,15.47,24.48,High
RRA-04341,2025-04-01,Bangalore,Peenya Ward,Tumkur Road,13.025555,77.516967,13.67,74.38,1984.9,7.4,7.31,84.46,Low
RRA-04342,2025-04-28,Pune,Baner Ward,Baner Road,18.557693,73.788704,13.67,52.53,1447.6,6.4,6.89,70.82,Low
RRA-04343,2025-09-20,Bangalore,Kengeri Ward,Mysore Road,12.901466,77.48765,14.16,43.18,886.1,10.9,16.28,33.33,Medium
RRA-04344,2025-04-20,Mumbai,Ghatkopar Ward,LBS Marg,19.088792,72.914795,26.23,62.98,2083.0,8.0,14.08,64.75,Medium
RRA-04345,2025-01-20,Hyderabad,Hussain Sagar Ward,Tank Bund Road,17.42648,78.473306,4.36,52.48,1948.0,22.2,15.15,26.42,High
RRA-04346,2025-07-31,Hyderabad,Gachibowli Ward,Outer Ring Road,17.456184,78.370553,43.86,78.12,1137.3,11.2,12.44,21.41,High
RRA-04347,2025-11-02,Hyderabad,Banjara Hills Ward,Banjara Hills Road No 12,17.427986,78.424867,12.39,55.98,304.4,24.5,5.86,34.45,Medium
RRA-04348,2025-02-24,Chennai,Koyambedu Ward,Poonamallee High Road,13.06265,80.190228,5.28,47.59,,2.5,6.21,52.88,Low
RRA-04349,2025-12-07,Hyderabad,Uppal Ward,Uppal Road,17.401546,78.562086,17.7,49.85,1438.1,22.8,10.5,33.72,Medium
RRA-04350,2025-04-24,Delhi,Nizamuddin Ward,Mathura Road,28.586241,77.252173,14.6,57.17,,15.6,,61.4,Medium
RRA-04351,2025-04-01,Hyderabad,Banjara Hills Ward,Banjara Hills Road No 12,17.419593,78.430838,4.58,42.68,1467.6,24.5,14.82,34.45,High
RRA-04352,2025-07-13,Delhi,Laxmi Nagar Ward,Vikas Marg,28.636159,77.277787,42.47,78.27,1559.2,9.6,17.06,24.48,High
RRA-04353,2025-10-03,Chennai,Neelankarai Ward,East Coast Road,12.976868,80.255891,31.62,68.02,,26.6,16.22,44.7,Critical
RRA-04354,2025-10-24,Delhi,Azadpur Ward,GT Karnal Road,28.706808,77.168489,4.77,,1833.2,8.5,11.84,55.67,Low
RRA-04355,2025-12-24,Chennai,Teynampet Ward,Anna Salai,13.035275,80.241215,15.09,44.78,2581.8,26.0,13.17,24.53,Critical
RRA-04356,2025-07-26,Bangalore,Marathahalli Ward,Outer Ring Road,12.955151,77.704362,45.47,74.69,1329.8,15.6,13.83,54.34,High
RRA-04357,2025-02-09,Mumbai,Thane Ward,Ghodbunder Road,19.236679,72.987273,12.85,46.7,818.6,18.8,7.44,60.54,Low
RRA-04358,2025-10-22,Mumbai,Thane Ward,Ghodbunder Road,19.232307,72.985372,15.68,54.99,1965.9,18.8,,60.54,Medium
RRA-04359,2025-10-04,Chennai,Sholinganallur Ward,Old Mahabalipuram Road,12.907595,80.233404,33.43,59.76,2069.0,8.9,8.47,46.95,Medium
RRA-04360,2025-07-17,Hyderabad,Uppal Ward,Uppal Road,17.397031,78.551735,43.57,58.98,1676.2,22.8,16.97,33.72,Critical
RRA-04361,2025-04-18,Hyderabad,Banjara Hills Ward,Banjara Hills Road No 12,17.414258,78.438975,7.19,43.79,2124.5,24.5,11.44,34.45,High
RRA-04362,2025-10-10,Hyderabad,Uppal Ward,Uppal Road,17.401922,78.554417,9.93,40.07,667.4,22.8,4.6,33.72,Medium
RRA-04363,2025-08-30,Mumbai,Chembur Ward,Eastern Express Highway,19.050293,72.900309,24.62,50.79,400.3,22.7,,49.17,Medium
RRA-04364,2025-10-30,Mumbai,Bandra Ward,SV Road,19.057237,72.82143,11.42,53.54,1425.3,13.0,5.16,25.17,Medium
RRA-04365,2025-05-19,Delhi,Dwarka Ward,NH48 Highway,28.589217,77.059547,17.09,44.91,100.0,3.7,4.95,33.75,Low
RRA-04366,2025-08-23,Mumbai,Chembur Ward,Eastern Express Highway,19.051136,72.900561,34.06,60.96,2695.0,22.7,18.56,49.17,Critical
RRA-04367,2025-02-21,Mumbai,Chembur Ward,Eastern Express Highway,19.051526,72.894378,7.28,54.71,580.4,22.7,,49.17,Medium
RRA-04368,2025-03-17,Mumbai,Thane Ward,Ghodbunder Road,19.230881,72.977763,7.4,41.02,2532.5,18.8,18.58,60.54,High
RRA-04369,2025-07-03,Mumbai,Thane Ward,Ghodbunder Road,19.236284,72.980931,72.26,98.17,1550.1,18.8,5.55,60.54,Critical
RRA-04370,2025-11-30,Hyderabad,Hussain Sagar Ward,Tank Bund Road,17.415047,78.471546,5.09,41.64,1382.5,22.2,23.1,26.42,High
RRA-04371,2025-03-18,Mumbai,Andheri Ward,Western Express Highway,19.128681,72.847396,10.77,51.05,751.6,18.2,11.27,59.23,Medium
RRA-04372,2025-01-31,Chennai,Tambaram Ward,GST Road,12.927435,80.101237,6.88,49.8,532.4,27.5,6.76,8.73,Medium
RRA-04373,2025-05-11,Chennai,Tambaram Ward,GST Road,12.926125,80.088084,4.37,39.83,783.7,27.5,12.45,8.73,Medium
RRA-04374,2025-06-10,Delhi,Azadpur Ward,GT Karnal Road,28.702837,77.171075,28.84,56.46,456.8,8.5,5.61,55.67,Low
RRA-04375,2025-05-23,Mumbai,Ghatkopar Ward,LBS Marg,19.078002,72.895541,48.36,79.17,2355.0,8.0,13.82,64.75,High
RRA-04376,2025-05-13,Delhi,Laxmi Nagar Ward,Vikas Marg,28.61759,77.286857,23.55,61.29,279.6,9.6,15.92,24.48,Medium
RRA-04377,2025-11-07,Bangalore,Bannerghatta Ward,Bannerghatta Road,12.890301,77.601419,7.43,52.16,1407.0,27.2,27.52,33.99,Critical
RRA-04378,2025-03-25,Bangalore,Electronic City Ward,Hosur Road,12.847852,77.667257,5.7,47.07,834.0,3.2,12.8,45.63,Low
RRA-04379,2025-06-23,Bangalore,Whitefield Ward,Whitefield Main Road,12.970468,77.75091,38.18,58.79,148.3,9.0,27.03,34.76,Medium
RRA-04380,2025-09-19,Mumbai,Bandra Ward,SV Road,19.05776,72.838434,18.7,57.29,,13.0,3.47,25.17,Medium
RRA-04381,2025-07-23,Hyderabad,Uppal Ward,Uppal Road,17.409502,78.545962,34.53,59.4,1299.9,22.8,15.36,33.72,High
RRA-04382,2025-06-26,Hyderabad,Gachibowli Ward,Outer Ring Road,17.448081,78.370722,28.32,69.98,1217.2,11.2,17.67,21.41,High
RRA-04383,2025-09-09,Bangalore,Kengeri Ward,Mysore Road,12.914632,77.486757,20.4,60.06,1652.0,10.9,7.07,33.33,Medium
RRA-04384,2025-07-02,Mumbai,Thane Ward,Ghodbunder Road,19.24181,72.975762,63.02,88.24,1384.7,18.8,7.1,60.54,Critical
RRA-04385,2025-02-19,Bangalore,HAL Ward,Old Airport Road,12.955211,77.657025,2.73,42.59,1754.3,5.6,11.83,58.83,Low
RRA-04386,2025-07-24,Bangalore,Electronic City Ward,Hosur Road,12.848006,77.658029,33.21,80.79,573.4,3.2,13.36,45.63,Medium
RRA-04387,2025-04-26,Mumbai,Malad Ward,Link Road,19.198058,72.851179,30.02,59.36,346.1,27.8,6.49,34.41,High
RRA-04388,2025-12-11,Chennai,Teynampet Ward,Anna Salai,13.042051,80.236556,23.15,53.79,3012.1,26.0,30.98,24.53,Critical
RRA-04389,2025-11-27,Mumbai,Thane Ward,Ghodbunder Road,19.242575,72.974904,17.76,54.72,487.1,18.8,5.85,60.54,Low
RRA-04390,2025-11-12,Mumbai,Ghatkopar Ward,LBS Marg,19.082768,72.905017,7.81,53.7,691.6,8.0,10.69,64.75,Low
RRA-04391,2025-08-21,Bangalore,HAL Ward,Old Airport Road,12.953185,77.647975,32.37,64.79,1134.0,5.6,17.68,58.83,Medium
RRA-04392,2025-08-11,Pune,Bibwewadi Ward,Pune Satara Road,18.465193,73.855636,32.55,59.85,856.0,27.2,11.99,53.6,High
RRA-04393,2025-08-20,Mumbai,Bandra Ward,SV Road,19.056725,72.82632,31.13,66.12,2219.3,13.0,24.21,25.17,Critical
RRA-04394,2025-10-27,Hyderabad,Banjara Hills Ward,Banjara Hills Road No 12,17.430783,78.441242,10.45,51.41,2131.6,24.5,31.48,34.45,Critical
RRA-04395,2025-07-17,Delhi,Nangloi Ward,Rohtak Road,28.665558,77.054667,46.82,76.44,1747.6,7.7,7.45,55.52,Medium
RRA-04396,2025-05-29,Pune,Katraj Ward,Katraj Dehu Road Bypass,18.459359,73.870405,32.17,63.15,1626.3,27.9,19.59,10.35,Critical
RRA-04397,2025-01-29,Mumbai,Chembur Ward,Eastern Express Highway,19.052209,72.887773,9.27,58.29,741.8,22.7,16.41,49.17,Medium
RRA-04398,2025-06-14,Mumbai,Vashi Ward,Sion Panvel Highway,19.070438,72.99705,59.48,74.65,2154.2,15.5,13.15,64.06,Critical
RRA-04399,2025-07-19,Delhi,Nangloi Ward,Rohtak Road,28.675838,77.057069,42.62,71.69,2380.4,7.7,28.8,55.52,Critical
RRA-04400,2025-05-08,Mumbai,Bandra Ward,SV Road,19.057946,72.827804,30.45,63.47,2246.6,13.0,14.62,25.17,High
RRA-04401,2025-07-09,Bangalore,Bannerghatta Ward,Bannerghatta Road,12.904828,77.587113,44.47,70.59,850.3,27.2,8.06,33.99,Critical
RRA-04402,2025-02-28,Bangalore,Bannerghatta Ward,Bannerghatta Road,12.899537,77.591448,6.86,38.01,776.9,27.2,28.61,33.99,High
RRA-04403,2025-10-24,Pune,Katraj Ward,Katraj Dehu Road Bypass,18.453236,73.851717,8.09,47.81,551.5,27.9,12.68,10.35,High
RRA-04404,2025-02-26,Mumbai,Thane Ward,Ghodbunder Road,19.237799,72.974789,15.89,51.32,1539.2,18.8,29.15,60.54,High
RRA-04405,2025-08-09,Mumbai,Vashi Ward,Sion Panvel Highway,19.079973,72.993454,69.69,79.57,2180.9,15.5,13.47,64.06,Critical
RRA-04406,2025-10-20,Pune,Bibwewadi Ward,Pune Satara Road,18.46563,73.857931,11.68,46.62,1753.8,27.2,3.45,53.6,Medium
RRA-04407,2025-08-29,Hyderabad,Gachibowli Ward,Outer Ring Road,17.450825,78.385209,30.71,65.17,2324.9,11.2,9.51,21.41,High
RRA-04408,2025-05-26,Hyderabad,Banjara Hills Ward,Banjara Hills Road No 12,17.411564,78.43269,23.33,50.51,1635.3,24.5,7.57,34.45,High
RRA-04409,2025-10-07,Bangalore,Electronic City Ward,Hosur Road,12.843104,77.648889,9.65,52.99,1446.6,3.2,10.42,45.63,Low
RRA-04410,2025-08-03,Mumbai,Thane Ward,Ghodbunder Road,19.258179,72.975805,46.92,74.93,1161.7,18.8,14.28,60.54,High
RRA-04411,2025-05-27,Chennai,Sholinganallur Ward,Old Mahabalipuram Road,12.904157,80.227438,3.3,36.68,2141.9,8.9,10.27,46.95,Low
RRA-04412,2025-04-16,Mumbai,Ghatkopar Ward,LBS Marg,19.085703,72.904331,28.4,54.43,100.0,8.0,6.56,64.75,Low
RRA-04413,2025-03-03,Pune,Vadgaon Sheri Ward,Nagar Road,18.563951,73.916347,5.63,48.45,1347.8,27.7,12.04,20.82,High
RRA-04414,2025-02-13,Bangalore,Kengeri Ward,Mysore Road,12.905381,77.488812,3.47,42.51,967.2,10.9,4.62,33.33,Low
RRA-04415,2025-12-01,Delhi,Azadpur Ward,GT Karnal Road,28.710125,77.170902,5.14,62.69,1372.9,8.5,8.04,55.67,Low
RRA-04416,2025-04-30,Bangalore,Marathahalli Ward,Outer Ring Road,12.963155,77.699782,21.68,55.61,1639.8,15.6,5.01,54.34,Medium
RRA-04417,2025-09-17,Mumbai,Bandra Ward,SV Road,19.064968,72.837369,22.51,55.91,601.5,13.0,12.96,25.17,Medium
RRA-04418,2025-03-16,Mumbai,Ghatkopar Ward,LBS Marg,19.087127,72.905452,20.64,58.51,834.1,8.0,3.4,64.75,Low
RRA-04419,2025-01-15,Bangalore,Electronic City Ward,Hosur Road,12.848297,77.662728,4.69,53.53,1009.3,3.2,16.76,45.63,Low
RRA-04420,2025-03-05,Pune,Katraj Ward,Katraj Dehu Road Bypass,18.454608,73.866424,5.61,47.78,2198.0,27.9,26.5,10.35,Critical
RRA-04421,2025-11-23,Mumbai,Malad Ward,Link Road,19.177732,72.843852,9.29,42.21,425.0,27.8,12.89,34.41,Medium
RRA-04422,2025-07-05,Delhi,Laxmi Nagar Ward,Vikas Marg,28.63117,77.276542,37.07,67.32,421.2,9.6,9.53,24.48,Medium
RRA-04423,2025-04-07,Bangalore,Peenya Ward,Tumkur Road,13.022212,77.520539,4.2,50.73,1230.1,7.4,2.99,84.46,Low
RRA-04424,2025-04-10,Pune,Katraj Ward,Katraj Dehu Road Bypass,18.450119,73.857269,9.56,56.94,2389.8,27.9,3.87,10.35,High
RRA-04425,2025-05-16,Delhi,Nizamuddin Ward,Mathura Road,28.59342,77.251198,16.49,63.08,1340.1,15.6,12.79,61.4,Medium
RRA-04426,2025-03-14,Chennai,Koyambedu Ward,Poonamallee High Road,13.067816,80.199884,4.01,45.03,1645.9,2.5,9.54,52.88,Low
RRA-04427,2025-03-31,Hyderabad,Banjara Hills Ward,Banjara Hills Road No 12,17.413283,78.440667,10.29,57.43,1213.5,24.5,8.49,34.45,Medium
RRA-04428,2025-03-05,Delhi,Nangloi Ward,Rohtak Road,28.678104,77.055563,8.15,56.36,1241.1,7.7,2.62,55.52,Low
RRA-04429,2025-08-29,Bangalore,Bellandur Ward,Sarjapur Road,12.918041,77.684397,22.92,60.21,978.8,21.0,11.52,33.19,High
RRA-04430,2025-01-13,Delhi,Nangloi Ward,Rohtak Road,28.681651,77.056642,5.0,44.22,1659.4,7.7,8.62,55.52,Low
RRA-04431,2025-02-03,Pune,Baner Ward,Baner Road,18.552196,73.789022,7.77,52.06,1169.3,6.4,35.15,70.82,Medium
RRA-04432,2025-03-02,Pune,Bibwewadi Ward,Pune Satara Road,18.470085,73.857486,3.32,36.64,1266.5,27.2,16.04,53.6,Medium
RRA-04433,2025-10-10,Bangalore,Whitefield Ward,Whitefield Main Road,12.970749,77.751877,10.42,52.41,1161.5,9.0,14.08,34.76,Low
RRA-04434,2025-06-30,Bangalore,HAL Ward,Old Airport Road,12.958549,77.642977,30.31,51.79,423.7,5.6,17.48,58.83,Low
RRA-04435,2025-11-07,Delhi,Laxmi Nagar Ward,Vikas Marg,28.635137,77.263876,6.22,43.97,1259.6,9.6,3.95,24.48,Low
RRA-04436,2025-06-22,Bangalore,Bannerghatta Ward,Bannerghatta Road,12.895892,77.596265,,73.44,1734.1,27.2,10.65,33.99,Critical
RRA-04437,2025-01-16,Delhi,Azadpur Ward,GT Karnal Road,28.701975,77.166136,9.91,44.84,2276.5,8.5,22.0,55.67,Medium
RRA-04438,2025-02-13,Delhi,Nangloi Ward,Rohtak Road,28.682204,77.052389,23.79,64.04,,7.7,11.49,55.52,Medium
RRA-04439,2025-09-26,Mumbai,Chembur Ward,Eastern Express Highway,19.04961,72.896647,15.3,58.44,1407.4,22.7,11.65,49.17,High
RRA-04440,2025-02-22,Bangalore,Bellandur Ward,Sarjapur Road,12.910684,77.690165,4.35,52.19,,21.0,8.24,33.19,Medium
RRA-04441,2025-06-12,Delhi,Nangloi Ward,Rohtak Road,28.678667,77.052497,27.27,53.82,1498.3,7.7,24.3,55.52,Medium
RRA-04442,2025-12-26,Chennai,Tambaram Ward,GST Road,12.944192,80.104552,15.23,55.03,2904.9,27.5,15.3,8.73,Critical
RRA-04443,2025-05-06,Chennai,Neelankarai Ward,East Coast Road,12.972422,80.251453,13.25,55.38,,26.6,11.52,44.7,Critical
RRA-04444,2025-12-15,Mumbai,Chembur Ward,Eastern Express Highway,19.051733,72.883799,9.59,47.61,1894.8,22.7,19.84,49.17,High
RRA-04445,2025-08-14,Chennai,Neelankarai Ward,East Coast Road,12.958502,80.270433,20.46,54.68,1618.5,26.6,6.92,44.7,High
RRA-04446,2025-05-23,Pune,Katraj Ward,Katraj Dehu Road Bypass,18.4611,73.860753,,60.09,1761.4,27.9,8.57,10.35,Critical
RRA-04447,2025-07-23,Chennai,Tambaram Ward,GST Road,12.925387,80.099567,5.36,54.43,1247.6,27.5,27.51,8.73,Critical
RRA-04448,2025-07-21,Mumbai,Andheri Ward,Western Express Highway,19.121313,72.840785,55.87,77.84,1427.5,18.2,6.93,59.23,High
RRA-04449,2025-02-14,Chennai,Teynampet Ward,Anna Salai,13.049454,80.242318,21.06,61.28,1048.8,26.0,10.13,24.53,High
RRA-04450,2025-06-20,Mumbai,Andheri Ward,Western Express Highway,19.115621,72.848354,64.72,84.93,1890.5,18.2,5.71,59.23,Critical
RRA-04451,2025-08-29,Pune,Baner Ward,Baner Road,18.563268,73.785199,26.73,71.98,661.6,6.4,13.03,70.82,Low
RRA-04452,2025-11-27,Hyderabad,Uppal Ward,Uppal Road,17.405321,78.563972,18.73,65.22,2080.5,22.8,5.28,33.72,High
RRA-04453,2025-10-13,Chennai,Tambaram Ward,GST Road,12.935259,80.109779,30.88,57.51,1604.4,27.5,7.19,8.73,Critical
RRA-04454,2025-01-01,Delhi,Azadpur Ward,GT Karnal Road,28.714397,77.168722,7.35,57.98,1585.9,8.5,21.76,55.67,Medium
RRA-04455,2025-07-31,Hyderabad,Banjara Hills Ward,Banjara Hills Road No 12,17.421273,78.434276,37.25,64.92,379.1,24.5,12.53,34.45,High
RRA-04456,2025-02-17,Mumbai,Ghatkopar Ward,LBS Marg,19.084291,72.903923,10.55,46.79,1735.8,8.0,,64.75,Low
RRA-04457,2025-04-03,Pune,Vadgaon Sheri Ward,Nagar Road,18.556351,73.911247,6.02,49.17,1274.0,27.7,9.92,20.82,High
RRA-04458,2025-02-14,Mumbai,Thane Ward,Ghodbunder Road,19.252353,72.977471,6.34,39.86,3014.8,18.8,21.39,60.54,High
RRA-04459,2025-08-28,Bangalore,Marathahalli Ward,Outer Ring Road,12.963676,77.711465,26.17,54.51,1441.6,15.6,15.95,54.34,Medium
RRA-04460,2025-02-22,Bangalore,Peenya Ward,Tumkur Road,13.032644,77.524376,4.18,55.89,2364.3,7.4,9.64,84.46,Low
RRA-04461,2025-04-03,Bangalore,Kengeri Ward,Mysore Road,12.901577,77.499448,8.03,62.26,967.5,10.9,16.49,33.33,Medium
RRA-04462,2025-07-24,Pune,Katraj Ward,Katraj Dehu Road Bypass,18.445355,73.8672,37.05,67.8,1061.9,27.9,11.4,10.35,Critical
RRA-04463,2025-05-06,Mumbai,Malad Ward,Link Road,19.195331,72.851995,29.93,72.58,1773.7,27.8,4.56,34.41,Critical
RRA-04464,2025-03-23,Mumbai,Andheri Ward,Western Express Highway,19.12258,72.847324,17.94,59.42,1217.5,18.2,13.84,59.23,Medium
RRA-04465,2025-05-28,Bangalore,Bellandur Ward,Sarjapur Road,12.913153,77.687484,29.98,53.79,1679.7,21.0,13.68,33.19,High
RRA-04466,2025-09-24,Hyderabad,Uppal Ward,Uppal Road,17.404043,78.56037,14.69,53.08,658.4,22.8,9.92,33.72,Medium
RRA-04467,2025-04-02,Mumbai,Bandra Ward,SV Road,19.064038,72.828931,20.03,55.83,807.9,13.0,11.85,25.17,Medium
RRA-04468,2025-07-23,Delhi,Laxmi Nagar Ward,Vikas Marg,28.633848,77.280765,45.89,75.71,1064.6,9.6,13.11,24.48,High
RRA-04469,2025-12-15,Mumbai,Bandra Ward,SV Road,19.064565,72.827946,12.96,48.89,1694.8,13.0,16.35,25.17,Medium
RRA-04470,2025-12-27,Mumbai,Chembur Ward,Eastern Express Highway,19.042515,72.913974,10.07,55.56,1922.3,22.7,4.05,49.17,Medium
RRA-04471,2025-05-01,Bangalore,Peenya Ward,Tumkur Road,13.030708,77.518444,7.97,45.26,1398.8,7.4,11.92,84.46,Low
RRA-04472,2025-04-05,Bangalore,Bellandur Ward,Sarjapur Road,12.919777,77.672399,10.17,53.95,1190.3,21.0,9.63,33.19,Medium
RRA-04473,2025-04-26,Pune,Bibwewadi Ward,Pune Satara Road,18.462419,73.865426,21.02,58.96,1388.4,27.2,15.16,53.6,High
RRA-04474,2025-01-19,Chennai,Koyambedu Ward,Poonamallee High Road,13.074856,80.201557,5.63,57.38,2445.8,2.5,28.32,52.88,Medium
RRA-04475,2025-10-29,Pune,Bibwewadi Ward,Pune Satara Road,18.463269,73.8662,4.53,46.65,,27.2,6.4,53.6,Medium
RRA-04476,2025-08-20,Hyderabad,Uppal Ward,Uppal Road,17.405918,78.552695,51.45,72.13,460.1,22.8,14.55,33.72,High
RRA-04477,2025-04-16,Chennai,Teynampet Ward,Anna Salai,13.033937,80.243089,4.76,46.95,1873.2,26.0,10.14,24.53,High
RRA-04478,2025-09-25,Hyderabad,Banjara Hills Ward,Banjara Hills Road No 12,17.416113,78.438794,,55.48,885.0,24.5,9.31,34.45,Medium
RRA-04479,2025-02-16,Chennai,Neelankarai Ward,East Coast Road,12.968343,80.258438,5.36,53.99,1003.9,26.6,11.43,44.7,Medium
RRA-04480,2025-03-01,Bangalore,HAL Ward,Old Airport Road,12.963673,77.647899,10.35,38.43,867.3,5.6,11.96,58.83,Low
RRA-04481,2025-07-03,Hyderabad,Banjara Hills Ward,Banjara Hills Road No 12,17.408717,78.429758,38.49,68.13,655.4,24.5,10.5,34.45,High
RRA-04482,2025-03-22,Delhi,Dhaula Kuan Ward,Outer Ring Road,28.590945,77.158162,3.88,47.94,942.4,27.2,14.41,32.72,Medium
RRA-04483,2025-09-16,Delhi,Azadpur Ward,GT Karnal Road,28.729884,77.175821,18.71,51.09,,8.5,19.8,55.67,Medium
RRA-04484,2025-08-14,Mumbai,Ghatkopar Ward,LBS Marg,19.088862,72.904173,36.82,68.48,1396.2,8.0,22.84,64.75,Medium
RRA-04485,2025-01-10,Chennai,Teynampet Ward,Anna Salai,13.036499,80.236971,7.01,46.21,786.8,26.0,12.03,24.53,Medium
RRA-04486,2025-10-20,Chennai,Sholinganallur Ward,Old Mahabalipuram Road,12.909985,80.22118,40.62,63.93,994.5,8.9,20.44,46.95,High
RRA-04487,2025-05-24,Mumbai,Ghatkopar Ward,LBS Marg,19.089562,72.917711,43.71,68.4,1768.3,8.0,3.52,64.75,Medium
RRA-04488,2025-12-15,Bangalore,Whitefield Ward,Whitefield Main Road,12.960534,77.753182,6.05,42.94,1058.2,9.0,17.98,34.76,Low
RRA-04489,2025-10-28,Mumbai,Chembur Ward,Eastern Express Highway,19.060928,72.910685,10.17,45.22,972.8,22.7,,49.17,Medium
RRA-04490,2025-12-31,Hyderabad,Uppal Ward,Uppal Road,17.404273,78.560856,12.23,54.59,1552.6,22.8,13.5,33.72,High
RRA-04491,2025-04-12,Bangalore,Bellandur Ward,Sarjapur Road,12.912461,77.68803,,49.09,2235.3,21.0,16.25,33.19,High
RRA-04492,2025-10-07,Mumbai,Vashi Ward,Sion Panvel Highway,19.087505,73.006849,9.01,,1518.4,15.5,5.8,64.06,Low
RRA-04493,2025-03-22,Bangalore,Bellandur Ward,Sarjapur Road,12.909322,77.694161,4.25,57.2,1113.3,21.0,19.77,33.19,Medium
RRA-04494,2025-06-23,Pune,Katraj Ward,Katraj Dehu Road Bypass,18.45487,73.875709,36.28,70.7,969.5,27.9,11.55,10.35,Critical
RRA-04495,2025-10-01,Mumbai,Ghatkopar Ward,LBS Marg,19.093477,72.915561,10.17,50.21,,8.0,6.89,64.75,Low
RRA-04496,2025-04-24,Mumbai,Chembur Ward,Eastern Express Highway,19.050489,72.894942,22.81,60.66,1726.3,22.7,30.44,49.17,Critical
RRA-04497,2025-01-10,Chennai,Koyambedu Ward,Poonamallee High Road,13.069337,80.184939,9.31,60.08,1322.4,2.5,9.79,52.88,Low
RRA-04498,2025-12-29,Delhi,Dwarka Ward,NH48 Highway,28.590652,77.044266,2.44,49.32,964.7,3.7,10.13,33.75,Low
RRA-04499,2025-09-13,Chennai,Tambaram Ward,GST Road,12.933261,80.100825,22.84,65.72,1728.0,27.5,11.26,8.73,Critical
RRA-04500,2025-10-07,Mumbai,Malad Ward,Link Road,19.172954,72.848891,17.06,54.2,779.0,27.8,11.33,34.41,High
RRA-04501,2025-09-12,Mumbai,Andheri Ward,Western Express Highway,19.121686,72.849991,15.95,45.53,823.5,18.2,8.48,59.23,Low
RRA-04502,2025-10-29,Delhi,Nangloi Ward,Rohtak Road,28.68733,77.060131,4.3,55.14,2786.6,7.7,6.94,55.52,Medium
RRA-04503,2025-12-31,Delhi,Laxmi Nagar Ward,Vikas Marg,28.623017,77.278486,4.71,34.94,1293.2,9.6,15.9,24.48,Low
RRA-04504,2025-07-27,Mumbai,Andheri Ward,Western Express Highway,19.116951,72.85164,63.29,90.52,1106.6,18.2,6.5,59.23,High
RRA-04505,2025-11-25,Mumbai,Malad Ward,Link Road,19.182558,72.843272,9.55,49.56,739.2,27.8,13.66,34.41,High
RRA-04506,2025-09-29,Chennai,Tambaram Ward,GST Road,12.928111,80.097416,34.49,62.13,1528.8,27.5,10.5,8.73,Critical
RRA-04507,2025-02-24,Chennai,Tambaram Ward,GST Road,12.931493,80.105361,12.42,57.86,1581.4,27.5,15.39,8.73,Critical
RRA-04508,2025-09-07,Delhi,Nizamuddin Ward,Mathura Road,28.583848,77.248398,37.39,64.81,1258.8,15.6,25.57,61.4,High
RRA-04509,2025-03-08,Bangalore,Peenya Ward,Tumkur Road,13.034014,77.529023,3.6,41.29,2099.3,7.4,11.03,84.46,Low
RRA-04510,2025-07-27,Hyderabad,Uppal Ward,Uppal Road,17.407102,78.552581,41.32,63.59,1632.1,22.8,10.46,33.72,Critical
RRA-04511,2025-05-22,Bangalore,HAL Ward,Old Airport Road,12.96943,77.65527,32.55,61.8,1875.0,5.6,11.15,58.83,Medium
RRA-04512,2025-06-26,Bangalore,Whitefield Ward,Whitefield Main Road,12.964678,77.747457,33.94,61.26,917.6,9.0,12.56,34.76,Medium
RRA-04513,2025-09-08,Chennai,Tambaram Ward,GST Road,12.926285,80.096371,18.1,53.26,1144.3,27.5,11.26,8.73,High
RRA-04514,2025-07-19,Delhi,Laxmi Nagar Ward,Vikas Marg,28.620959,77.283437,48.86,75.61,1790.6,9.6,,24.48,Critical
RRA-04515,2025-10-28,Mumbai,Thane Ward,Ghodbunder Road,19.235315,72.977891,12.46,59.13,638.6,18.8,16.48,60.54,Medium
RRA-04516,2025-08-23,Bangalore,Whitefield Ward,Whitefield Main Road,12.965281,77.749318,31.84,63.97,1724.6,9.0,9.32,34.76,Medium
RRA-04517,2025-01-25,Delhi,Nizamuddin Ward,Mathura Road,28.583609,77.248463,24.73,61.78,2337.4,15.6,26.31,61.4,High
RRA-04518,2025-02-10,Bangalore,Whitefield Ward,Whitefield Main Road,12.978348,77.749072,,54.17,661.2,9.0,15.7,34.76,Medium
RRA-04519,2025-12-25,Chennai,Sholinganallur Ward,Old Mahabalipuram Road,12.900942,80.218902,22.1,54.13,1339.1,8.9,8.17,46.95,Medium
RRA-04520,2025-11-04,Chennai,Neelankarai Ward,East Coast Road,12.954484,80.269246,,78.0,492.5,26.6,,44.7,High
RRA-04521,2025-08-08,Delhi,Azadpur Ward,GT Karnal Road,28.708024,77.174312,37.63,76.19,1302.5,8.5,11.23,55.67,Medium
RRA-04522,2025-09-28,Pune,Katraj Ward,Katraj Dehu Road Bypass,18.451237,73.855854,19.23,53.78,1267.8,27.9,9.45,10.35,High
RRA-04523,2025-11-20,Chennai,Sholinganallur Ward,Old Mahabalipuram Road,12.899923,80.230774,30.21,62.98,1252.6,8.9,8.5,46.95,Medium
RRA-04524,2025-05-23,Bangalore,Marathahalli Ward,Outer Ring Road,12.95932,77.707749,19.6,44.15,3015.8,15.6,7.16,54.34,High
RRA-04525,2025-08-22,Chennai,Neelankarai Ward,East Coast Road,12.962852,80.259696,17.25,50.59,1194.5,26.6,7.16,44.7,Medium
RRA-04526,2025-10-03,Delhi,Nangloi Ward,Rohtak Road,28.690949,77.044075,9.17,44.0,1082.2,7.7,12.57,55.52,Low
RRA-04527,2025-12-10,Bangalore,HAL Ward,Old Airport Road,12.958988,77.652632,4.47,42.98,1916.9,5.6,16.79,58.83,Low
RRA-04528,2025-10-29,Mumbai,Ghatkopar Ward,LBS Marg,19.081436,72.902466,10.75,46.76,1388.2,8.0,9.8,64.75,Low
RRA-04529,2025-09-10,Delhi,Nizamuddin Ward,Mathura Road,28.59014,77.257371,24.47,64.64,494.3,15.6,15.7,61.4,Medium
RRA-04530,2025-11-05,Hyderabad,Uppal Ward,Uppal Road,17.408619,78.564942,21.07,55.9,1435.4,22.8,8.01,33.72,High
RRA-04531,2025-12-13,Hyderabad,Banjara Hills Ward,Banjara Hills Road No 12,17.416535,78.429858,4.21,42.42,2391.6,24.5,5.92,34.45,High
RRA-04532,2025-04-12,Bangalore,Bannerghatta Ward,Bannerghatta Road,12.896702,77.59694,5.75,47.46,,27.2,9.57,33.99,Medium
RRA-04533,2025-06-10,Pune,Baner Ward,Baner Road,18.562044,73.7969,32.24,66.9,,6.4,19.33,70.82,Medium
RRA-04534,2025-04-09,Pune,Katraj Ward,Katraj Dehu Road Bypass,18.450915,73.861582,7.72,38.38,535.1,27.9,6.55,10.35,Medium
RRA-04535,2025-07-27,Mumbai,Chembur Ward,Eastern Express Highway,19.052819,72.887581,52.67,72.69,1525.7,22.7,11.21,49.17,Critical
RRA-04536,2025-12-14,Pune,Katraj Ward,Katraj Dehu Road Bypass,18.443791,73.873227,6.44,50.68,1647.1,27.9,4.15,10.35,High
RRA-04537,2025-05-03,Bangalore,HAL Ward,Old Airport Road,12.95871,77.645202,10.88,51.69,1748.8,5.6,5.86,58.83,Low
RRA-04538,2025-09-06,Hyderabad,Gachibowli Ward,Outer Ring Road,17.441781,78.389852,36.9,62.48,1469.6,11.2,20.18,21.41,High
RRA-04539,2025-12-04,Delhi,Azadpur Ward,GT Karnal Road,28.710459,77.183989,8.58,52.96,1777.3,8.5,19.99,55.67,Medium
RRA-04540,2025-01-26,Delhi,Dhaula Kuan Ward,Outer Ring Road,28.592247,77.161488,15.29,58.73,1430.7,27.2,16.3,32.72,High
RRA-04541,2025-12-10,Chennai,Koyambedu Ward,Poonamallee High Road,13.07082,80.188407,19.0,61.85,659.2,2.5,28.01,52.88,Low
RRA-04542,2025-05-05,Chennai,Teynampet Ward,Anna Salai,13.041254,80.234366,5.27,54.35,619.5,26.0,17.08,24.53,Medium
RRA-04543,2025-12-05,Hyderabad,Gachibowli Ward,Outer Ring Road,17.435083,78.377299,7.48,50.02,829.6,11.2,7.38,21.41,Low
RRA-04544,2025-04-16,Hyderabad,Banjara Hills Ward,Banjara Hills Road No 12,17.420786,78.431845,18.84,64.24,1362.1,24.5,8.32,34.45,High
RRA-04545,2025-10-30,Pune,Bibwewadi Ward,Pune Satara Road,18.470216,73.862714,10.19,58.69,984.7,27.2,13.26,53.6,Medium
RRA-04546,2025-04-23,Mumbai,Thane Ward,Ghodbunder Road,19.245919,72.986895,26.01,53.55,3362.8809807665734,18.8,8.73,60.54,Medium
RRA-04547,2025-07-11,Mumbai,Malad Ward,Link Road,19.185458,72.861407,61.63,88.65,719.3,27.8,9.51,34.41,Critical
RRA-04548,2025-09-13,Hyderabad,Hussain Sagar Ward,Tank Bund Road,17.421867,78.472281,24.04,51.24,1183.7,22.2,8.77,26.42,High
RRA-04549,2025-12-27,Bangalore,Whitefield Ward,Whitefield Main Road,12.965479,77.754242,,53.59,2101.1,9.0,6.06,34.76,Medium
RRA-04550,2025-07-31,Delhi,Nangloi Ward,Rohtak Road,28.685425,77.056113,51.44,76.04,3169.6,7.7,24.18,55.52,Critical
RRA-04551,2025-07-09,Delhi,Laxmi Nagar Ward,Vikas Marg,28.640699,77.280024,39.81,67.31,932.2,9.6,14.78,24.48,Medium
RRA-04552,2025-02-08,Delhi,Nizamuddin Ward,Mathura Road,28.593391,77.249541,4.68,48.46,2177.0,15.6,8.82,61.4,Medium
RRA-04553,2025-04-18,Chennai,Teynampet Ward,Anna Salai,13.042884,80.24366,4.91,44.74,2916.6,26.0,19.48,24.53,Critical
RRA-04554,2025-06-08,Bangalore,HAL Ward,Old Airport Road,12.955775,77.640234,35.25,54.18,1520.3,5.6,9.21,58.83,Medium
RRA-04555,2025-12-04,Delhi,Azadpur Ward,GT Karnal Road,28.69926,77.174649,12.16,49.14,1660.2,8.5,8.72,55.67,Low
RRA-04556,2025-04-29,Chennai,Tambaram Ward,GST Road,12.921476,80.092141,4.53,44.2,100.0,27.5,34.23,8.73,High
RRA-04557,2025-02-20,Bangalore,HAL Ward,Old Airport Road,12.967462,77.650519,3.13,52.56,1281.0,5.6,14.24,58.83,Low
RRA-04558,2025-04-01,Bangalore,Bannerghatta Ward,Bannerghatta Road,12.897118,77.586544,6.35,47.57,2458.5,27.2,26.89,33.99,Critical
RRA-04559,2025-05-30,Chennai,Sholinganallur Ward,Old Mahabalipuram Road,12.896695,80.232122,9.31,53.59,2481.3,8.9,8.68,46.95,Medium
RRA-04560,2025-07-04,Mumbai,Malad Ward,Link Road,19.180552,72.849438,59.84,81.0,1439.0,27.8,6.18,34.41,Critical
RRA-04561,2025-06-23,Bangalore,Kengeri Ward,Mysore Road,12.914838,77.48284,27.52,62.35,548.9,10.9,8.74,33.33,Medium
RRA-04562,2025-10-27,Chennai,Tambaram Ward,GST Road,12.924439,80.101046,32.44,49.04,100.0,27.5,21.89,8.73,High
RRA-04563,2025-05-28,Hyderabad,Hussain Sagar Ward,Tank Bund Road,17.432358,78.478836,13.42,39.96,825.4,22.2,,26.42,Medium
RRA-04564,2025-12-12,Bangalore,HAL Ward,Old Airport Road,12.955541,77.647185,7.68,61.6,3018.3,5.6,10.75,58.83,Medium
RRA-04565,2025-10-29,Bangalore,Marathahalli Ward,Outer Ring Road,12.958959,77.705191,9.26,29.67,1105.7,15.6,20.78,54.34,Medium
RRA-04566,2025-10-31,Bangalore,Bannerghatta Ward,Bannerghatta Road,12.897546,77.600701,14.43,55.61,934.2,27.2,21.18,33.99,High
RRA-04567,2025-10-22,Delhi,Laxmi Nagar Ward,Vikas Marg,28.625932,77.279194,6.79,46.15,821.2,9.6,7.5,24.48,Low
RRA-04568,2025-11-21,Mumbai,Vashi Ward,Sion Panvel Highway,19.081839,73.000705,12.63,48.26,648.7,15.5,21.95,64.06,Medium
RRA-04569,2025-08-21,Pune,Vadgaon Sheri Ward,Nagar Road,18.564728,73.908821,,60.82,1685.0,27.7,11.05,20.82,Critical
RRA-04570,2025-04-10,Hyderabad,Banjara Hills Ward,Banjara Hills Road No 12,17.414695,78.434394,9.98,47.38,694.0,24.5,5.66,34.45,Medium
RRA-04571,2025-10-21,Delhi,Azadpur Ward,GT Karnal Road,28.717491,77.166735,7.47,36.6,2231.9,8.5,14.9,55.67,Medium
RRA-04572,2025-07-31,Pune,Bibwewadi Ward,Pune Satara Road,18.477456,73.868383,35.28,77.32,1946.2,27.2,6.93,53.6,Critical
RRA-04573,2025-10-26,Mumbai,Thane Ward,Ghodbunder Road,19.238506,72.986589,10.41,55.69,1113.5,18.8,10.12,60.54,Medium
RRA-04574,2025-01-09,Bangalore,Kengeri Ward,Mysore Road,12.900453,77.484672,3.4,33.93,1240.4,10.9,17.74,33.33,Low
RRA-04575,2025-10-23,Delhi,Nizamuddin Ward,Mathura Road,28.593324,77.251092,7.4,52.77,2048.7,15.6,18.51,61.4,Medium
RRA-04576,2025-07-14,Hyderabad,Hussain Sagar Ward,Tank Bund Road,17.417541,78.477202,35.09,68.02,2129.2,22.2,13.7,26.42,Critical
RRA-04577,2025-07-12,Chennai,Tambaram Ward,GST Road,12.927294,80.101149,6.41,42.46,2118.2,27.5,17.87,8.73,Critical
RRA-04578,2025-12-14,Hyderabad,Hussain Sagar Ward,Tank Bund Road,17.425498,78.472267,3.04,50.35,1248.2,22.2,22.96,26.42,High
RRA-04579,2025-06-09,Delhi,Dwarka Ward,NH48 Highway,28.601863,77.052644,26.78,68.81,678.0,3.7,8.12,33.75,Low
RRA-04580,2025-06-21,Hyderabad,Uppal Ward,Uppal Road,17.399388,78.562442,33.33,68.89,646.2,22.8,12.96,33.72,High
RRA-04581,2025-06-08,Bangalore,Whitefield Ward,Whitefield Main Road,12.983039,77.750478,24.51,60.25,3064.5,9.0,15.79,34.76,High
RRA-04582,2025-02-10,Hyderabad,Gachibowli Ward,Outer Ring Road,17.457211,78.382963,7.75,53.37,1756.3,11.2,18.23,21.41,Medium
RRA-04583,2025-06-06,Chennai,Teynampet Ward,Anna Salai,13.028385,80.243673,6.19,53.12,978.7,26.0,20.4,24.53,High
RRA-04584,2025-11-19,Delhi,Nangloi Ward,Rohtak Road,28.676023,77.056171,14.46,54.17,5376.01395811779,7.7,23.65,55.52,Medium
RRA-04585,2025-05-26,Hyderabad,Hussain Sagar Ward,Tank Bund Road,17.425806,78.475015,14.49,59.66,1009.4,22.2,15.36,26.42,High
RRA-04586,2025-09-27,Mumbai,Malad Ward,Link Road,19.181471,72.85865,21.87,58.69,1275.3,27.8,4.0,34.41,High
RRA-04587,2025-04-18,Delhi,Dwarka Ward,NH48 Highway,28.592521,77.042918,13.26,60.27,965.9,3.7,3.8,33.75,Low
RRA-04588,2025-06-17,Chennai,Koyambedu Ward,Poonamallee High Road,13.071916,80.19364,12.26,49.49,1576.3,2.5,,52.88,Low
RRA-04589,2025-10-31,Pune,Bibwewadi Ward,Pune Satara Road,18.466972,73.857858,9.59,48.1,2775.1,27.2,6.36,53.6,High
RRA-04590,2025-12-11,Mumbai,Vashi Ward,Sion Panvel Highway,19.070666,73.007171,6.72,37.69,967.5,15.5,9.6,64.06,Low
RRA-04591,2025-12-14,Bangalore,Kengeri Ward,Mysore Road,12.904135,77.494743,4.42,44.96,1813.5,10.9,,33.33,Medium
RRA-04592,2025-11-02,Chennai,Neelankarai Ward,East Coast Road,12.952422,80.248213,35.99,66.77,572.9,26.6,,44.7,High
RRA-04593,2025-03-16,Bangalore,Peenya Ward,Tumkur Road,13.0414,77.521741,5.1,53.45,1922.0,7.4,10.67,84.46,Low
RRA-04594,2025-06-14,Pune,Bibwewadi Ward,Pune Satara Road,18.475361,73.856164,34.18,79.48,399.7,27.2,7.67,53.6,High
RRA-04595,2025-06-13,Bangalore,Bannerghatta Ward,Bannerghatta Road,12.894668,77.593754,28.05,60.06,2568.5,27.2,6.29,33.99,Critical
RRA-04596,2025-04-25,Delhi,Azadpur Ward,GT Karnal Road,28.726235,77.172596,11.26,52.86,1624.6,8.5,11.55,55.67,Medium
RRA-04597,2025-07-05,Chennai,Sholinganallur Ward,Old Mahabalipuram Road,12.896631,80.233086,8.0,54.88,1813.8,8.9,16.05,46.95,Medium
RRA-04598,2025-01-05,Mumbai,Chembur Ward,Eastern Express Highway,19.051422,72.896056,10.2,44.33,893.0,22.7,12.36,49.17,Medium
RRA-04599,2025-08-30,Bangalore,Peenya Ward,Tumkur Road,13.038322,77.515266,20.17,57.84,1250.9,7.4,12.95,84.46,Low
RRA-04600,2025-11-25,Delhi,Azadpur Ward,GT Karnal Road,28.717882,77.171541,3.65,59.1,1662.7,8.5,5.36,55.67,Low
RRA-04601,2025-02-22,Mumbai,Vashi Ward,Sion Panvel Highway,19.065426,73.002352,9.32,56.7,649.1,15.5,13.45,64.06,Low
RRA-04602,2025-04-12,Delhi,Dwarka Ward,NH48 Highway,28.593042,77.05594,7.3,49.83,1860.5,3.7,4.79,33.75,Low
RRA-04603,2025-12-28,Chennai,Koyambedu Ward,Poonamallee High Road,13.062645,80.18697,13.47,48.92,2098.0,2.5,17.12,52.88,Medium
RRA-04604,2025-12-07,Chennai,Tambaram Ward,GST Road,12.930228,80.096658,21.7,49.59,865.0,27.5,10.11,8.73,High
RRA-04605,2025-01-25,Pune,Bibwewadi Ward,Pune Satara Road,18.486724,73.865691,9.5,46.82,676.9,27.2,18.57,53.6,Medium
RRA-04606,2025-05-14,Mumbai,Thane Ward,Ghodbunder Road,19.256793,72.978506,36.48,79.25,650.1,18.8,13.62,60.54,Medium
RRA-04607,2025-01-09,Pune,Katraj Ward,Katraj Dehu Road Bypass,18.444973,73.858077,5.79,48.33,1825.0,27.9,25.72,10.35,Critical
RRA-04608,2025-11-18,Pune,Vadgaon Sheri Ward,Nagar Road,18.561786,73.904201,4.97,40.62,1525.6,27.7,13.9,20.82,High
RRA-04609,2025-09-20,Mumbai,Vashi Ward,Sion Panvel Highway,19.077125,73.01381,15.61,61.3,1198.3,15.5,9.73,64.06,Medium
RRA-04610,2025-06-04,Delhi,Dwarka Ward,NH48 Highway,28.597143,77.057499,25.74,66.72,1481.0,3.7,6.88,33.75,Medium
RRA-04611,2025-03-03,Delhi,Dhaula Kuan Ward,Outer Ring Road,28.591739,77.166806,2.93,35.33,1594.9,27.2,4.59,32.72,Medium
RRA-04612,2025-05-10,Delhi,Laxmi Nagar Ward,Vikas Marg,28.622862,77.274666,11.64,47.35,2485.9,9.6,4.22,24.48,Medium
RRA-04613,2025-10-01,Pune,Baner Ward,Baner Road,18.547302,73.777598,10.02,50.81,334.0,6.4,20.35,70.82,Low
RRA-04614,2025-04-14,Delhi,Laxmi Nagar Ward,Vikas Marg,28.626633,77.268987,16.6,52.32,601.8,9.6,5.29,24.48,Low
RRA-04615,2025-02-16,Mumbai,Thane Ward,Ghodbunder Road,19.239018,72.973269,6.88,49.61,1612.4,18.8,14.03,60.54,Medium
RRA-04616,2025-09-01,Chennai,Sholinganallur Ward,Old Mahabalipuram Road,12.909388,80.219724,24.54,,2317.3,8.9,9.77,46.95,Medium
RRA-04617,2025-07-21,Pune,Baner Ward,Baner Road,18.571566,73.77864,38.19,64.35,677.8,6.4,9.41,70.82,Low
RRA-04618,2025-06-18,Hyderabad,Hussain Sagar Ward,Tank Bund Road,17.42729,78.478015,38.3,58.33,1605.8,22.2,12.78,26.42,Critical
RRA-04619,2025-10-23,Chennai,Tambaram Ward,GST Road,12.921366,80.110207,36.51,,3026.2,27.5,12.93,8.73,Critical
RRA-04620,2025-12-18,Delhi,Nangloi Ward,Rohtak Road,28.682654,77.05125,13.32,45.38,1609.6,7.7,,55.52,Low
RRA-04621,2025-11-17,Chennai,Teynampet Ward,Anna Salai,13.052312,80.242864,33.0,70.81,1307.2,26.0,10.44,24.53,Critical
RRA-04622,2025-04-13,Mumbai,Vashi Ward,Sion Panvel Highway,19.067674,73.005624,26.65,69.86,2155.4,15.5,21.66,64.06,High
RRA-04623,2025-07-16,Hyderabad,Banjara Hills Ward,Banjara Hills Road No 12,17.415312,78.431297,43.89,70.38,1144.4,24.5,29.85,34.45,Critical
RRA-04624,2025-05-17,Chennai,Sholinganallur Ward,Old Mahabalipuram Road,12.901208,80.216472,3.25,38.65,1256.3,8.9,12.73,46.95,Low
RRA-04625,2025-05-22,Delhi,Dhaula Kuan Ward,Outer Ring Road,28.603888,77.1648,25.05,59.55,1526.6,27.2,17.55,32.72,Critical
RRA-04626,2025-09-18,Bangalore,Bellandur Ward,Sarjapur Road,12.912745,77.688024,14.36,46.68,2093.9,21.0,7.46,33.19,High
RRA-04627,2025-05-21,Mumbai,Malad Ward,Link Road,19.191782,72.839284,45.33,73.05,1369.2,27.8,14.78,34.41,Critical
RRA-04628,2025-09-07,Hyderabad,Hussain Sagar Ward,Tank Bund Road,17.420224,78.461147,23.56,65.55,396.3,22.2,9.98,26.42,Medium
RRA-04629,2025-09-28,Chennai,Tambaram Ward,GST Road,12.917808,80.101703,,65.61,849.5,27.5,20.85,8.73,Critical
RRA-04630,2025-12-17,Pune,Bibwewadi Ward,Pune Satara Road,18.468085,73.867694,4.99,44.57,2142.0,27.2,7.89,53.6,High
RRA-04631,2025-02-14,Chennai,Neelankarai Ward,East Coast Road,12.969862,80.253972,11.06,,876.6,26.6,8.06,44.7,Medium
RRA-04632,2025-05-17,Bangalore,Bellandur Ward,Sarjapur Road,12.915068,77.688001,13.52,57.5,929.5,21.0,7.07,33.19,Medium
RRA-04633,2025-03-23,Delhi,Azadpur Ward,GT Karnal Road,28.721005,77.18004,4.09,50.25,778.7,8.5,18.25,55.67,Low
RRA-04634,2025-04-26,Bangalore,Bellandur Ward,Sarjapur Road,12.91042,77.678026,8.81,55.77,1889.3,21.0,10.87,33.19,High
RRA-04635,2025-02-12,Bangalore,Whitefield Ward,Whitefield Main Road,12.970931,77.745048,31.14,72.38,2309.6,9.0,13.57,34.76,High
RRA-04636,2025-06-18,Mumbai,Vashi Ward,Sion Panvel Highway,19.066963,73.001476,63.91,84.25,1099.9,15.5,14.94,64.06,High
RRA-04637,2025-11-29,Bangalore,Peenya Ward,Tumkur Road,13.036238,77.521512,14.59,43.22,1506.4,7.4,12.1,84.46,Low
RRA-04638,2025-11-23,Mumbai,Bandra Ward,SV Road,19.053858,72.830657,9.01,31.04,2365.6,13.0,5.66,25.17,Medium
RRA-04639,2025-07-30,Bangalore,Whitefield Ward,Whitefield Main Road,12.969217,77.751247,39.48,64.02,2419.0,9.0,7.86,34.76,High
RRA-04640,2025-07-07,Delhi,Azadpur Ward,GT Karnal Road,28.710125,77.171192,35.65,77.1,1481.0,8.5,17.84,55.67,Medium
RRA-04641,2025-04-23,Bangalore,Marathahalli Ward,Outer Ring Road,12.959783,77.700097,12.44,58.51,1345.5,15.6,8.19,54.34,Medium
RRA-04642,2025-04-16,Bangalore,Kengeri Ward,Mysore Road,12.906834,77.494043,9.21,43.8,653.8,10.9,4.75,33.33,Low
RRA-04643,2025-02-13,Pune,Baner Ward,Baner Road,18.560758,73.774945,4.14,54.41,1319.4,6.4,14.45,70.82,Low
RRA-04644,2025-08-07,Chennai,Koyambedu Ward,Poonamallee High Road,13.07471,80.209058,12.94,48.36,1428.4,2.5,10.64,52.88,Low
RRA-04645,2025-11-21,Bangalore,Kengeri Ward,Mysore Road,12.904034,77.48447,2.74,44.44,688.2,10.9,13.77,33.33,Low
RRA-04646,2025-04-28,Bangalore,Marathahalli Ward,Outer Ring Road,12.959351,77.707542,21.41,65.1,364.3,15.6,12.84,54.34,Medium
RRA-04647,2025-05-15,Pune,Baner Ward,Baner Road,18.564434,73.785933,,56.1,200.5,6.4,8.57,70.82,Low
RRA-04648,2025-03-08,Pune,Baner Ward,Baner Road,18.552155,73.782677,19.0,62.48,741.8,6.4,6.26,70.82,Low
RRA-04649,2025-10-17,Bangalore,HAL Ward,Old Airport Road,12.957964,77.649965,11.82,49.55,2177.5,5.6,13.01,58.83,Medium
RRA-04650,2025-03-08,Pune,Katraj Ward,Katraj Dehu Road Bypass,18.453356,73.859259,6.75,38.67,1056.9,27.9,5.79,10.35,Medium
RRA-04651,2025-08-07,Hyderabad,Uppal Ward,Uppal Road,17.404467,78.57206,42.19,70.65,1359.1,22.8,11.17,33.72,Critical
RRA-04652,2025-08-03,Hyderabad,Banjara Hills Ward,Banjara Hills Road No 12,17.417974,78.431088,36.36,65.57,1503.1,24.5,12.75,34.45,Critical
RRA-04653,2025-08-03,Bangalore,Peenya Ward,Tumkur Road,13.030347,77.52681,33.17,65.56,442.9,7.4,16.16,84.46,Low
RRA-04654,2025-02-28,Bangalore,Kengeri Ward,Mysore Road,12.901716,77.495467,6.81,55.09,2359.5,10.9,17.83,33.33,Medium
RRA-04655,2025-02-22,Bangalore,Marathahalli Ward,Outer Ring Road,12.963452,77.693131,3.86,45.94,2098.4,15.6,5.56,54.34,Medium
RRA-04656,2025-07-01,Delhi,Laxmi Nagar Ward,Vikas Marg,28.633704,77.282195,39.61,68.28,2040.3,9.6,18.98,24.48,High
RRA-04657,2025-01-11,Chennai,Sholinganallur Ward,Old Mahabalipuram Road,12.896618,80.226926,5.1,53.07,601.6,8.9,8.14,46.95,Low
RRA-04658,2025-03-16,Delhi,Nangloi Ward,Rohtak Road,28.681878,77.054502,10.02,45.11,489.1,7.7,16.84,55.52,Low
RRA-04659,2025-09-25,Delhi,Dwarka Ward,NH48 Highway,28.600966,77.054116,11.2,53.32,821.1,3.7,2.69,33.75,Low
RRA-04660,2025-11-12,Hyderabad,Gachibowli Ward,Outer Ring Road,17.439613,78.373902,27.03,56.7,938.9,11.2,18.38,21.41,Medium
RRA-04661,2025-10-22,Mumbai,Vashi Ward,Sion Panvel Highway,19.075585,72.991071,9.88,46.55,1124.3,15.5,22.58,64.06,Medium
RRA-04662,2025-07-23,Bangalore,Whitefield Ward,Whitefield Main Road,12.97123,77.74576,36.83,76.16,701.0,9.0,14.18,34.76,Medium
RRA-04663,2025-07-04,Chennai,Tambaram Ward,GST Road,12.925408,80.096583,11.45,48.68,1006.7,27.5,13.78,8.73,High
RRA-04664,2025-12-28,Bangalore,Bellandur Ward,Sarjapur Road,12.914202,77.680634,15.85,47.99,854.8,21.0,18.33,33.19,Medium
RRA-04665,2025-02-28,Chennai,Koyambedu Ward,Poonamallee High Road,13.067259,80.191077,5.6,44.97,1100.8,2.5,17.72,52.88,Low
RRA-04666,2025-04-21,Chennai,Koyambedu Ward,Poonamallee High Road,13.071333,80.200237,6.74,54.47,1627.4,2.5,8.98,52.88,Low
RRA-04667,2025-11-13,Hyderabad,Banjara Hills Ward,Banjara Hills Road No 12,17.416416,78.427673,4.33,52.43,916.0,24.5,12.65,34.45,Medium
RRA-04668,2025-12-08,Bangalore,Kengeri Ward,Mysore Road,12.917499,77.487847,,27.84,2057.5,10.9,4.56,33.33,Low
RRA-04669,2025-11-18,Mumbai,Bandra Ward,SV Road,19.049627,72.825919,14.29,42.2,100.0,13.0,12.81,25.17,Low
RRA-04670,2025-03-15,Delhi,Nangloi Ward,Rohtak Road,28.683568,77.059013,3.25,47.31,402.1,7.7,9.31,55.52,Low
RRA-04671,2025-09-23,Bangalore,Whitefield Ward,Whitefield Main Road,12.969023,77.748648,13.86,57.73,1049.4,9.0,17.42,34.76,Medium
RRA-04672,2025-09-27,Bangalore,Peenya Ward,Tumkur Road,13.034827,77.519628,12.14,48.15,377.3,7.4,14.14,84.46,Low
RRA-04673,2025-10-09,Delhi,Nangloi Ward,Rohtak Road,28.678304,77.053446,12.29,57.98,1106.8,7.7,10.36,55.52,Low
RRA-04674,2025-02-20,Pune,Katraj Ward,Katraj Dehu Road Bypass,18.440024,73.866896,15.96,46.54,1808.8,27.9,15.74,10.35,Critical
RRA-04675,2025-02-01,Hyderabad,Gachibowli Ward,Outer Ring Road,17.435868,78.377792,10.3,54.9,993.2,11.2,5.47,21.41,Low
RRA-04676,2025-06-02,Delhi,Dwarka Ward,NH48 Highway,28.590523,77.054842,25.19,66.39,2061.6,3.7,11.32,33.75,Medium
RRA-04677,2025-05-21,Hyderabad,Hussain Sagar Ward,Tank Bund Road,17.432797,78.473555,13.14,43.91,1032.6,22.2,7.15,26.42,Medium
RRA-04678,2025-12-21,Hyderabad,Banjara Hills Ward,Banjara Hills Road No 12,17.416718,78.428874,16.61,60.34,702.2,24.5,10.34,34.45,Medium
RRA-04679,2025-01-04,Delhi,Laxmi Nagar Ward,Vikas Marg,28.63314,77.261916,13.21,54.52,,9.6,16.0,24.48,Medium
RRA-04680,2025-02-11,Bangalore,Bellandur Ward,Sarjapur Road,12.907967,77.691261,6.61,52.07,1533.8,21.0,11.6,33.19,Medium
RRA-04681,2025-09-08,Delhi,Dwarka Ward,NH48 Highway,28.584471,77.041933,20.72,45.8,775.5,3.7,16.13,33.75,Low
RRA-04682,2025-09-08,Mumbai,Ghatkopar Ward,LBS Marg,19.091092,72.913632,24.87,,1875.8,8.0,13.95,64.75,Medium
RRA-04683,2025-08-12,Bangalore,Bellandur Ward,Sarjapur Road,12.909771,77.6861,27.49,67.92,2729.4,21.0,11.07,33.19,Critical
RRA-04684,2025-09-06,Delhi,Azadpur Ward,GT Karnal Road,28.716671,77.180734,20.27,59.41,1305.5,8.5,9.14,55.67,Low
RRA-04685,2025-12-19,Hyderabad,Uppal Ward,Uppal Road,17.401376,78.564721,3.37,37.34,496.5,22.8,8.37,33.72,Medium
RRA-04686,2025-07-02,Chennai,Sholinganallur Ward,Old Mahabalipuram Road,12.907225,80.234688,4.6,44.3,1928.9,8.9,15.12,46.95,Medium
RRA-04687,2025-12-02,Bangalore,Kengeri Ward,Mysore Road,12.907648,77.495454,7.78,61.41,1714.7,10.9,18.69,33.33,Medium
RRA-04688,2025-07-25,Hyderabad,Hussain Sagar Ward,Tank Bund Road,17.418503,78.469372,38.55,66.02,925.2,22.2,14.54,26.42,High
RRA-04689,2025-10-26,Mumbai,Chembur Ward,Eastern Express Highway,19.049465,72.902172,7.32,44.37,1576.0,22.7,5.38,49.17,Medium
RRA-04690,2025-01-15,Delhi,Nizamuddin Ward,Mathura Road,28.597484,77.249452,3.7,51.07,1320.0,15.6,5.82,61.4,Low
RRA-04691,2025-01-02,Bangalore,Electronic City Ward,Hosur Road,12.841592,77.662119,3.98,46.04,866.9,3.2,15.44,45.63,Low
RRA-04692,2025-12-09,Delhi,Laxmi Nagar Ward,Vikas Marg,28.638665,77.28201,4.26,47.89,,9.6,5.76,24.48,Medium
RRA-04693,2025-02-05,Mumbai,Vashi Ward,Sion Panvel Highway,19.075338,72.991034,7.77,37.82,770.8,15.5,13.56,64.06,Low
RRA-04694,2025-03-27,Delhi,Azadpur Ward,GT Karnal Road,28.702893,77.174074,,66.0,1154.1,8.5,24.07,55.67,Medium
RRA-04695,2025-06-10,Pune,Vadgaon Sheri Ward,Nagar Road,18.554545,73.904957,42.66,79.16,1893.0,27.7,5.6,20.82,Critical
RRA-04696,2025-07-26,Hyderabad,Gachibowli Ward,Outer Ring Road,17.456299,78.374942,37.47,69.37,1141.5,11.2,19.16,21.41,High
RRA-04697,2025-02-12,Delhi,Nangloi Ward,Rohtak Road,28.680751,77.046675,9.31,58.3,1167.0,7.7,22.48,55.52,Medium
RRA-04698,2025-07-16,Mumbai,Ghatkopar Ward,LBS Marg,19.083179,72.900647,61.27,94.03,914.3,8.0,3.29,64.75,Medium
RRA-04699,2025-04-26,Bangalore,Bellandur Ward,Sarjapur Road,12.914046,77.682504,7.99,41.2,1210.3,21.0,14.15,33.19,Medium
RRA-04700,2025-06-28,Mumbai,Ghatkopar Ward,LBS Marg,19.093006,72.911111,60.37,90.93,1239.0,8.0,6.98,64.75,Medium
RRA-04701,2025-03-17,Mumbai,Thane Ward,Ghodbunder Road,19.246712,72.986729,9.29,46.21,437.3,18.8,9.3,60.54,Low
RRA-04702,2025-08-31,Bangalore,Marathahalli Ward,Outer Ring Road,12.953925,77.705815,19.57,55.7,817.2,15.6,34.34,54.34,High
RRA-04703,2025-02-17,Chennai,Teynampet Ward,Anna Salai,13.041262,80.235635,11.43,43.56,1250.8,26.0,4.38,24.53,Medium
RRA-04704,2025-11-25,Chennai,Tambaram Ward,GST Road,12.928082,80.102654,25.51,67.4,1734.0,27.5,4.58,8.73,Critical
RRA-04705,2025-12-26,Pune,Vadgaon Sheri Ward,Nagar Road,18.566791,73.910941,11.89,50.44,1268.0,27.7,22.36,20.82,High
RRA-04706,2025-12-25,Delhi,Laxmi Nagar Ward,Vikas Marg,28.633408,77.267304,15.95,54.02,779.6,9.6,6.01,24.48,Low
RRA-04707,2025-12-13,Bangalore,Peenya Ward,Tumkur Road,13.037695,77.520271,,46.38,1450.1,7.4,22.48,84.46,Low
RRA-04708,2025-05-02,Delhi,Dhaula Kuan Ward,Outer Ring Road,28.588846,77.162006,9.7,49.36,1342.7,27.2,9.92,32.72,High
RRA-04709,2025-02-07,Bangalore,Electronic City Ward,Hosur Road,12.845288,77.651501,16.53,62.1,1277.5,3.2,10.93,45.63,Low
RRA-04710,2025-04-25,Bangalore,Whitefield Ward,Whitefield Main Road,12.959158,77.750315,19.8,64.39,1294.2,9.0,27.19,34.76,Medium
RRA-04711,2025-10-27,Bangalore,HAL Ward,Old Airport Road,12.955612,77.642023,4.44,51.52,1842.3,5.6,,58.83,Low
RRA-04712,2025-03-28,Pune,Baner Ward,Baner Road,18.563895,73.791744,4.52,43.6,465.3,6.4,22.9,70.82,Low
RRA-04713,2025-08-14,Bangalore,HAL Ward,Old Airport Road,12.963852,77.632867,28.96,66.5,1077.1,5.6,10.79,58.83,Low
RRA-04714,2025-02-03,Hyderabad,Uppal Ward,Uppal Road,17.405291,78.562255,3.28,45.42,891.4,22.8,4.61,33.72,Medium
RRA-04715,2025-04-12,Bangalore,Bannerghatta Ward,Bannerghatta Road,12.900414,77.58458,8.78,61.18,1137.6,27.2,10.33,33.99,High
RRA-04716,2025-07-21,Chennai,Teynampet Ward,Anna Salai,13.041543,80.238768,11.64,39.8,2025.9,26.0,20.05,24.53,Critical
RRA-04717,2025-12-30,Pune,Baner Ward,Baner Road,18.562187,73.774424,5.63,53.8,2196.5,6.4,6.13,70.82,Low
RRA-04718,2025-11-20,Bangalore,Whitefield Ward,Whitefield Main Road,12.966773,77.740881,10.58,61.34,732.8,9.0,15.16,34.76,Low
RRA-04719,2025-01-26,Delhi,Nizamuddin Ward,Mathura Road,28.602057,77.25261,15.7,65.56,1368.5,15.6,15.89,61.4,Medium
RRA-04720,2025-11-19,Pune,Vadgaon Sheri Ward,Nagar Road,18.555462,73.918225,5.9,49.27,1679.0,27.7,11.19,20.82,High
RRA-04721,2025-01-19,Bangalore,Whitefield Ward,Whitefield Main Road,12.963136,77.753268,8.18,41.98,1999.2,9.0,30.65,34.76,Medium
RRA-04722,2025-07-24,Delhi,Nizamuddin Ward,Mathura Road,28.582868,77.249007,37.38,70.33,1823.3,15.6,13.34,61.4,High
RRA-04723,2025-06-25,Delhi,Dhaula Kuan Ward,Outer Ring Road,28.604054,77.167259,41.83,80.94,858.0,27.2,,32.72,Critical
RRA-04724,2025-06-23,Mumbai,Andheri Ward,Western Express Highway,19.122801,72.845602,65.12,86.89,1748.2,18.2,6.67,59.23,Critical
RRA-04725,2025-01-04,Bangalore,Marathahalli Ward,Outer Ring Road,12.954707,77.694726,5.02,58.25,1504.4,15.6,11.79,54.34,Medium
RRA-04726,2025-06-21,Chennai,Sholinganallur Ward,Old Mahabalipuram Road,12.908184,80.229134,10.29,53.23,1586.5,8.9,26.23,46.95,Medium
RRA-04727,2025-02-09,Pune,Bibwewadi Ward,Pune Satara Road,18.469875,73.863024,16.29,47.2,1041.7,27.2,12.6,53.6,High
RRA-04728,2025-05-23,Bangalore,Kengeri Ward,Mysore Road,12.9097,77.479479,19.36,43.25,1414.4,10.9,17.03,33.33,Medium
RRA-04729,2025-07-10,Delhi,Laxmi Nagar Ward,Vikas Marg,28.629338,77.271605,,69.77,2269.2,9.6,23.24,24.48,Critical
RRA-04730,2025-02-15,Pune,Baner Ward,Baner Road,18.561113,73.783707,5.36,46.29,1237.4,6.4,12.73,70.82,Low
RRA-04731,2025-12-17,Bangalore,Peenya Ward,Tumkur Road,13.037031,77.521074,9.97,43.64,1420.3,7.4,3.49,84.46,Low
RRA-04732,2025-10-10,Bangalore,Electronic City Ward,Hosur Road,12.84663,77.661791,8.27,50.38,1631.2,3.2,6.92,45.63,Low
RRA-04733,2025-10-13,Chennai,Tambaram Ward,GST Road,12.917813,80.096532,30.55,59.82,2196.1,27.5,10.95,8.73,Critical
RRA-04734,2025-02-23,Delhi,Dwarka Ward,NH48 Highway,28.59235,77.044707,6.6,46.62,1397.4,3.7,11.21,33.75,Low
RRA-04735,2025-09-06,Bangalore,Bellandur Ward,Sarjapur Road,12.89972,77.683796,24.84,52.98,979.3,21.0,24.09,33.19,High
RRA-04736,2025-11-30,Chennai,Teynampet Ward,Anna Salai,13.050085,80.249259,31.11,63.57,1424.0,26.0,11.44,24.53,Critical
RRA-04737,2025-02-07,Mumbai,Vashi Ward,Sion Panvel Highway,19.06642,73.003487,9.68,44.4,1200.5,15.5,20.65,64.06,Medium
RRA-04738,2025-07-19,Bangalore,Whitefield Ward,Whitefield Main Road,12.983324,77.749633,44.09,62.14,628.0,9.0,11.23,34.76,Medium
RRA-04739,2025-07-07,Chennai,Teynampet Ward,Anna Salai,13.053715,80.251448,8.14,53.63,1456.6,26.0,6.74,24.53,High
RRA-04740,2025-05-14,Pune,Bibwewadi Ward,Pune Satara Road,18.475209,73.870288,24.34,61.6,1593.2,27.2,6.18,53.6,High
RRA-04741,2025-12-29,Bangalore,Peenya Ward,Tumkur Road,13.033515,77.520739,5.67,55.7,1811.2,7.4,16.76,84.46,Low
RRA-04742,2025-03-20,Pune,Vadgaon Sheri Ward,Nagar Road,18.55981,73.908181,10.89,48.8,952.2,27.7,15.51,20.82,High
RRA-04743,2025-10-01,Delhi,Nangloi Ward,Rohtak Road,28.692455,77.052827,8.66,53.86,893.7,7.7,2.0,55.52,Low
RRA-04744,2025-09-09,Pune,Vadgaon Sheri Ward,Nagar Road,18.55741,73.911376,22.58,66.09,1076.9,27.7,6.42,20.82,High
RRA-04745,2025-03-24,Pune,Baner Ward,Baner Road,18.559839,73.780621,,56.54,1218.6,6.4,21.15,70.82,Low
RRA-04746,2025-11-14,Pune,Baner Ward,Baner Road,18.563408,73.782263,14.57,54.99,908.6,6.4,20.91,70.82,Low
RRA-04747,2025-02-16,Mumbai,Andheri Ward,Western Express Highway,19.113295,72.844536,5.65,45.99,1486.4,18.2,11.72,59.23,Medium
RRA-04748,2025-08-02,Mumbai,Malad Ward,Link Road,19.191208,72.850381,,74.7,1533.3,27.8,12.16,34.41,Critical
RRA-04749,2025-05-04,Hyderabad,Hussain Sagar Ward,Tank Bund Road,17.437742,78.470832,6.96,51.71,1404.9,22.2,3.28,26.42,Medium
RRA-04750,2025-05-23,Mumbai,Andheri Ward,Western Express Highway,19.119949,72.849944,42.58,62.65,1372.5,18.2,17.53,59.23,High
RRA-04751,2025-06-15,Pune,Vadgaon Sheri Ward,Nagar Road,18.562825,73.921398,35.24,58.71,1208.4,27.7,7.37,20.82,High
RRA-04752,2025-04-08,Bangalore,Electronic City Ward,Hosur Road,12.85497,77.653595,5.62,58.44,1095.5,3.2,15.58,45.63,Low
RRA-04753,2025-12-23,Hyderabad,Hussain Sagar Ward,Tank Bund Road,17.426199,78.480534,5.82,58.92,1868.7,22.2,18.03,26.42,High
RRA-04754,2025-07-12,Bangalore,Peenya Ward,Tumkur Road,13.034976,77.507822,34.08,68.53,1232.2,7.4,5.48,84.46,Low
RRA-04755,2025-11-12,Chennai,Koyambedu Ward,Poonamallee High Road,13.071983,80.204284,33.17,64.86,2243.6,2.5,12.88,52.88,Medium
RRA-04756,2025-04-22,Chennai,Tambaram Ward,GST Road,12.922197,80.100922,11.9,39.68,754.4,27.5,24.26,8.73,High
RRA-04757,2025-12-01,Delhi,Azadpur Ward,GT Karnal Road,28.709059,77.177807,4.45,35.94,1232.0,8.5,2.72,55.67,Low
RRA-04758,2025-05-06,Chennai,Koyambedu Ward,Poonamallee High Road,13.065144,80.198046,27.75,63.03,1536.6,2.5,10.59,52.88,Medium
RRA-04759,2025-12-17,Pune,Katraj Ward,Katraj Dehu Road Bypass,18.457373,73.875669,,53.19,1546.0,27.9,14.0,10.35,High
RRA-04760,2025-10-17,Delhi,Laxmi Nagar Ward,Vikas Marg,28.630819,77.261379,20.97,61.76,,9.6,28.17,24.48,High
RRA-04761,2025-03-25,Mumbai,Thane Ward,Ghodbunder Road,19.245296,72.97571,17.07,66.99,1669.4,18.8,3.28,60.54,Medium
RRA-04762,2025-09-06,Bangalore,Marathahalli Ward,Outer Ring Road,12.952947,77.707996,24.96,63.62,338.7,15.6,11.7,54.34,Medium
RRA-04763,2025-10-13,Delhi,Nizamuddin Ward,Mathura Road,28.58114,77.262516,10.28,50.64,409.1,15.6,23.88,61.4,Medium
RRA-04764,2025-11-22,Chennai,Sholinganallur Ward,Old Mahabalipuram Road,12.903784,80.226953,26.84,64.55,,8.9,21.93,46.95,Critical
RRA-04765,2025-07-24,Bangalore,Electronic City Ward,Hosur Road,12.846368,77.671942,36.0,70.16,100.0,3.2,16.23,45.63,Low
RRA-04766,2025-01-06,Hyderabad,Gachibowli Ward,Outer Ring Road,17.442247,78.370394,3.05,52.31,1669.8,11.2,13.47,21.41,Medium
RRA-04767,2025-04-28,Hyderabad,Banjara Hills Ward,Banjara Hills Road No 12,17.411206,78.427974,9.42,56.49,1001.1,24.5,8.65,34.45,Medium
RRA-04768,2025-08-24,Mumbai,Chembur Ward,Eastern Express Highway,19.044122,72.892407,37.35,56.78,1588.3,22.7,6.07,49.17,High
RRA-04769,2025-03-13,Mumbai,Vashi Ward,Sion Panvel Highway,19.080774,73.001132,14.41,50.58,1058.1,15.5,5.31,64.06,Low
RRA-04770,2025-05-20,Pune,Bibwewadi Ward,Pune Satara Road,18.468112,73.865375,27.5,53.36,621.3,27.2,9.81,53.6,Medium
RRA-04771,2025-12-20,Pune,Baner Ward,Baner Road,18.555892,73.783695,6.91,54.67,639.1,6.4,10.11,70.82,Low
RRA-04772,2025-12-20,Hyderabad,Hussain Sagar Ward,Tank Bund Road,17.421713,78.478162,16.81,55.94,1133.0,22.2,9.4,26.42,Medium
RRA-04773,2025-10-01,Mumbai,Vashi Ward,Sion Panvel Highway,19.077893,73.006877,15.43,65.78,,15.5,28.75,64.06,High
RRA-04774,2025-07-31,Chennai,Sholinganallur Ward,Old Mahabalipuram Road,12.900061,80.232947,10.14,59.51,2054.5,8.9,24.43,46.95,Medium
RRA-04775,2025-04-05,Pune,Katraj Ward,Katraj Dehu Road Bypass,18.445171,73.878142,11.75,47.45,,27.9,12.55,10.35,High
RRA-04776,2025-08-19,Bangalore,Whitefield Ward,Whitefield Main Road,12.973857,77.74959,27.8,64.99,,9.0,10.05,34.76,Medium
RRA-04777,2025-09-25,Delhi,Dhaula Kuan Ward,Outer Ring Road,28.590245,77.151002,19.36,63.63,1300.9,27.2,16.94,32.72,Critical
RRA-04778,2025-01-14,Mumbai,Vashi Ward,Sion Panvel Highway,19.076465,73.002283,20.55,53.3,1477.1,15.5,8.5,64.06,Medium
RRA-04779,2025-05-26,Chennai,Sholinganallur Ward,Old Mahabalipuram Road,12.902719,80.230456,14.23,49.6,1751.3,8.9,8.95,46.95,Low
RRA-04780,2025-10-02,Mumbai,Bandra Ward,SV Road,19.054008,72.835244,13.34,65.7,2008.1,13.0,15.65,25.17,High
RRA-04781,2025-02-06,Hyderabad,Hussain Sagar Ward,Tank Bund Road,17.424008,78.464066,5.47,48.21,797.6,22.2,19.34,26.42,Medium
RRA-04782,2025-08-04,Chennai,Sholinganallur Ward,Old Mahabalipuram Road,12.906393,80.224508,10.32,48.16,1783.8,8.9,4.42,46.95,Low
RRA-04783,2025-09-08,Pune,Katraj Ward,Katraj Dehu Road Bypass,18.443925,73.865565,15.06,55.06,567.5,27.9,18.72,10.35,High
RRA-04784,2025-05-24,Chennai,Koyambedu Ward,Poonamallee High Road,13.073218,80.206739,3.94,39.33,889.4,2.5,18.87,52.88,Low
RRA-04785,2025-04-30,Mumbai,Bandra Ward,SV Road,19.062404,72.828677,25.99,56.41,1466.3,13.0,24.19,25.17,High
RRA-04786,2025-06-28,Chennai,Neelankarai Ward,East Coast Road,12.957609,80.254455,3.74,51.11,710.8,26.6,10.63,44.7,Medium
RRA-04787,2025-02-10,Pune,Vadgaon Sheri Ward,Nagar Road,18.550604,73.914007,11.36,,1197.7,27.7,14.08,20.82,High
RRA-04788,2025-05-28,Bangalore,HAL Ward,Old Airport Road,12.962759,77.647024,15.58,49.84,220.7,5.6,11.14,58.83,Low
RRA-04789,2025-11-07,Bangalore,Electronic City Ward,Hosur Road,12.842146,77.6492,10.56,57.7,3501.4,3.2,14.31,45.63,Medium
RRA-04790,2025-08-09,Chennai,Tambaram Ward,GST Road,12.930706,80.093925,14.63,,2786.7,27.5,12.03,8.73,Critical
RRA-04791,2025-02-11,Hyderabad,Hussain Sagar Ward,Tank Bund Road,17.416308,78.469614,2.53,49.54,812.0,22.2,16.93,26.42,Medium
RRA-04792,2025-05-28,Mumbai,Ghatkopar Ward,LBS Marg,19.086854,72.905702,47.25,81.29,632.4,8.0,3.56,64.75,Medium
RRA-04793,2025-11-20,Pune,Baner Ward,Baner Road,18.564927,73.782843,4.69,41.91,1239.9,6.4,2.71,70.82,Low
RRA-04794,2025-01-27,Pune,Vadgaon Sheri Ward,Nagar Road,18.557691,73.921024,9.7,52.57,1993.3,27.7,,20.82,High
RRA-04795,2025-01-19,Delhi,Dwarka Ward,NH48 Highway,28.598745,77.053834,23.75,57.13,1324.4,3.7,13.62,33.75,Medium
RRA-04796,2025-02-03,Mumbai,Bandra Ward,SV Road,19.058591,72.826276,5.72,50.8,144.3,13.0,12.24,25.17,Low
RRA-04797,2025-02-21,Delhi,Laxmi Nagar Ward,Vikas Marg,28.625138,77.279855,7.46,44.85,1615.3,9.6,17.47,24.48,Medium
RRA-04798,2025-08-19,Bangalore,Bellandur Ward,Sarjapur Road,12.916088,77.682382,26.58,65.89,1558.6,21.0,8.61,33.19,High
RRA-04799,2025-05-18,Mumbai,Ghatkopar Ward,LBS Marg,19.089609,72.912455,44.17,70.29,2191.7,8.0,6.53,64.75,Medium
RRA-04800,2025-12-30,Mumbai,Vashi Ward,Sion Panvel Highway,19.070776,73.000551,5.13,50.23,801.0,15.5,13.21,64.06,Low
RRA-04801,2025-07-30,Delhi,Azadpur Ward,GT Karnal Road,28.714607,77.17073,36.18,63.93,1167.4,8.5,20.96,55.67,Medium
RRA-04802,2025-02-26,Chennai,Sholinganallur Ward,Old Mahabalipuram Road,12.903251,80.227882,7.9,47.71,2768.4,8.9,11.7,46.95,Medium
RRA-04803,2025-02-20,Bangalore,Marathahalli Ward,Outer Ring Road,12.95868,77.700715,14.33,47.06,1378.3,15.6,7.61,54.34,Medium
RRA-04804,2025-10-18,Mumbai,Bandra Ward,SV Road,19.066874,72.817413,7.05,49.82,1787.0,13.0,4.98,25.17,Medium
RRA-04805,2025-04-05,Mumbai,Chembur Ward,Eastern Express Highway,19.054329,72.901758,11.43,44.28,1564.2,22.7,4.68,49.17,Medium
RRA-04806,2025-10-18,Delhi,Azadpur Ward,GT Karnal Road,28.72632,77.181112,12.46,,2022.4,8.5,4.77,55.67,Low
RRA-04807,2025-12-25,Bangalore,HAL Ward,Old Airport Road,12.952878,77.645966,7.66,37.68,,5.6,9.32,58.83,Low
RRA-04808,2025-12-17,Mumbai,Ghatkopar Ward,LBS Marg,19.080832,72.906868,22.38,56.22,2038.3,8.0,11.62,64.75,Medium
RRA-04809,2025-05-29,Delhi,Nizamuddin Ward,Mathura Road,28.587183,77.244399,17.92,62.58,822.3,15.6,7.57,61.4,Medium
RRA-04810,2025-02-09,Chennai,Teynampet Ward,Anna Salai,13.042131,80.246087,3.13,50.16,1495.0,26.0,7.13,24.53,Medium
RRA-04811,2025-02-27,Hyderabad,Uppal Ward,Uppal Road,17.407444,78.566744,8.16,43.0,3417.1,22.8,8.23,33.72,High
RRA-04812,2025-02-03,Bangalore,Whitefield Ward,Whitefield Main Road,12.96672,77.754239,8.68,44.56,1569.5,9.0,16.82,34.76,Medium
RRA-04813,2025-11-02,Chennai,Tambaram Ward,GST Road,12.918674,80.093161,41.77,62.25,1024.3,27.5,9.93,8.73,Critical
RRA-04814,2025-01-08,Bangalore,HAL Ward,Old Airport Road,12.965885,77.655381,13.1,62.24,1654.6,5.6,8.54,58.83,Low
RRA-04815,2025-11-19,Chennai,Neelankarai Ward,East Coast Road,12.957451,80.260877,41.8,70.86,1029.8,26.6,10.17,44.7,Critical
RRA-04816,2025-05-04,Mumbai,Bandra Ward,SV Road,19.057938,72.826011,35.77,63.61,2109.7,13.0,7.37,25.17,High
RRA-04817,2025-12-27,Bangalore,Electronic City Ward,Hosur Road,12.834589,77.666398,2.71,43.69,784.2,3.2,12.62,45.63,Low
RRA-04818,2025-12-04,Delhi,Azadpur Ward,GT Karnal Road,28.715338,77.182404,9.57,57.27,1002.4,8.5,7.95,55.67,Low
RRA-04819,2025-12-27,Delhi,Dhaula Kuan Ward,Outer Ring Road,28.592093,77.168677,2.59,33.62,1020.2,27.2,16.36,32.72,Medium
RRA-04820,2025-07-15,Hyderabad,Uppal Ward,Uppal Road,17.415587,78.561876,34.72,65.94,,22.8,23.03,33.72,Critical
RRA-04821,2025-11-26,Bangalore,Kengeri Ward,Mysore Road,12.899755,77.482606,8.75,40.34,692.4,10.9,13.5,33.33,Low
RRA-04822,2025-09-16,Pune,Katraj Ward,Katraj Dehu Road Bypass,18.444853,73.866137,16.92,59.37,2770.8,27.9,16.87,10.35,Critical
RRA-04823,2025-05-04,Hyderabad,Banjara Hills Ward,Banjara Hills Road No 12,17.414877,78.442366,14.81,63.52,1110.0,24.5,17.03,34.45,High
RRA-04824,2025-11-19,Chennai,Tambaram Ward,GST Road,12.92979,80.097771,38.59,65.63,2342.1,27.5,6.7,8.73,Critical
RRA-04825,2025-02-23,Bangalore,Electronic City Ward,Hosur Road,12.848296,77.659543,3.73,51.66,996.2,3.2,12.15,45.63,Low
RRA-04826,2025-06-24,Chennai,Teynampet Ward,Anna Salai,13.04628,80.242162,6.63,52.13,1823.1,26.0,4.37,24.53,High
RRA-04827,2025-06-03,Mumbai,Vashi Ward,Sion Panvel Highway,19.072615,72.998612,59.92,71.33,742.2,15.5,15.57,64.06,High
RRA-04828,2025-01-06,Delhi,Nangloi Ward,Rohtak Road,28.679835,77.051811,10.62,,2128.3,7.7,6.06,55.52,Low
RRA-04829,2025-11-27,Mumbai,Vashi Ward,Sion Panvel Highway,19.078173,73.004598,8.3,45.69,1975.3,15.5,9.78,64.06,Medium
RRA-04830,2025-10-26,Chennai,Teynampet Ward,Anna Salai,13.037693,80.249612,31.55,57.72,2394.8,26.0,3.67,24.53,Critical
RRA-04831,2025-01-24,Bangalore,Kengeri Ward,Mysore Road,12.912025,77.484851,10.06,44.43,,10.9,,33.33,Low
RRA-04832,2025-11-26,Pune,Baner Ward,Baner Road,18.556726,73.780321,25.37,62.25,1653.4,6.4,20.41,70.82,Medium
RRA-04833,2025-03-30,Hyderabad,Hussain Sagar Ward,Tank Bund Road,17.405903,78.474901,4.64,41.08,2219.4,22.2,10.55,26.42,High
RRA-04834,2025-08-12,Mumbai,Thane Ward,Ghodbunder Road,19.24411,72.973819,35.32,67.66,2562.8,18.8,12.4,60.54,High
RRA-04835,2025-12-11,Bangalore,HAL Ward,Old Airport Road,12.958744,77.647459,12.14,50.19,323.0,5.6,8.29,58.83,Low
RRA-04836,2025-02-12,Pune,Vadgaon Sheri Ward,Nagar Road,18.543409,73.915466,7.32,40.24,1722.9,27.7,5.26,20.82,High
RRA-04837,2025-04-10,Delhi,Laxmi Nagar Ward,Vikas Marg,28.623372,77.277522,19.46,58.16,1532.5,9.6,5.2,24.48,Medium
RRA-04838,2025-04-14,Chennai,Koyambedu Ward,Poonamallee High Road,13.063939,80.199445,12.2,51.29,1834.7,2.5,12.99,52.88,Low
RRA-04839,2025-02-22,Mumbai,Vashi Ward,Sion Panvel Highway,19.078896,73.001371,16.86,50.08,335.6,15.5,24.1,64.06,Medium
RRA-04840,2025-02-13,Chennai,Teynampet Ward,Anna Salai,13.042554,80.242301,3.09,48.12,376.4,26.0,20.57,24.53,Medium
RRA-04841,2025-07-18,Chennai,Neelankarai Ward,East Coast Road,12.954778,80.260632,,54.59,2346.6,26.6,7.03,44.7,High
RRA-04842,2025-07-12,Mumbai,Andheri Ward,Western Express Highway,19.127504,72.844889,64.02,69.35,1062.3,18.2,10.56,59.23,High
RRA-04843,2025-10-17,Pune,Bibwewadi Ward,Pune Satara Road,18.474972,73.864381,10.68,55.66,2931.8,27.2,,53.6,Critical
RRA-04844,2025-08-23,Mumbai,Ghatkopar Ward,LBS Marg,19.091159,72.907209,27.61,59.88,643.0,8.0,12.55,64.75,Low
RRA-04845,2025-04-09,Chennai,Koyambedu Ward,Poonamallee High Road,13.07098,80.197335,10.59,54.59,4829.221340088555,2.5,11.74,52.88,Low
RRA-04846,2025-07-07,Chennai,Tambaram Ward,GST Road,12.915411,80.091996,8.27,64.91,1801.5,27.5,6.13,8.73,High
RRA-04847,2025-11-04,Pune,Vadgaon Sheri Ward,Nagar Road,18.558588,73.911585,3.55,41.71,,27.7,8.43,20.82,Medium
RRA-04848,2025-03-20,Chennai,Koyambedu Ward,Poonamallee High Road,13.082604,80.192458,8.91,48.69,939.5,2.5,37.72,52.88,Medium
RRA-04849,2025-07-31,Chennai,Teynampet Ward,Anna Salai,13.032786,80.248581,5.71,49.13,1215.1,26.0,12.94,24.53,High
RRA-04850,2025-12-02,Mumbai,Bandra Ward,SV Road,19.068649,72.828014,,55.11,1493.2,13.0,7.59,25.17,Medium
RRA-04851,2025-12-18,Bangalore,HAL Ward,Old Airport Road,12.963212,77.641345,4.58,47.59,518.2,5.6,7.92,58.83,Low
RRA-04852,2025-07-25,Pune,Baner Ward,Baner Road,18.561283,73.796242,41.52,65.93,2589.3,6.4,21.53,70.82,High
RRA-04853,2025-12-13,Chennai,Koyambedu Ward,Poonamallee High Road,13.076788,80.187047,25.12,61.94,462.4,2.5,13.89,52.88,Low
RRA-04854,2025-09-20,Pune,Katraj Ward,Katraj Dehu Road Bypass,18.461348,73.869184,12.73,48.48,1538.3,27.9,11.87,10.35,High
RRA-04855,2025-05-14,Pune,Baner Ward,Baner Road,18.562365,73.780696,17.4,48.31,1982.4,6.4,8.64,70.82,Low
RRA-04856,2025-11-29,Bangalore,HAL Ward,Old Airport Road,12.972495,77.65544,5.61,41.61,657.6,5.6,26.24,58.83,Low
RRA-04857,2025-03-19,Mumbai,Andheri Ward,Western Express Highway,19.118245,72.843721,12.96,46.12,2342.0,18.2,12.02,59.23,Medium
RRA-04858,2025-01-28,Delhi,Nangloi Ward,Rohtak Road,28.672207,77.053935,2.25,53.83,1004.9,7.7,6.14,55.52,Low
RRA-04859,2025-11-27,Hyderabad,Hussain Sagar Ward,Tank Bund Road,17.42641,78.483339,4.9,51.53,742.7,22.2,39.07,26.42,High
RRA-04860,2025-09-03,Mumbai,Andheri Ward,Western Express Highway,19.111062,72.851598,19.86,55.58,474.9,18.2,14.91,59.23,Medium
RRA-04861,2025-09-08,Delhi,Dhaula Kuan Ward,Outer Ring Road,28.590942,77.158335,34.98,66.58,1941.0,27.2,5.96,32.72,Critical
RRA-04862,2025-08-19,Chennai,Tambaram Ward,GST Road,12.906777,80.104077,13.11,54.32,1272.3,27.5,9.46,8.73,High
RRA-04863,2025-02-18,Mumbai,Bandra Ward,SV Road,19.053749,72.824145,11.41,,1903.5,13.0,15.84,25.17,High
RRA-04864,2025-06-18,Mumbai,Malad Ward,Link Road,19.18231,72.847403,61.78,85.54,1325.5,27.8,21.66,34.41,Critical
RRA-04865,2025-11-14,Mumbai,Vashi Ward,Sion Panvel Highway,19.068054,72.991446,6.25,51.1,1453.0,15.5,15.42,64.06,Medium
RRA-04866,2025-02-09,Pune,Vadgaon Sheri Ward,Nagar Road,18.55604,73.911438,4.71,37.25,961.2,27.7,10.39,20.82,Medium
RRA-04867,2025-04-06,Pune,Vadgaon Sheri Ward,Nagar Road,18.551043,73.904036,14.58,49.73,791.7,27.7,6.19,20.82,Medium
RRA-04868,2025-01-07,Chennai,Neelankarai Ward,East Coast Road,12.966568,80.265196,8.39,42.71,926.4,26.6,8.7,44.7,Medium
RRA-04869,2025-01-03,Delhi,Nangloi Ward,Rohtak Road,28.689301,77.057746,10.25,58.12,1969.1,7.7,29.18,55.52,Medium
RRA-04870,2025-11-13,Delhi,Laxmi Nagar Ward,Vikas Marg,28.640378,77.275749,12.58,41.87,1517.9,9.6,7.79,24.48,Medium
RRA-04871,2025-03-15,Mumbai,Malad Ward,Link Road,19.18961,72.860681,19.44,59.09,2277.1,27.8,8.17,34.41,Critical
RRA-04872,2025-08-17,Delhi,Nangloi Ward,Rohtak Road,28.684019,77.061635,33.49,63.22,1112.7,7.7,14.19,55.52,Medium
RRA-04873,2025-07-16,Delhi,Nizamuddin Ward,Mathura Road,28.570304,77.256603,43.39,68.3,1770.4,15.6,18.64,61.4,High
RRA-04874,2025-12-25,Chennai,Sholinganallur Ward,Old Mahabalipuram Road,12.90181,80.225799,13.85,50.73,412.2,8.9,6.06,46.95,Low
RRA-04875,2025-12-16,Chennai,Tambaram Ward,GST Road,12.920552,80.101085,17.25,60.92,1148.4,27.5,6.16,8.73,High
RRA-04876,2025-02-23,Mumbai,Vashi Ward,Sion Panvel Highway,19.082012,73.007806,9.09,51.4,981.1,15.5,31.01,64.06,Medium
RRA-04877,2025-12-23,Bangalore,Whitefield Ward,Whitefield Main Road,12.976307,77.749849,4.15,51.12,1128.2,9.0,4.79,34.76,Low
RRA-04878,2025-10-24,Pune,Bibwewadi Ward,Pune Satara Road,18.468239,73.86438,4.14,45.24,938.2,27.2,4.71,53.6,Medium
RRA-04879,2025-10-06,Chennai,Tambaram Ward,GST Road,12.92306,80.103983,29.95,58.17,1639.6,27.5,7.68,8.73,Critical
RRA-04880,2025-02-28,Mumbai,Vashi Ward,Sion Panvel Highway,19.080561,72.988591,8.02,48.04,2119.3,15.5,21.77,64.06,Medium
RRA-04881,2025-06-16,Mumbai,Vashi Ward,Sion Panvel Highway,19.070164,73.001005,65.96,81.2,1850.1,15.5,19.66,64.06,Critical
RRA-04882,2025-03-11,Hyderabad,Banjara Hills Ward,Banjara Hills Road No 12,17.419391,78.442577,2.77,47.1,965.2,24.5,15.56,34.45,Medium
RRA-04883,2025-01-15,Bangalore,Bellandur Ward,Sarjapur Road,12.911816,77.676207,12.43,53.61,2051.8,21.0,31.96,33.19,Critical
RRA-04884,2025-05-10,Delhi,Nangloi Ward,Rohtak Road,28.687753,77.058319,10.96,50.97,1049.0,7.7,3.88,55.52,Low
RRA-04885,2025-03-08,Bangalore,Kengeri Ward,Mysore Road,12.901559,77.484647,7.45,39.74,1601.0,10.9,11.49,33.33,Medium
RRA-04886,2025-06-03,Mumbai,Malad Ward,Link Road,19.185959,72.855765,54.03,75.81,2068.6,27.8,2.8,34.41,Critical
RRA-04887,2025-05-20,Bangalore,Electronic City Ward,Hosur Road,12.840832,77.656317,31.99,67.91,2531.6,3.2,11.86,45.63,Medium
RRA-04888,2025-09-16,Pune,Katraj Ward,Katraj Dehu Road Bypass,18.454977,73.869149,17.16,70.43,2318.2,27.9,10.95,10.35,Critical
RRA-04889,2025-01-10,Bangalore,Kengeri Ward,Mysore Road,12.910961,77.482561,7.78,51.52,1416.8,10.9,7.05,33.33,Low
RRA-04890,2025-03-29,Pune,Katraj Ward,Katraj Dehu Road Bypass,18.440147,73.866832,10.92,44.13,1485.8,27.9,3.33,10.35,High
RRA-04891,2025-08-29,Bangalore,Bellandur Ward,Sarjapur Road,12.918077,77.682879,23.94,61.28,2309.5,21.0,12.61,33.19,High
RRA-04892,2025-11-15,Bangalore,Peenya Ward,Tumkur Road,13.032476,77.521999,5.51,62.74,1447.1,7.4,10.11,84.46,Low
RRA-04893,2025-08-16,Hyderabad,Gachibowli Ward,Outer Ring Road,17.451373,78.367821,38.84,77.93,1274.6,11.2,11.91,21.41,High
RRA-04894,2025-10-12,Delhi,Nangloi Ward,Rohtak Road,28.679299,77.054677,25.39,61.99,447.8,7.7,14.08,55.52,Low
RRA-04895,2025-07-23,Mumbai,Malad Ward,Link Road,19.176488,72.843788,59.09,81.82,1012.3,27.8,22.74,34.41,Critical
RRA-04896,2025-06-01,Delhi,Nangloi Ward,Rohtak Road,28.679846,77.056791,22.69,66.8,1022.9,7.7,16.41,55.52,Medium
RRA-04897,2025-11-30,Delhi,Nangloi Ward,Rohtak Road,28.666424,77.056025,8.32,60.02,1591.2,7.7,7.55,55.52,Low
RRA-04898,2025-07-30,Bangalore,Kengeri Ward,Mysore Road,12.905726,77.484558,33.78,,342.7,10.9,5.28,33.33,Medium
RRA-04899,2025-12-08,Chennai,Neelankarai Ward,East Coast Road,12.95683,80.257442,26.57,63.53,1168.1,26.6,12.57,44.7,High
RRA-04900,2025-03-10,Delhi,Dwarka Ward,NH48 Highway,28.585724,77.03826,9.67,54.97,603.3,3.7,5.41,33.75,Low
RRA-04901,2025-07-14,Pune,Bibwewadi Ward,Pune Satara Road,18.465489,73.873553,37.11,61.11,791.1,27.2,15.17,53.6,High
RRA-04902,2025-07-15,Chennai,Sholinganallur Ward,Old Mahabalipuram Road,12.898188,80.222279,13.49,58.36,958.7,8.9,7.6,46.95,Low
RRA-04903,2025-02-24,Pune,Vadgaon Sheri Ward,Nagar Road,18.569394,73.910724,7.56,37.28,999.9,27.7,20.72,20.82,High
RRA-04904,2025-12-08,Bangalore,Electronic City Ward,Hosur Road,12.840239,77.655158,5.06,47.43,1545.6,3.2,7.13,45.63,Low
RRA-04905,2025-10-20,Chennai,Sholinganallur Ward,Old Mahabalipuram Road,12.902833,80.227045,36.4,67.4,1719.5,8.9,15.48,46.95,High
RRA-04906,2025-09-24,Delhi,Dhaula Kuan Ward,Outer Ring Road,28.589458,77.163362,12.94,48.34,2191.3,27.2,,32.72,Critical
RRA-04907,2025-12-10,Chennai,Neelankarai Ward,East Coast Road,12.956589,80.251892,20.27,62.54,822.2,26.6,5.6,44.7,Medium
RRA-04908,2025-03-02,Pune,Katraj Ward,Katraj Dehu Road Bypass,18.446933,73.866425,6.94,,1386.8,27.9,7.27,10.35,High
RRA-04909,2025-05-26,Pune,Katraj Ward,Katraj Dehu Road Bypass,18.441839,73.858099,26.31,68.35,1854.0,27.9,9.0,10.35,Critical
RRA-04910,2025-10-24,Bangalore,Bannerghatta Ward,Bannerghatta Road,12.910543,77.58257,15.62,56.84,778.4,27.2,13.92,33.99,High
RRA-04911,2025-04-08,Mumbai,Malad Ward,Link Road,19.184598,72.836826,14.37,51.76,1099.1,27.8,17.7,34.41,High
RRA-04912,2025-03-21,Delhi,Nangloi Ward,Rohtak Road,28.684443,77.044788,7.23,39.21,1098.9,7.7,18.23,55.52,Low
RRA-04913,2025-06-07,Mumbai,Bandra Ward,SV Road,19.050142,72.829803,57.81,82.27,1094.2,13.0,7.15,25.17,High
RRA-04914,2025-07-26,Delhi,Nizamuddin Ward,Mathura Road,28.584419,77.261154,40.25,59.53,1163.1,15.6,15.56,61.4,High
RRA-04915,2025-10-26,Bangalore,Marathahalli Ward,Outer Ring Road,12.965274,77.693242,28.08,67.94,829.5,15.6,10.61,54.34,Medium
RRA-04916,2025-01-06,Hyderabad,Gachibowli Ward,Outer Ring Road,17.447884,78.382578,6.98,49.56,546.0,11.2,10.58,21.41,Low
RRA-04917,2025-12-27,Mumbai,Thane Ward,Ghodbunder Road,19.23641,72.987789,10.88,41.98,1807.6,18.8,8.49,60.54,Medium
RRA-04918,2025-01-31,Bangalore,Bellandur Ward,Sarjapur Road,12.913373,77.680587,8.09,49.9,1465.1,21.0,,33.19,Medium
RRA-04919,2025-01-16,Bangalore,Bannerghatta Ward,Bannerghatta Road,12.89227,77.589824,,41.53,1505.5,27.2,23.27,33.99,High
RRA-04920,2025-06-28,Pune,Vadgaon Sheri Ward,Nagar Road,18.565912,73.914707,40.71,76.18,824.7,27.7,16.91,20.82,Critical
RRA-04921,2025-01-06,Hyderabad,Hussain Sagar Ward,Tank Bund Road,17.425714,78.479673,9.02,58.58,1865.5,22.2,29.39,26.42,Critical
RRA-04922,2025-04-19,Pune,Vadgaon Sheri Ward,Nagar Road,18.550711,73.911231,13.73,54.02,999.2,27.7,13.43,20.82,High
RRA-04923,2025-08-14,Bangalore,Whitefield Ward,Whitefield Main Road,12.962225,77.744814,37.58,69.41,847.5,9.0,12.41,34.76,Medium
RRA-04924,2025-03-29,Bangalore,Kengeri Ward,Mysore Road,12.905812,77.48778,3.48,37.61,1777.2,10.9,8.04,33.33,Low
RRA-04925,2025-03-19,Bangalore,Bannerghatta Ward,Bannerghatta Road,12.901288,77.598003,3.96,48.99,1785.7,27.2,22.54,33.99,High
RRA-04926,2025-03-13,Bangalore,Peenya Ward,Tumkur Road,13.034127,77.522117,2.78,55.64,2232.6,7.4,10.68,84.46,Low
RRA-04927,2025-11-14,Mumbai,Andheri Ward,Western Express Highway,19.110495,72.841768,8.38,45.19,1147.4,18.2,10.69,59.23,Medium
RRA-04928,2025-08-28,Chennai,Koyambedu Ward,Poonamallee High Road,13.078255,80.190159,19.78,73.29,886.2,2.5,15.27,52.88,Low
RRA-04929,2025-02-20,Pune,Katraj Ward,Katraj Dehu Road Bypass,18.460835,73.865626,11.24,51.87,816.7,27.9,9.41,10.35,High
RRA-04930,2025-11-12,Chennai,Tambaram Ward,GST Road,12.923806,80.111155,35.08,67.81,,27.5,10.76,8.73,Critical
RRA-04931,2025-02-16,Pune,Vadgaon Sheri Ward,Nagar Road,18.549234,73.918412,10.45,42.5,1078.8,27.7,16.33,20.82,High
RRA-04932,2025-09-04,Bangalore,Peenya Ward,Tumkur Road,13.036695,77.524759,20.64,45.07,750.5,7.4,10.31,84.46,Low
RRA-04933,2025-12-31,Mumbai,Bandra Ward,SV Road,19.060006,72.81828,35.21,66.12,1198.2,13.0,18.05,25.17,High
RRA-04934,2025-06-25,Hyderabad,Uppal Ward,Uppal Road,17.405392,78.563585,24.92,70.36,2322.6,22.8,11.17,33.72,Critical
RRA-04935,2025-04-22,Bangalore,Electronic City Ward,Hosur Road,12.835865,77.662976,7.29,49.58,585.9,3.2,13.22,45.63,Low
RRA-04936,2025-01-15,Pune,Baner Ward,Baner Road,18.551588,73.781295,6.58,47.1,2017.0,6.4,22.28,70.82,Medium
RRA-04937,2025-10-28,Mumbai,Malad Ward,Link Road,19.174217,72.842353,13.86,55.9,2183.6,27.8,14.52,34.41,Critical
RRA-04938,2025-02-25,Hyderabad,Gachibowli Ward,Outer Ring Road,17.440424,78.377204,16.64,60.44,1736.1,11.2,15.06,21.41,Medium
RRA-04939,2025-09-16,Delhi,Nizamuddin Ward,Mathura Road,28.577264,77.261916,24.99,50.27,879.7,15.6,8.83,61.4,Medium
RRA-04940,2025-06-25,Chennai,Teynampet Ward,Anna Salai,13.049876,80.238656,8.29,55.59,2168.6,26.0,6.88,24.53,High
RRA-04941,2025-03-18,Bangalore,Peenya Ward,Tumkur Road,13.034504,77.522425,6.45,46.95,1250.6,7.4,9.84,84.46,Low
RRA-04942,2025-10-23,Delhi,Laxmi Nagar Ward,Vikas Marg,28.637536,77.27158,7.85,47.32,577.1,9.6,13.51,24.48,Low
RRA-04943,2025-03-09,Hyderabad,Gachibowli Ward,Outer Ring Road,17.446482,78.376757,6.65,48.91,2682.5,11.2,20.81,21.41,High
RRA-04944,2025-06-19,Mumbai,Malad Ward,Link Road,19.184075,72.848866,59.18,80.47,552.5,27.8,4.94,34.41,Critical
RRA-04945,2025-10-02,Mumbai,Bandra Ward,SV Road,19.066512,72.828222,9.1,41.71,1822.1,13.0,18.75,25.17,Medium
RRA-04946,2025-08-19,Chennai,Sholinganallur Ward,Old Mahabalipuram Road,12.893817,80.228151,15.61,58.13,1694.9,8.9,17.03,46.95,Medium
RRA-04947,2025-02-10,Bangalore,Marathahalli Ward,Outer Ring Road,12.954106,77.708079,3.5,56.36,1702.2,15.6,10.96,54.34,Medium
RRA-04948,2025-05-31,Hyderabad,Hussain Sagar Ward,Tank Bund Road,17.427592,78.469897,22.69,62.8,387.0,22.2,20.82,26.42,High
RRA-04949,2025-05-21,Bangalore,Kengeri Ward,Mysore Road,12.90068,77.48294,24.84,59.91,1283.3,10.9,20.43,33.33,Medium
RRA-04950,2025-07-17,Delhi,Nizamuddin Ward,Mathura Road,28.588436,77.25627,37.75,71.06,1476.0,15.6,11.08,61.4,High
RRA-04951,2025-06-13,Mumbai,Malad Ward,Link Road,19.184618,72.851133,58.6,85.26,2361.5,27.8,15.85,34.41,Critical
RRA-04952,2025-04-09,Mumbai,Chembur Ward,Eastern Express Highway,19.051841,72.898929,12.38,53.19,1336.5,22.7,6.08,49.17,Medium
RRA-04953,2025-12-04,Delhi,Nizamuddin Ward,Mathura Road,28.586028,77.261305,9.28,50.05,529.2,15.6,16.64,61.4,Low
RRA-04954,2025-11-27,Delhi,Azadpur Ward,GT Karnal Road,28.711766,77.18075,7.35,44.11,2022.9,8.5,4.21,55.67,Low
RRA-04955,2025-10-31,Mumbai,Bandra Ward,SV Road,19.063991,72.838557,15.14,53.05,2284.4,13.0,8.11,25.17,Medium
RRA-04956,2025-03-23,Bangalore,Electronic City Ward,Hosur Road,12.853574,77.659296,3.93,45.51,2377.5,3.2,21.73,45.63,Medium
RRA-04957,2025-12-18,Mumbai,Thane Ward,Ghodbunder Road,19.236907,72.981869,9.05,44.63,1233.2,18.8,6.75,60.54,Medium
RRA-04958,2025-02-22,Delhi,Dwarka Ward,NH48 Highway,28.601978,77.039399,2.36,33.32,1120.2,3.7,7.36,33.75,Low
RRA-04959,2025-07-15,Bangalore,HAL Ward,Old Airport Road,12.960553,77.645878,35.03,58.99,2650.7,5.6,10.33,58.83,Medium
RRA-04960,2025-01-20,Delhi,Dwarka Ward,NH48 Highway,28.577525,77.041657,17.73,49.41,1213.3,3.7,14.04,33.75,Low
RRA-04961,2025-06-19,Delhi,Azadpur Ward,GT Karnal Road,28.710825,77.179711,33.27,59.69,3500.5,8.5,21.37,55.67,Critical
RRA-04962,2025-08-27,Bangalore,HAL Ward,Old Airport Road,12.958147,77.644666,28.25,65.09,1329.6,5.6,17.36,58.83,Medium
RRA-04963,2025-11-25,Hyderabad,Gachibowli Ward,Outer Ring Road,17.448065,78.389515,9.37,46.89,770.7,11.2,4.94,21.41,Low
RRA-04964,2025-03-12,Chennai,Neelankarai Ward,East Coast Road,12.955086,80.262115,8.12,48.03,1167.4,26.6,20.1,44.7,High
RRA-04965,2025-01-04,Chennai,Sholinganallur Ward,Old Mahabalipuram Road,12.90278,80.22564,4.12,58.11,1237.5,8.9,6.45,46.95,Low
RRA-04966,2025-03-20,Mumbai,Malad Ward,Link Road,19.179803,72.845978,11.53,50.79,663.0,27.8,11.78,34.41,Medium
RRA-04967,2025-12-19,Mumbai,Andheri Ward,Western Express Highway,19.120591,72.84499,9.15,47.18,2163.4,18.2,10.26,59.23,Medium
RRA-04968,2025-07-15,Mumbai,Ghatkopar Ward,LBS Marg,19.097645,72.901303,58.92,83.32,753.5,8.0,9.45,64.75,Medium
RRA-04969,2025-11-11,Pune,Bibwewadi Ward,Pune Satara Road,18.475695,73.853311,4.7,46.72,1613.1,27.2,8.25,53.6,Medium
RRA-04970,2025-05-03,Delhi,Laxmi Nagar Ward,Vikas Marg,28.630257,77.274232,12.57,52.85,1712.3,9.6,10.92,24.48,Medium
RRA-04971,2025-03-27,Delhi,Nangloi Ward,Rohtak Road,28.67985,77.052885,,41.48,2127.5,7.7,11.42,55.52,Low
RRA-04972,2025-10-16,Bangalore,Electronic City Ward,Hosur Road,12.848731,77.664519,6.62,47.72,559.3,3.2,8.52,45.63,Low
RRA-04973,2025-10-21,Mumbai,Ghatkopar Ward,LBS Marg,19.082521,72.910187,7.78,51.76,1324.2,8.0,40.85,64.75,Medium
RRA-04974,2025-03-20,Bangalore,Peenya Ward,Tumkur Road,13.020839,77.524721,23.89,62.68,1081.1,7.4,12.28,84.46,Low
RRA-04975,2025-02-14,Delhi,Nangloi Ward,Rohtak Road,28.690895,77.048146,11.39,46.13,1124.1,7.7,11.88,55.52,Low
RRA-04976,2025-06-17,Mumbai,Bandra Ward,SV Road,19.058724,72.823555,64.44,88.65,1950.1,13.0,9.97,25.17,Critical
RRA-04977,2025-01-28,Delhi,Nizamuddin Ward,Mathura Road,28.593094,77.2489,10.59,46.7,1548.5,15.6,10.21,61.4,Medium
RRA-04978,2025-08-06,Bangalore,Whitefield Ward,Whitefield Main Road,12.972839,77.74904,32.36,73.07,222.9,9.0,23.71,34.76,Medium
RRA-04979,2025-04-05,Bangalore,Bellandur Ward,Sarjapur Road,12.916488,77.689243,6.63,44.61,797.5,21.0,13.95,33.19,Medium
RRA-04980,2025-10-16,Delhi,Azadpur Ward,GT Karnal Road,28.708946,77.174388,8.57,51.48,2291.1,8.5,4.74,55.67,Low
RRA-04981,2025-09-09,Pune,Baner Ward,Baner Road,18.555007,73.787618,24.12,54.63,1698.3,6.4,13.49,70.82,Medium
RRA-04982,2025-12-23,Hyderabad,Banjara Hills Ward,Banjara Hills Road No 12,17.413518,78.435902,4.38,45.82,862.3,24.5,15.15,34.45,Medium
RRA-04983,2025-09-19,Chennai,Teynampet Ward,Anna Salai,13.03664,80.254372,21.58,58.6,2649.8,26.0,12.5,24.53,Critical
RRA-04984,2025-07-15,Pune,Katraj Ward,Katraj Dehu Road Bypass,18.448735,73.855638,46.25,75.28,,27.9,4.36,10.35,High
RRA-04985,2025-10-20,Mumbai,Andheri Ward,Western Express Highway,19.111167,72.84723,13.32,52.49,2157.5,18.2,2.78,59.23,Medium
RRA-04986,2025-08-08,Delhi,Dwarka Ward,NH48 Highway,28.589276,77.055004,38.11,77.41,1036.8,3.7,15.02,33.75,Medium
RRA-04987,2025-07-03,Delhi,Dwarka Ward,NH48 Highway,28.587274,77.04699,41.95,64.95,1136.2,3.7,12.22,33.75,Medium
RRA-04988,2025-12-18,Bangalore,Kengeri Ward,Mysore Road,12.903391,77.496136,2.69,42.56,,10.9,2.0,33.33,Low
RRA-04989,2025-05-30,Mumbai,Vashi Ward,Sion Panvel Highway,19.063926,73.008121,46.84,80.1,1497.8,15.5,7.49,64.06,High
RRA-04990,2025-02-19,Bangalore,Marathahalli Ward,Outer Ring Road,12.95423,77.709496,5.98,54.52,2265.7,15.6,8.96,54.34,Medium
RRA-04991,2025-04-28,Delhi,Azadpur Ward,GT Karnal Road,28.706086,77.175139,16.33,47.24,2202.6,8.5,8.17,55.67,Medium
RRA-04992,2025-11-17,Chennai,Sholinganallur Ward,Old Mahabalipuram Road,12.899179,80.237637,28.91,64.01,1775.4,8.9,12.62,46.95,Medium
RRA-04993,2025-02-27,Chennai,Teynampet Ward,Anna Salai,13.035378,80.245846,14.14,55.14,1383.1,26.0,24.72,24.53,Critical
RRA-04994,2025-02-09,Pune,Katraj Ward,Katraj Dehu Road Bypass,18.441102,73.859968,6.63,49.29,908.2,27.9,12.22,10.35,High
RRA-04995,2025-01-24,Bangalore,Bellandur Ward,Sarjapur Road,12.924399,77.685704,4.0,53.44,748.7,21.0,,33.19,Medium
RRA-04996,2025-06-25,Chennai,Sholinganallur Ward,Old Mahabalipuram Road,12.90093,80.222988,9.51,53.46,1259.3,8.9,20.0,46.95,Medium
RRA-04997,2025-04-16,Chennai,Koyambedu Ward,Poonamallee High Road,13.068069,80.199877,16.52,55.5,1547.8,2.5,9.12,52.88,Low
RRA-04998,2025-06-17,Bangalore,Kengeri Ward,Mysore Road,12.902129,77.485142,26.69,64.14,100.0,10.9,15.02,33.33,Medium
